id,title,statement,requirement_id,slice_id,lifecycle_status,disposition,disposition_reason_ref,superseded_by,introduced_in,retired_in,source_kind,source_span,custom_attributes,last_referenced
AC-001,"**Given** a user with a valid Keycloak account <br> **When** they open ACMP and click ""Sign In"" <br> **Then** they are r","**Given** a user with a valid Keycloak account <br> **When** they open ACMP and click ""Sign In"" <br> **Then** they are redirected to the Keycloak authorization endpoint, authenticate there, and return to ACMP with an authenticated session; no ACMP-managed password is used or stored.",FR-001,SL-004,Approved,,,,1,,,,"{""v1"": {""ID"": ""AC-001"", ""Given / When / Then"": ""**Given** a user with a valid Keycloak account <br> **When** they open ACMP and click \""Sign In\"" <br> **Then** they are redirected to the Keycloak authorization endpoint, authenticate there, and return to ACMP with an authenticated session; no ACMP-managed password is used or stored."", ""Verifies"": ""FR-001, US-001"", ""Phase"": ""PH-1""}}",
AC-002,**Given** a user whose Keycloak token holds a group/realm-role claim mapping to the ACMP `Secretary` role <br> **When** ,**Given** a user whose Keycloak token holds a group/realm-role claim mapping to the ACMP `Secretary` role <br> **When** they complete SSO login <br> **Then** the session assigns the `Secretary` role and all Secretary actions are available; no manual role assignment in ACMP is required.,FR-002,SL-004,Approved,,,,1,,,,"{""v1"": {""ID"": ""AC-002"", ""Given / When / Then"": ""**Given** a user whose Keycloak token holds a group/realm-role claim mapping to the ACMP `Secretary` role <br> **When** they complete SSO login <br> **Then** the session assigns the `Secretary` role and all Secretary actions are available; no manual role assignment in ACMP is required."", ""Verifies"": ""FR-002, FR-018, US-002"", ""Phase"": ""PH-1""}}",
AC-003,**Given** a user whose Keycloak token has no ACMP role claim <br> **When** they complete SSO login <br> **Then** the sys,"**Given** a user whose Keycloak token has no ACMP role claim <br> **When** they complete SSO login <br> **Then** the system denies access or assigns the minimum default role (`Submitter`) per configuration, and an `AuthEvent` is emitted to the audit log.",FR-018,SL-004,Approved,,,,1,,,,"{""v1"": {""ID"": ""AC-003"", ""Given / When / Then"": ""**Given** a user whose Keycloak token has no ACMP role claim <br> **When** they complete SSO login <br> **Then** the system denies access or assigns the minimum default role (`Submitter`) per configuration, and an `AuthEvent` is emitted to the audit log."", ""Verifies"": ""FR-018, US-002"", ""Phase"": ""PH-1""}}",2026-08-15T18:11:17Z
AC-004,**Given** an authenticated user idle beyond the configured session timeout <br> **When** they attempt any protected acti,**Given** an authenticated user idle beyond the configured session timeout <br> **When** they attempt any protected action <br> **Then** they are redirected to Keycloak for re-authentication and their session is terminated; no data is lost from any auto-saved in-progress form.,FR-001,SL-004,Approved,,,,1,,,,"{""v1"": {""ID"": ""AC-004"", ""Given / When / Then"": ""**Given** an authenticated user idle beyond the configured session timeout <br> **When** they attempt any protected action <br> **Then** they are redirected to Keycloak for re-authentication and their session is terminated; no data is lost from any auto-saved in-progress form."", ""Verifies"": ""FR-001, FR-013, US-003"", ""Phase"": ""PH-1""}}",2026-08-13T01:08:27Z
AC-005,"**Given** a user with `Submitter` role <br> **When** they view the application <br> **Then** navigation for triage, agen","**Given** a user with `Submitter` role <br> **When** they view the application <br> **Then** navigation for triage, agenda publishing, meeting scheduling, vote management, decision recording, and chairman approval is not rendered; any direct API call to those endpoints returns HTTP 403.",FR-024,SL-004,Approved,,,,1,,,,"{""v1"": {""ID"": ""AC-005"", ""Given / When / Then"": ""**Given** a user with `Submitter` role <br> **When** they view the application <br> **Then** navigation for triage, agenda publishing, meeting scheduling, vote management, decision recording, and chairman approval is not rendered; any direct API call to those endpoints returns HTTP 403."", ""Verifies"": ""FR-024, US-004"", ""Phase"": ""PH-1""}}",2026-08-13T00:11:10Z
AC-006,"**Given** a user with `Auditor` role <br> **When** they attempt to submit a form that creates or mutates a topic, decisi","**Given** a user with `Auditor` role <br> **When** they attempt to submit a form that creates or mutates a topic, decision, vote, or action <br> **Then** the submit button is not rendered, and any direct POST/PUT/DELETE returns HTTP 403 with an audit event emitted.",FR-024,SL-004,Approved,,,,1,,,,"{""v1"": {""ID"": ""AC-006"", ""Given / When / Then"": ""**Given** a user with `Auditor` role <br> **When** they attempt to submit a form that creates or mutates a topic, decision, vote, or action <br> **Then** the submit button is not rendered, and any direct POST/PUT/DELETE returns HTTP 403 with an audit event emitted."", ""Verifies"": ""FR-024, US-004"", ""Phase"": ""PH-1""}}",2026-08-15T18:11:17Z
AC-007,"**Given** an `Administrator` user <br> **When** they attempt to vote on a topic, approve a decision, or close a vote via","**Given** an `Administrator` user <br> **When** they attempt to vote on a topic, approve a decision, or close a vote via the API <br> **Then** the system returns HTTP 403; platform-admin authority never extends to committee-content actions (SoD-5).",FR-018,SL-004,Approved,,,,1,,,,"{""v1"": {""ID"": ""AC-007"", ""Given / When / Then"": ""**Given** an `Administrator` user <br> **When** they attempt to vote on a topic, approve a decision, or close a vote via the API <br> **Then** the system returns HTTP 403; platform-admin authority never extends to committee-content actions (SoD-5)."", ""Verifies"": ""FR-018"", ""Phase"": ""PH-1""}}",2026-08-13T00:11:10Z
AC-008,**Given** any request to a protected endpoint <br> **When** no valid session token is present <br> **Then** the response,**Given** any request to a protected endpoint <br> **When** no valid session token is present <br> **Then** the response is HTTP 401 and no protected data is returned.,FR-024,SL-004,Approved,,,,1,,,,"{""v1"": {""ID"": ""AC-008"", ""Given / When / Then"": ""**Given** any request to a protected endpoint <br> **When** no valid session token is present <br> **Then** the response is HTTP 401 and no protected data is returned."", ""Verifies"": ""FR-024"", ""Phase"": ""PH-1""}}",
AC-009,**Given** a `Member` assigned as `Owner` on topic TOP-2026-005 <br> **When** they submit an edit to that topic's descrip,"**Given** a `Member` assigned as `Owner` on topic TOP-2026-005 <br> **When** they submit an edit to that topic's description <br> **Then** the edit is accepted; when the same Member edits TOP-2026-006 (where they are not Owner), the API returns HTTP 403.",FR-022,SL-004,Approved,,,,1,,,,"{""v1"": {""ID"": ""AC-009"", ""Given / When / Then"": ""**Given** a `Member` assigned as `Owner` on topic TOP-2026-005 <br> **When** they submit an edit to that topic's description <br> **Then** the edit is accepted; when the same Member edits TOP-2026-006 (where they are not Owner), the API returns HTTP 403."", ""Verifies"": ""FR-022, US-015"", ""Phase"": ""PH-1""}}",2026-08-13T10:27:45Z
AC-010,"**Given** a `Member` whose stream assignment is ""Stream-A"" <br> **When** they attempt to create an action on a topic who","**Given** a `Member` whose stream assignment is ""Stream-A"" <br> **When** they attempt to create an action on a topic whose `AffectedStreams` is exclusively ""Stream-B"" <br> **Then** the API returns HTTP 403 for stream-scope violation and the attempt is emitted to the audit log.",FR-019,SL-004,Approved,,,,1,,,,"{""v1"": {""ID"": ""AC-010"", ""Given / When / Then"": ""**Given** a `Member` whose stream assignment is \""Stream-A\"" <br> **When** they attempt to create an action on a topic whose `AffectedStreams` is exclusively \""Stream-B\"" <br> **Then** the API returns HTTP 403 for stream-scope violation and the attempt is emitted to the audit log."", ""Verifies"": ""FR-019"", ""Phase"": ""PH-1""}}",2026-08-14T14:44:10Z
AC-011,**Given** a `Guest/Presenter` assigned as Presenter on topic TOP-2026-007 for meeting MTG-2026-003 <br> **When** they at,**Given** a `Guest/Presenter` assigned as Presenter on topic TOP-2026-007 for meeting MTG-2026-003 <br> **When** they attempt to access topic TOP-2026-008 or any action outside that meeting scope <br> **Then** the system returns HTTP 403; the presenter relationship is scoped only to the assigned topic and meeting window.,FR-022,SL-004,Approved,,,,1,,,,"{""v1"": {""ID"": ""AC-011"", ""Given / When / Then"": ""**Given** a `Guest/Presenter` assigned as Presenter on topic TOP-2026-007 for meeting MTG-2026-003 <br> **When** they attempt to access topic TOP-2026-008 or any action outside that meeting scope <br> **Then** the system returns HTTP 403; the presenter relationship is scoped only to the assigned topic and meeting window."", ""Verifies"": ""FR-022"", ""Phase"": ""PH-1""}}",2026-08-15T16:32:38Z
AC-012,**Given** Alice owns action ACT-2026-010 and has marked it Completed <br> **When** Alice attempts to mark ACT-2026-010 a,"**Given** Alice owns action ACT-2026-010 and has marked it Completed <br> **When** Alice attempts to mark ACT-2026-010 as Verified <br> **Then** the system returns an error (""Verifier cannot be the action owner""), the action stays Completed, and the denied attempt is audited (SoD-1).",FR-085,SL-008,Approved,,,,1,,,,"{""v1"": {""ID"": ""AC-012"", ""Given / When / Then"": ""**Given** Alice owns action ACT-2026-010 and has marked it Completed <br> **When** Alice attempts to mark ACT-2026-010 as Verified <br> **Then** the system returns an error (\""Verifier cannot be the action owner\""), the action stays Completed, and the denied attempt is audited (SoD-1)."", ""Verifies"": ""FR-085, US-062"", ""Phase"": ""PH-1""}}",
AC-013,"**Given** Bob (Secretary), not the owner of action ACT-2026-010 <br> **When** Bob marks ACT-2026-010 as Verified <br> **","**Given** Bob (Secretary), not the owner of action ACT-2026-010 <br> **When** Bob marks ACT-2026-010 as Verified <br> **Then** the action transitions to Verified, the verification actor and timestamp are recorded, and an `ActionVerified` audit event is emitted (SoD-1 positive).",FR-085,SL-008,Approved,,,,1,,,,"{""v1"": {""ID"": ""AC-013"", ""Given / When / Then"": ""**Given** Bob (Secretary), not the owner of action ACT-2026-010 <br> **When** Bob marks ACT-2026-010 as Verified <br> **Then** the action transitions to Verified, the verification actor and timestamp are recorded, and an `ActionVerified` audit event is emitted (SoD-1 positive)."", ""Verifies"": ""FR-085, US-062"", ""Phase"": ""PH-1""}}",
AC-014,**Given** Secretary Carol is both sole author and approver of MoM MIN-2026-002 <br> **When** Carol approves it <br> **Th,**Given** Secretary Carol is both sole author and approver of MoM MIN-2026-002 <br> **When** Carol approves it <br> **Then** the system allows approval but emits a flagged audit event (`MinutesApprovedBySoleAuthor`) and shows a warning indicator; the MoM transitions to Approved (soft SoD-2).,FR-054,SL-007,Approved,,,,1,,,,"{""v1"": {""ID"": ""AC-014"", ""Given / When / Then"": ""**Given** Secretary Carol is both sole author and approver of MoM MIN-2026-002 <br> **When** Carol approves it <br> **Then** the system allows approval but emits a flagged audit event (`MinutesApprovedBySoleAuthor`) and shows a warning indicator; the MoM transitions to Approved (soft SoD-2)."", ""Verifies"": ""FR-054, US-042"", ""Phase"": ""PH-1""}}",
AC-015,**Given** Chairman Dave attempts to close vote VOTE-2026-004 and record his own override on the same decision without a ,**Given** Chairman Dave attempts to close vote VOTE-2026-004 and record his own override on the same decision without a Secretary or second Member co-attesting the tally <br> **When** the close action is submitted <br> **Then** the system blocks the close and returns an error requiring co-attestation; the vote stays Open (SoD-3).,FR-074,SL-009,Approved,,,,1,,,,"{""v1"": {""ID"": ""AC-015"", ""Given / When / Then"": ""**Given** Chairman Dave attempts to close vote VOTE-2026-004 and record his own override on the same decision without a Secretary or second Member co-attesting the tally <br> **When** the close action is submitted <br> **Then** the system blocks the close and returns an error requiring co-attestation; the vote stays Open (SoD-3)."", ""Verifies"": ""FR-074, FR-075, US-048"", ""Phase"": ""PH-1""}}",
AC-016,**Given** Secretary Eva co-attests the tally for vote VOTE-2026-004 and Chairman Dave records an Override decision <br> ,"**Given** Secretary Eva co-attests the tally for vote VOTE-2026-004 and Chairman Dave records an Override decision <br> **When** the override is submitted <br> **Then** the decision records Dave's override, the mandatory justification, Eva's co-attestation, and the timestamp; the event is `DecisionIssued` with `overrideFlag=true` and the audit entry is immutable.",FR-074,SL-009,Approved,,,,1,,,,"{""v1"": {""ID"": ""AC-016"", ""Given / When / Then"": ""**Given** Secretary Eva co-attests the tally for vote VOTE-2026-004 and Chairman Dave records an Override decision <br> **When** the override is submitted <br> **Then** the decision records Dave's override, the mandatory justification, Eva's co-attestation, and the timestamp; the event is `DecisionIssued` with `overrideFlag=true` and the audit entry is immutable."", ""Verifies"": ""FR-074, US-048"", ""Phase"": ""PH-1""}}",
AC-017,"**Given** a state transition on any governed entity (topic, decision, vote, action, risk, MoM) <br> **When** the transac","**Given** a state transition on any governed entity (topic, decision, vote, action, risk, MoM) <br> **When** the transaction commits <br> **Then** an audit entry is created with entity type, entity ID, action type, actor ID, UTC timestamp, before-state JSON, after-state JSON, and correlation ID, visible to Auditor, Chairman, and Secretary (**not** Administrator — SoD-5, ADR-0027 supersedes the FR-153 role clause).",FR-150,,Superseded,superseded,SC-013,AC-095,1,1,,,"{""v1"": {""ID"": ""AC-017"", ""Given / When / Then"": ""**Given** a state transition on any governed entity (topic, decision, vote, action, risk, MoM) <br> **When** the transaction commits <br> **Then** an audit entry is created with entity type, entity ID, action type, actor ID, UTC timestamp, before-state JSON, after-state JSON, and correlation ID, visible to Auditor, Chairman, and Secretary (**not** Administrator — SoD-5, ADR-0027 supersedes the FR-153 role clause)."", ""Verifies"": ""FR-150, FR-151, US-075"", ""Phase"": ""PH-1""}}",
AC-018,"**Given** an audit log entry exists in the database <br> **When** any party (a DBA acting outside the app, or any API ca","**Given** an audit log entry exists in the database <br> **When** any party (a DBA acting outside the app, or any API call including Administrator) attempts to UPDATE or DELETE that row <br> **Then** the attempt fails via database constraint or application guard; no audit row is ever modified in normal operation.",FR-152,,Superseded,superseded,SC-013,AC-096,1,1,,,"{""v1"": {""ID"": ""AC-018"", ""Given / When / Then"": ""**Given** an audit log entry exists in the database <br> **When** any party (a DBA acting outside the app, or any API call including Administrator) attempts to UPDATE or DELETE that row <br> **Then** the attempt fails via database constraint or application guard; no audit row is ever modified in normal operation."", ""Verifies"": ""FR-152, US-076"", ""Phase"": ""PH-1""}}",
AC-019,**Given** the audit log implements a hash-chain where each entry's hash covers its data plus the previous entry's hash <,"**Given** the audit log implements a hash-chain where each entry's hash covers its data plus the previous entry's hash <br> **When** the Auditor (or Chairman/Secretary; **not** Administrator — SoD-5, ADR-0027) runs the integrity check <br> **Then** the check reports all entries valid, or reports the first broken link and its entry ID if any entry was tampered with.",FR-152,,Superseded,superseded,SC-013,AC-097,1,1,,,"{""v1"": {""ID"": ""AC-019"", ""Given / When / Then"": ""**Given** the audit log implements a hash-chain where each entry's hash covers its data plus the previous entry's hash <br> **When** the Auditor (or Chairman/Secretary; **not** Administrator — SoD-5, ADR-0027) runs the integrity check <br> **Then** the check reports all entries valid, or reports the first broken link and its entry ID if any entry was tampered with."", ""Verifies"": ""FR-152, US-076"", ""Phase"": ""PH-1""}}",
AC-020,"**Given** an Auditor searches the audit log with filters entity_type=""Topic"", actor=""user-42"", date range ""2026-06-01..2","**Given** an Auditor searches the audit log with filters entity_type=""Topic"", actor=""user-42"", date range ""2026-06-01..2026-06-30"" <br> **When** the search runs <br> **Then** paginated results show only matching entries with entity type, ID, action type, actor, and timestamp; a Member or Submitter running the same search receives HTTP 403.",FR-153,,Superseded,superseded,SC-013,AC-098,1,1,,,"{""v1"": {""ID"": ""AC-020"", ""Given / When / Then"": ""**Given** an Auditor searches the audit log with filters entity_type=\""Topic\"", actor=\""user-42\"", date range \""2026-06-01..2026-06-30\"" <br> **When** the search runs <br> **Then** paginated results show only matching entries with entity type, ID, action type, actor, and timestamp; a Member or Submitter running the same search receives HTTP 403."", ""Verifies"": ""FR-153, US-077"", ""Phase"": ""PH-1""}}",
AC-021,"**Given** a Secretary configures vote VOTE-2026-005 with eligible voters {Alice, Bob, Carol}, options {Approve, Reject},","**Given** a Secretary configures vote VOTE-2026-005 with eligible voters {Alice, Bob, Carol}, options {Approve, Reject}, quorum 2, abstention allowed <br> **When** the vote is opened <br> **Then** the configuration locks, only the three eligible voters can cast a ballot, and the vote appears in each voter's notification center with a deep link.",FR-070,SL-009,Approved,,,,1,,,,"{""v1"": {""ID"": ""AC-021"", ""Given / When / Then"": ""**Given** a Secretary configures vote VOTE-2026-005 with eligible voters {Alice, Bob, Carol}, options {Approve, Reject}, quorum 2, abstention allowed <br> **When** the vote is opened <br> **Then** the configuration locks, only the three eligible voters can cast a ballot, and the vote appears in each voter's notification center with a deep link."", ""Verifies"": ""FR-070, US-045"", ""Phase"": ""PH-1""}}",
AC-022,**Given** vote VOTE-2026-005 is Open and Alice has already cast her vote <br> **When** Alice attempts a second ballot <b,"**Given** vote VOTE-2026-005 is Open and Alice has already cast her vote <br> **When** Alice attempts a second ballot <br> **Then** the system rejects it with an error (""You have already voted""); the first ballot is unchanged and the attempt is audited.",FR-072,SL-009,Approved,,,,1,,,,"{""v1"": {""ID"": ""AC-022"", ""Given / When / Then"": ""**Given** vote VOTE-2026-005 is Open and Alice has already cast her vote <br> **When** Alice attempts a second ballot <br> **Then** the system rejects it with an error (\""You have already voted\""); the first ballot is unchanged and the attempt is audited."", ""Verifies"": ""FR-072, US-046"", ""Phase"": ""PH-1""}}",
AC-023,**Given** vote VOTE-2026-005 is Closed <br> **When** the Auditor views the vote record <br> **Then** each eligible voter,"**Given** vote VOTE-2026-005 is Closed <br> **When** the Auditor views the vote record <br> **Then** each eligible voter's individual choice is visible and attributed (not anonymous), aggregate totals are shown, no name is masked, and the tally matches what the Chairman sees.",FR-073,SL-009,Approved,,,,1,,,,"{""v1"": {""ID"": ""AC-023"", ""Given / When / Then"": ""**Given** vote VOTE-2026-005 is Closed <br> **When** the Auditor views the vote record <br> **Then** each eligible voter's individual choice is visible and attributed (not anonymous), aggregate totals are shown, no name is masked, and the tally matches what the Chairman sees."", ""Verifies"": ""FR-073, US-046"", ""Phase"": ""PH-1""}}",
AC-024,**Given** vote VOTE-2026-005 has quorum 2 and only 1 eligible voter has cast a ballot <br> **When** the Secretary attemp,"**Given** vote VOTE-2026-005 has quorum 2 and only 1 eligible voter has cast a ballot <br> **When** the Secretary attempts to close the vote <br> **Then** the system rejects the close with an error (""Quorum not met: 1 of 2 required votes cast"") and the vote stays Open.",FR-071,SL-009,Approved,,,,1,,,,"{""v1"": {""ID"": ""AC-024"", ""Given / When / Then"": ""**Given** vote VOTE-2026-005 has quorum 2 and only 1 eligible voter has cast a ballot <br> **When** the Secretary attempts to close the vote <br> **Then** the system rejects the close with an error (\""Quorum not met: 1 of 2 required votes cast\"") and the vote stays Open."", ""Verifies"": ""FR-071, US-047"", ""Phase"": ""PH-1""}}",
AC-025,**Given** vote VOTE-2026-005 is Closed and Ratified <br> **When** any user (including Administrator or Chairman) attempt,"**Given** vote VOTE-2026-005 is Closed and Ratified <br> **When** any user (including Administrator or Chairman) attempts to modify a ballot, the tally, or the chairman's recorded action via API <br> **Then** the system returns an error (""Vote record is immutable after close""), no field is altered, and the attempt is audited.",FR-075,SL-009,Approved,,,,1,,,,"{""v1"": {""ID"": ""AC-025"", ""Given / When / Then"": ""**Given** vote VOTE-2026-005 is Closed and Ratified <br> **When** any user (including Administrator or Chairman) attempts to modify a ballot, the tally, or the chairman's recorded action via API <br> **Then** the system returns an error (\""Vote record is immutable after close\""), no field is altered, and the attempt is audited."", ""Verifies"": ""FR-075, US-049"", ""Phase"": ""PH-1""}}",
AC-026,"**Given** a vote is in Ratified state <br> **When** any party attempts to transition it back to Closed, Open, or Configu","**Given** a vote is in Ratified state <br> **When** any party attempts to transition it back to Closed, Open, or Configured <br> **Then** the system rejects the transition; vote lifecycle is strictly forward-only.",FR-077,SL-009,Approved,,,,1,,,,"{""v1"": {""ID"": ""AC-026"", ""Given / When / Then"": ""**Given** a vote is in Ratified state <br> **When** any party attempts to transition it back to Closed, Open, or Configured <br> **Then** the system rejects the transition; vote lifecycle is strictly forward-only."", ""Verifies"": ""FR-077, US-051"", ""Phase"": ""PH-1""}}",
AC-027,**Given** decision DECN-2026-003 is in Issued status <br> **When** any user (including Secretary or Chairman) attempts t,"**Given** decision DECN-2026-003 is in Issued status <br> **When** any user (including Secretary or Chairman) attempts to edit its outcome, rationale, alternatives, or conditions via API or UI <br> **Then** the system returns an error (""Issued decisions are immutable; create a superseding decision""), no field is altered, and the attempt is audited.",FR-066,SL-007,Approved,,,,1,,,,"{""v1"": {""ID"": ""AC-027"", ""Given / When / Then"": ""**Given** decision DECN-2026-003 is in Issued status <br> **When** any user (including Secretary or Chairman) attempts to edit its outcome, rationale, alternatives, or conditions via API or UI <br> **Then** the system returns an error (\""Issued decisions are immutable; create a superseding decision\""), no field is altered, and the attempt is audited."", ""Verifies"": ""FR-066, US-055"", ""Phase"": ""PH-1""}}",
AC-028,**Given** a Secretary creates decision DECN-2026-004 that supersedes DECN-2026-003 <br> **When** DECN-2026-004 is Issued,**Given** a Secretary creates decision DECN-2026-004 that supersedes DECN-2026-003 <br> **When** DECN-2026-004 is Issued <br> **Then** DECN-2026-003 is marked Superseded with a `SupersededByDecisionId` back-link to DECN-2026-004; both records remain readable and the prior content is unchanged.,FR-065,SL-007,Approved,,,,1,,,,"{""v1"": {""ID"": ""AC-028"", ""Given / When / Then"": ""**Given** a Secretary creates decision DECN-2026-004 that supersedes DECN-2026-003 <br> **When** DECN-2026-004 is Issued <br> **Then** DECN-2026-003 is marked Superseded with a `SupersededByDecisionId` back-link to DECN-2026-004; both records remain readable and the prior content is unchanged."", ""Verifies"": ""FR-065, US-055"", ""Phase"": ""PH-1""}}",
AC-029,**Given** a Secretary attempts to mark decision DECN-2026-005 as Issued with no downstream artifact links <br> **When** ,"**Given** a Secretary attempts to mark decision DECN-2026-005 as Issued with no downstream artifact links <br> **When** the submit runs <br> **Then** the system rejects it with an error requiring at least one downstream link (Action, Risk, or other artifact) before Issued, and the decision stays in Draft.",FR-067,SL-007,Approved,,,,1,,,,"{""v1"": {""ID"": ""AC-029"", ""Given / When / Then"": ""**Given** a Secretary attempts to mark decision DECN-2026-005 as Issued with no downstream artifact links <br> **When** the submit runs <br> **Then** the system rejects it with an error requiring at least one downstream link (Action, Risk, or other artifact) before Issued, and the decision stays in Draft."", ""Verifies"": ""FR-067, US-054"", ""Phase"": ""PH-1""}}",
AC-030,"**Given** a user submits a new topic missing a required field (title, description, type, or affected stream) <br> **When","**Given** a user submits a new topic missing a required field (title, description, type, or affected stream) <br> **When** the form is submitted <br> **Then** the API returns HTTP 400 with field-level validation errors in the active locale (EN or AR), no topic is created, and the form highlights the missing fields.",FR-025,SL-005,Approved,,,,1,,,,"{""v1"": {""ID"": ""AC-030"", ""Given / When / Then"": ""**Given** a user submits a new topic missing a required field (title, description, type, or affected stream) <br> **When** the form is submitted <br> **Then** the API returns HTTP 400 with field-level validation errors in the active locale (EN or AR), no topic is created, and the form highlights the missing fields."", ""Verifies"": ""FR-025, US-016"", ""Phase"": ""PH-1""}}",
AC-031,**Given** a Secretary triages a submitted topic and selects Reject <br> **When** the Reject is submitted with no rejecti,"**Given** a Secretary triages a submitted topic and selects Reject <br> **When** the Reject is submitted with no rejection rationale <br> **Then** the system rejects it with an error (""Rejection reason is required"") and the topic stays in Submitted or Triage status.",FR-029,SL-005,Approved,,,,1,,,,"{""v1"": {""ID"": ""AC-031"", ""Given / When / Then"": ""**Given** a Secretary triages a submitted topic and selects Reject <br> **When** the Reject is submitted with no rejection rationale <br> **Then** the system rejects it with an error (\""Rejection reason is required\"") and the topic stays in Submitted or Triage status."", ""Verifies"": ""FR-029, US-020"", ""Phase"": ""PH-1""}}",
AC-032,**Given** a Secretary provides a valid rejection rationale and submits <br> **When** the rejection is processed <br> **T,"**Given** a Secretary provides a valid rejection rationale and submits <br> **When** the rejection is processed <br> **Then** the topic transitions to Rejected; the reason, actor, and timestamp are recorded as an immutable history event and the submitter receives an in-app notification.",FR-029,SL-005,Approved,,,,1,,,,"{""v1"": {""ID"": ""AC-032"", ""Given / When / Then"": ""**Given** a Secretary provides a valid rejection rationale and submits <br> **When** the rejection is processed <br> **Then** the topic transitions to Rejected; the reason, actor, and timestamp are recorded as an immutable history event and the submitter receives an in-app notification."", ""Verifies"": ""FR-029, US-020"", ""Phase"": ""PH-1""}}",
AC-033,**Given** topic TOP-2026-010 has been Rejected with a recorded reason <br> **When** any user (including Administrator) a,**Given** topic TOP-2026-010 has been Rejected with a recorded reason <br> **When** any user (including Administrator) attempts to delete or modify the rejection event <br> **Then** the system rejects the mutation; the rejection event is immutable.,FR-044,SL-005,Approved,,,,1,,,,"{""v1"": {""ID"": ""AC-033"", ""Given / When / Then"": ""**Given** topic TOP-2026-010 has been Rejected with a recorded reason <br> **When** any user (including Administrator) attempts to delete or modify the rejection event <br> **Then** the system rejects the mutation; the rejection event is immutable."", ""Verifies"": ""FR-044, US-021"", ""Phase"": ""PH-1""}}",2026-08-13T10:27:45Z
AC-034,**Given** topic TOP-2026-012 is Accepted and a Member who is not the Owner attempts to edit its description <br> **When*,**Given** topic TOP-2026-012 is Accepted and a Member who is not the Owner attempts to edit its description <br> **When** the edit is submitted <br> **Then** the system returns HTTP 403; only the Secretary may edit metadata after Acceptance and content fields are locked against retroactive modification.,FR-040,SL-005,Approved,,,,1,,,,"{""v1"": {""ID"": ""AC-034"", ""Given / When / Then"": ""**Given** topic TOP-2026-012 is Accepted and a Member who is not the Owner attempts to edit its description <br> **When** the edit is submitted <br> **Then** the system returns HTTP 403; only the Secretary may edit metadata after Acceptance and content fields are locked against retroactive modification."", ""Verifies"": ""FR-040, US-032"", ""Phase"": ""PH-1""}}",2026-08-14T11:24:02Z
AC-035,**Given** a topic is Accepted and the Owner has completed all required preparation materials <br> **When** the Secretary,"**Given** a topic is Accepted and the Owner has completed all required preparation materials <br> **When** the Secretary marks the topic as Prepared <br> **Then** the topic transitions to Prepared, a `TopicPrepared` audit event is emitted, and the topic becomes eligible for scheduling.",FR-042,SL-005,Approved,,,,1,,,,"{""v1"": {""ID"": ""AC-035"", ""Given / When / Then"": ""**Given** a topic is Accepted and the Owner has completed all required preparation materials <br> **When** the Secretary marks the topic as Prepared <br> **Then** the topic transitions to Prepared, a `TopicPrepared` audit event is emitted, and the topic becomes eligible for scheduling."", ""Verifies"": ""FR-042, US-022"", ""Phase"": ""PH-1""}}",
AC-036,**Given** MoM MIN-2026-003 is Published (approved and locked) <br> **When** the Secretary finds an error and submits a c,"**Given** MoM MIN-2026-003 is Published (approved and locked) <br> **When** the Secretary finds an error and submits a correction <br> **Then** the system creates a new version (MIN-2026-003 v2) as a superseding document; the prior version stays readable, immutable, and linked, with no in-place edit.",FR-054,SL-007,Approved,,,,1,,,,"{""v1"": {""ID"": ""AC-036"", ""Given / When / Then"": ""**Given** MoM MIN-2026-003 is Published (approved and locked) <br> **When** the Secretary finds an error and submits a correction <br> **Then** the system creates a new version (MIN-2026-003 v2) as a superseding document; the prior version stays readable, immutable, and linked, with no in-place edit."", ""Verifies"": ""FR-054, US-042"", ""Phase"": ""PH-1""}}",
AC-037,**Given** MoM MIN-2026-004 is InReview and the Chairman requests changes <br> **When** the Chairman submits the change r,"**Given** MoM MIN-2026-004 is InReview and the Chairman requests changes <br> **When** the Chairman submits the change request <br> **Then** the MoM transitions back to Draft, the Secretary is notified, and the review cycle restarts.",FR-054,SL-007,Approved,,,,1,,,,"{""v1"": {""ID"": ""AC-037"", ""Given / When / Then"": ""**Given** MoM MIN-2026-004 is InReview and the Chairman requests changes <br> **When** the Chairman submits the change request <br> **Then** the MoM transitions back to Draft, the Secretary is notified, and the review cycle restarts."", ""Verifies"": ""FR-054, US-042"", ""Phase"": ""PH-1""}}",
AC-038,**Given** the Chairman approves MoM MIN-2026-005 <br> **When** the approval is committed <br> **Then** the MoM transitio,"**Given** the Chairman approves MoM MIN-2026-005 <br> **When** the approval is committed <br> **Then** the MoM transitions to Published (immutable), an in-app notification with a deep link is sent to all committee members, and the `MoMApproved` audit event records the actor and timestamp.",FR-055,SL-007,Approved,,,,1,,,,"{""v1"": {""ID"": ""AC-038"", ""Given / When / Then"": ""**Given** the Chairman approves MoM MIN-2026-005 <br> **When** the approval is committed <br> **Then** the MoM transitions to Published (immutable), an in-app notification with a deep link is sent to all committee members, and the `MoMApproved` audit event records the actor and timestamp."", ""Verifies"": ""FR-055, US-043"", ""Phase"": ""PH-1""}}",
AC-039,**Given** a user has an unsaved form with data and the interface is in English <br> **When** they switch the locale to A,"**Given** a user has an unsaved form with data and the interface is in English <br> **When** they switch the locale to Arabic <br> **Then** all labels, buttons, validation messages, and navigation render in Arabic and the form data is preserved exactly; no unsaved data is lost during the switch.",FR-003,,Superseded,superseded,SC-013,AC-099,1,1,,,"{""v1"": {""ID"": ""AC-039"", ""Given / When / Then"": ""**Given** a user has an unsaved form with data and the interface is in English <br> **When** they switch the locale to Arabic <br> **Then** all labels, buttons, validation messages, and navigation render in Arabic and the form data is preserved exactly; no unsaved data is lost during the switch."", ""Verifies"": ""FR-003, US-005"", ""Phase"": ""PH-1""}}",
AC-040,"**Given** a user selects Arabic as their locale <br> **When** any page renders <br> **Then** `dir=""rtl""` is applied to t","**Given** a user selects Arabic as their locale <br> **When** any page renders <br> **Then** `dir=""rtl""` is applied to the root, text flows right-to-left, navigation is mirrored, inputs are right-aligned, table columns order right-to-left, and no element uses a hardcoded LTR layout.",FR-004,,Superseded,superseded,SC-013,AC-100,1,1,,,"{""v1"": {""ID"": ""AC-040"", ""Given / When / Then"": ""**Given** a user selects Arabic as their locale <br> **When** any page renders <br> **Then** `dir=\""rtl\""` is applied to the root, text flows right-to-left, navigation is mirrored, inputs are right-aligned, table columns order right-to-left, and no element uses a hardcoded LTR layout."", ""Verifies"": ""FR-004, US-006"", ""Phase"": ""PH-1""}}",
AC-041,**Given** the Arabic locale is active <br> **When** a visual regression test captures every page <br> **Then** no LTR fl,"**Given** the Arabic locale is active <br> **When** a visual regression test captures every page <br> **Then** no LTR flow artifacts are detected (no left-anchored text blocks, misaligned icons, or cropped RTL text) on Chrome and Edge.",FR-004,,Superseded,superseded,SC-013,AC-101,1,1,,,"{""v1"": {""ID"": ""AC-041"", ""Given / When / Then"": ""**Given** the Arabic locale is active <br> **When** a visual regression test captures every page <br> **Then** no LTR flow artifacts are detected (no left-anchored text blocks, misaligned icons, or cropped RTL text) on Chrome and Edge."", ""Verifies"": ""FR-004, US-006"", ""Phase"": ""PH-1""}}",
AC-042,"**Given** a user sets their theme preference to ""dark"" <br> **When** they end the session and log in again <br> **Then**","**Given** a user sets their theme preference to ""dark"" <br> **When** they end the session and log in again <br> **Then** the dark theme is active without being set again.",FR-005,,Superseded,superseded,SC-013,AC-102,1,1,,,"{""v1"": {""ID"": ""AC-042"", ""Given / When / Then"": ""**Given** a user sets their theme preference to \""dark\"" <br> **When** they end the session and log in again <br> **Then** the dark theme is active without being set again."", ""Verifies"": ""FR-005, US-007"", ""Phase"": ""PH-1""}}",2026-08-10T11:48:02Z
AC-043,**Given** a user on the backlog view who cannot or chooses not to use drag-and-drop <br> **When** they select a topic an,"**Given** a user on the backlog view who cannot or chooses not to use drag-and-drop <br> **When** they select a topic and use the keyboard move-up/move-down controls <br> **Then** the topic's priority ordinal changes correctly, the UI reflects the new position, and the change is persisted with no mouse interaction.",FR-034,SL-005,Approved,,,,1,,,,"{""v1"": {""ID"": ""AC-043"", ""Given / When / Then"": ""**Given** a user on the backlog view who cannot or chooses not to use drag-and-drop <br> **When** they select a topic and use the keyboard move-up/move-down controls <br> **Then** the topic's priority ordinal changes correctly, the UI reflects the new position, and the change is persisted with no mouse interaction."", ""Verifies"": ""FR-034, US-027"", ""Phase"": ""PH-1""}}",
AC-044,**Given** a user building an agenda on the agenda-item reorder UI <br> **When** they use the keyboard alternative (move-,**Given** a user building an agenda on the agenda-item reorder UI <br> **When** they use the keyboard alternative (move-up/move-down or ARIA-described interaction) <br> **Then** items reorder correctly without drag-and-drop and the focus ring stays visible and moves to the moved item.,FR-047,SL-006,Approved,,,,1,,,,"{""v1"": {""ID"": ""AC-044"", ""Given / When / Then"": ""**Given** a user building an agenda on the agenda-item reorder UI <br> **When** they use the keyboard alternative (move-up/move-down or ARIA-described interaction) <br> **Then** items reorder correctly without drag-and-drop and the focus ring stays visible and moves to the moved item."", ""Verifies"": ""FR-047, US-034"", ""Phase"": ""PH-1""}}",
AC-045,"**Given** any interactive element (buttons, links, form controls, DnD alternatives, modals) <br> **When** a keyboard-onl","**Given** any interactive element (buttons, links, form controls, DnD alternatives, modals) <br> **When** a keyboard-only user tabs through the page <br> **Then** every interactive element receives a visible focus indicator (contrast ratio at least 3:1, WCAG 2.2 AA SC 2.4.11) and nothing mouse-reachable is keyboard-unreachable.",FR-034,SL-005,Approved,,,,1,,,,"{""v1"": {""ID"": ""AC-045"", ""Given / When / Then"": ""**Given** any interactive element (buttons, links, form controls, DnD alternatives, modals) <br> **When** a keyboard-only user tabs through the page <br> **Then** every interactive element receives a visible focus indicator (contrast ratio at least 3:1, WCAG 2.2 AA SC 2.4.11) and nothing mouse-reachable is keyboard-unreachable."", ""Verifies"": ""FR-034, FR-047"", ""Phase"": ""PH-1""}}",
AC-046,"**Given** any form field, label, button, or icon <br> **When** inspected for WCAG 2.2 AA compliance <br> **Then** every ","**Given** any form field, label, button, or icon <br> **When** inspected for WCAG 2.2 AA compliance <br> **Then** every control has a programmatically associated label, every icon-only button has an `aria-label`, DOM reading order matches visual order in LTR and RTL, and contrast is at least 4.5:1 for normal text and 3:1 for large text.",FR-004,,Superseded,superseded,SC-013,AC-103,1,1,,,"{""v1"": {""ID"": ""AC-046"", ""Given / When / Then"": ""**Given** any form field, label, button, or icon <br> **When** inspected for WCAG 2.2 AA compliance <br> **Then** every control has a programmatically associated label, every icon-only button has an `aria-label`, DOM reading order matches visual order in LTR and RTL, and contrast is at least 4.5:1 for normal text and 3:1 for large text."", ""Verifies"": ""FR-004, FR-034"", ""Phase"": ""PH-1""}}",
AC-047,"**Given** a user has unsaved changes to a form (topic edit, action update, MoM draft) <br> **When** they navigate away v","**Given** a user has unsaved changes to a form (topic edit, action update, MoM draft) <br> **When** they navigate away via browser back, nav menu, or route change <br> **Then** a confirmation prompt warns of unsaved changes and offers to leave without saving; confirming proceeds, cancelling keeps them on the form with data intact.",FR-015,,Superseded,superseded,SC-013,AC-104,1,1,,,"{""v1"": {""ID"": ""AC-047"", ""Given / When / Then"": ""**Given** a user has unsaved changes to a form (topic edit, action update, MoM draft) <br> **When** they navigate away via browser back, nav menu, or route change <br> **Then** a confirmation prompt warns of unsaved changes and offers to leave without saving; confirming proceeds, cancelling keeps them on the form with data intact."", ""Verifies"": ""FR-015, US-009"", ""Phase"": ""PH-1""}}",2026-08-13T01:08:27Z
AC-048,**Given** a user is editing a form with unsaved changes <br> **When** they attempt to close the browser tab <br> **Then*,**Given** a user is editing a form with unsaved changes <br> **When** they attempt to close the browser tab <br> **Then** the browser's built-in beforeunload dialog is triggered (standard behavior; no data is silently lost).,FR-015,,Superseded,superseded,SC-014,AC-094,1,1,inferred,"RETIRED BY SC-014 on 2026-08-16, and `retired_in` is the field that actually matters: `acs-met` and `acs-slice-bound` both filter on `ac.retired_in IS NULL` and ignore lifecycle_status entirely, so a row marked Superseded but left with retired_in NULL keeps blocking exactly as before. Setting Superseded alone achieved nothing measurable — verified by re-running readiness_check, which still listed AC-048 under both rules. Superseded by AC-094, which narrows this criterion to the mechanism the application can actually control (DEC-051 d1 / SC-014); the verdict history of this row (Partial, final by operator decision PE-286) stays attached here and is NOT carried onto the successor, which earned its own Met on its own narrowed statement (AV-166).","{""v1"": {""ID"": ""AC-048"", ""Given / When / Then"": ""**Given** a user is editing a form with unsaved changes <br> **When** they attempt to close the browser tab <br> **Then** the browser's built-in beforeunload dialog is triggered (standard behavior; no data is silently lost)."", ""Verifies"": ""FR-015, US-009"", ""Phase"": ""PH-1""}}",
AC-049,**Given** a user attempts to attach a file to a topic <br> **When** the file exceeds the maximum allowed size (configura,"**Given** a user attempts to attach a file to a topic <br> **When** the file exceeds the maximum allowed size (configurable, default 50 MB) or has a disallowed MIME type <br> **Then** the system rejects the upload with a clear locale-aware error naming the violated constraint; no partial file is stored and the topic is unchanged.",FR-006,,Superseded,superseded,SC-013,AC-105,1,1,,,"{""v1"": {""ID"": ""AC-049"", ""Given / When / Then"": ""**Given** a user attempts to attach a file to a topic <br> **When** the file exceeds the maximum allowed size (configurable, default 50 MB) or has a disallowed MIME type <br> **Then** the system rejects the upload with a clear locale-aware error naming the violated constraint; no partial file is stored and the topic is unchanged."", ""Verifies"": ""FR-006, FR-027, US-018"", ""Phase"": ""PH-1""}}",2026-08-17T22:16:05Z
AC-050,"**Given** a valid file is uploaded to a topic <br> **When** the upload completes <br> **Then** the metadata (filename, s","**Given** a valid file is uploaded to a topic <br> **When** the upload completes <br> **Then** the metadata (filename, size, MIME type, uploader ID, UTC timestamp, topic ID) is stored in SQL Server, the content is stored in MinIO via `IFileStore`, and a `DocumentAttached` audit event is emitted.",FR-006,,Superseded,superseded,SC-013,AC-106,1,1,,,"{""v1"": {""ID"": ""AC-050"", ""Given / When / Then"": ""**Given** a valid file is uploaded to a topic <br> **When** the upload completes <br> **Then** the metadata (filename, size, MIME type, uploader ID, UTC timestamp, topic ID) is stored in SQL Server, the content is stored in MinIO via `IFileStore`, and a `DocumentAttached` audit event is emitted."", ""Verifies"": ""FR-006, US-018"", ""Phase"": ""PH-1""}}",
AC-051,**Given** a Secretary publishes an agenda for meeting MTG-2026-010 <br> **When** the publish is committed <br> **Then** ,"**Given** a Secretary publishes an agenda for meeting MTG-2026-010 <br> **When** the publish is committed <br> **Then** an in-app notification is created for every committee member within 5 seconds, each carrying the meeting date, agenda title, and a deep link, appearing in the recipient's notification center.",FR-130,SL-006,Approved,,,,1,,,,"{""v1"": {""ID"": ""AC-051"", ""Given / When / Then"": ""**Given** a Secretary publishes an agenda for meeting MTG-2026-010 <br> **When** the publish is committed <br> **Then** an in-app notification is created for every committee member within 5 seconds, each carrying the meeting date, agenda title, and a deep link, appearing in the recipient's notification center."", ""Verifies"": ""FR-130, US-073"", ""Phase"": ""PH-1""}}",
AC-052,**Given** an eligible voter receives an in-app notification that vote VOTE-2026-008 is Open <br> **When** they click the,**Given** an eligible voter receives an in-app notification that vote VOTE-2026-008 is Open <br> **When** they click the notification <br> **Then** they navigate directly to the voting UI for that vote/topic with no additional steps.,FR-131,SL-006,Approved,,,,1,,,,"{""v1"": {""ID"": ""AC-052"", ""Given / When / Then"": ""**Given** an eligible voter receives an in-app notification that vote VOTE-2026-008 is Open <br> **When** they click the notification <br> **Then** they navigate directly to the voting UI for that vote/topic with no additional steps."", ""Verifies"": ""FR-131, US-074"", ""Phase"": ""PH-1""}}",
AC-053,**Given** the Webex adapter is not yet active (v1 in-app only) <br> **When** any notification is dispatched <br> **Then*,**Given** the Webex adapter is not yet active (v1 in-app only) <br> **When** any notification is dispatched <br> **Then** it is delivered only via the in-app notification center; no email or Webex is attempted and the absence of other channels raises no error.,FR-129,SL-006,Approved,,,,1,,,,"{""v1"": {""ID"": ""AC-053"", ""Given / When / Then"": ""**Given** the Webex adapter is not yet active (v1 in-app only) <br> **When** any notification is dispatched <br> **Then** it is delivered only via the in-app notification center; no email or Webex is attempted and the absence of other channels raises no error."", ""Verifies"": ""FR-129, US-073"", ""Phase"": ""PH-1""}}",
AC-054,**Given** action ACT-2026-020 has a due date of T+3 days and the reminder threshold is 3 days <br> **When** the daily Ha,**Given** action ACT-2026-020 has a due date of T+3 days and the reminder threshold is 3 days <br> **When** the daily Hangfire reminder job runs <br> **Then** the action owner receives an in-app notification of the upcoming due date containing the action title and due date.,FR-083,SL-008,Approved,,,,1,,,,"{""v1"": {""ID"": ""AC-054"", ""Given / When / Then"": ""**Given** action ACT-2026-020 has a due date of T+3 days and the reminder threshold is 3 days <br> **When** the daily Hangfire reminder job runs <br> **Then** the action owner receives an in-app notification of the upcoming due date containing the action title and due date."", ""Verifies"": ""FR-083, US-060"", ""Phase"": ""PH-1""}}",
AC-055,**Given** action ACT-2026-021 is Overdue by more than 2 days (configurable) <br> **When** the Hangfire escalation job ru,"**Given** action ACT-2026-021 is Overdue by more than 2 days (configurable) <br> **When** the Hangfire escalation job runs <br> **Then** the Secretary and Chairman receive an in-app escalation with the action title, owner, and days overdue, and the escalation is recorded in the audit log.",FR-084,SL-008,Approved,,,,1,,,,"{""v1"": {""ID"": ""AC-055"", ""Given / When / Then"": ""**Given** action ACT-2026-021 is Overdue by more than 2 days (configurable) <br> **When** the Hangfire escalation job runs <br> **Then** the Secretary and Chairman receive an in-app escalation with the action title, owner, and days overdue, and the escalation is recorded in the audit log."", ""Verifies"": ""FR-084, US-061"", ""Phase"": ""PH-1""}}",
AC-056,**Given** ACMP is running in Docker Compose <br> **When** an Administrator opens the Hangfire dashboard <br> **Then** th,"**Given** ACMP is running in Docker Compose <br> **When** an Administrator opens the Hangfire dashboard <br> **Then** they see the job queue, history, and failed jobs; failed jobs retry per the configured policy and reminder and escalation executions are listed with timestamps.",FR-011,,Superseded,superseded,SC-013,AC-107,1,1,,,"{""v1"": {""ID"": ""AC-056"", ""Given / When / Then"": ""**Given** ACMP is running in Docker Compose <br> **When** an Administrator opens the Hangfire dashboard <br> **Then** they see the job queue, history, and failed jobs; failed jobs retry per the configured policy and reminder and escalation executions are listed with timestamps."", ""Verifies"": ""FR-011"", ""Phase"": ""PH-1""}}",
AC-057,"**Given** topic TOP-2026-030 has Urgency=Critical and has been in Triage for 4 days, exceeding the 3-day Critical SLA <b","**Given** topic TOP-2026-030 has Urgency=Critical and has been in Triage for 4 days, exceeding the 3-day Critical SLA <br> **When** any user views the backlog <br> **Then** the topic shows an aging badge (for example ""Overdue 1d""), the Secretary has received an in-app SLA-breach notification, and the badge updates daily.",FR-038,SL-005,Approved,,,,1,,,,"{""v1"": {""ID"": ""AC-057"", ""Given / When / Then"": ""**Given** topic TOP-2026-030 has Urgency=Critical and has been in Triage for 4 days, exceeding the 3-day Critical SLA <br> **When** any user views the backlog <br> **Then** the topic shows an aging badge (for example \""Overdue 1d\""), the Secretary has received an in-app SLA-breach notification, and the badge updates daily."", ""Verifies"": ""FR-038, US-030"", ""Phase"": ""PH-1""}}",
AC-058,"**Given** an Administrator deactivates the account for ""Bob"" <br> **When** Bob attempts to log in <br> **Then** his Keyc","**Given** an Administrator deactivates the account for ""Bob"" <br> **When** Bob attempts to log in <br> **Then** his Keycloak session is valid but ACMP rejects access; all his historical votes, authorship credits, and action assignments stay attributed to ""Bob"" and no historical data is anonymized.",FR-020,SL-004,Approved,,,,1,,,,"{""v1"": {""ID"": ""AC-058"", ""Given / When / Then"": ""**Given** an Administrator deactivates the account for \""Bob\"" <br> **When** Bob attempts to log in <br> **Then** his Keycloak session is valid but ACMP rejects access; all his historical votes, authorship credits, and action assignments stay attributed to \""Bob\"" and no historical data is anonymized."", ""Verifies"": ""FR-020, US-013"", ""Phase"": ""PH-1""}}",2026-08-14T17:48:18Z
AC-059,**Given** any authenticated user of any role opens the Member Directory <br> **When** the page loads <br> **Then** a lis,"**Given** any authenticated user of any role opens the Member Directory <br> **When** the page loads <br> **Then** a list of all active committee members is shown with name, role, stream membership, and email; deactivated users do not appear and no authentication error is raised for any viewer role.",FR-021,SL-004,Approved,,,,1,,,,"{""v1"": {""ID"": ""AC-059"", ""Given / When / Then"": ""**Given** any authenticated user of any role opens the Member Directory <br> **When** the page loads <br> **Then** a list of all active committee members is shown with name, role, stream membership, and email; deactivated users do not appear and no authentication error is raised for any viewer role."", ""Verifies"": ""FR-021, US-014"", ""Phase"": ""PH-1""}}",
AC-060,**Given** a user enters a query in the global search bar <br> **When** the search executes <br> **Then** results return ,"**Given** a user enters a query in the global search bar <br> **When** the search executes <br> **Then** results return within 3 seconds grouped by artifact type (Topics, Decisions, MoMs), each showing ID, title, matched excerpt, status, and a deep link that navigates to the artifact.",FR-143,SL-015,Approved,,,,1,,,,"{""v1"": {""ID"": ""AC-060"", ""Given / When / Then"": ""**Given** a user enters a query in the global search bar <br> **When** the search executes <br> **Then** results return within 3 seconds grouped by artifact type (Topics, Decisions, MoMs), each showing ID, title, matched excerpt, status, and a deep link that navigates to the artifact."", ""Verifies"": ""FR-143, FR-144, US-078"", ""Phase"": ""PH-1""}}",
AC-061,**Given** a user types an Arabic query in the global search bar <br> **When** the search executes <br> **Then** results ,"**Given** a user types an Arabic query in the global search bar <br> **When** the search executes <br> **Then** results include Arabic-language matches via the SQL Server Arabic word-breaker, relevant English results are also returned, and no character encoding errors occur.",FR-145,SL-015,Approved,,,,1,,,,"{""v1"": {""ID"": ""AC-061"", ""Given / When / Then"": ""**Given** a user types an Arabic query in the global search bar <br> **When** the search executes <br> **Then** results include Arabic-language matches via the SQL Server Arabic word-breaker, relevant English results are also returned, and no character encoding errors occur."", ""Verifies"": ""FR-145, US-079"", ""Phase"": ""PH-1""}}",
AC-062,"**Given** a user views the detail page of any artifact (topic, decision, action, risk, dependency, MoM) <br> **When** th","**Given** a user views the detail page of any artifact (topic, decision, action, risk, dependency, MoM) <br> **When** the traceability panel loads <br> **Then** all upstream and downstream typed relationships are displayed with relationship type, target artifact ID, title, and a navigable link.",FR-146,SL-015,Approved,,,,1,,,,"{""v1"": {""ID"": ""AC-062"", ""Given / When / Then"": ""**Given** a user views the detail page of any artifact (topic, decision, action, risk, dependency, MoM) <br> **When** the traceability panel loads <br> **Then** all upstream and downstream typed relationships are displayed with relationship type, target artifact ID, title, and a navigable link."", ""Verifies"": ""FR-146, US-080"", ""Phase"": ""PH-1""}}",
AC-063,**Given** a Secretary creates a typed traceability edge from topic TOP-2026-040 (DerivedFrom) to decision DECN-2026-015 ,"**Given** a Secretary creates a typed traceability edge from topic TOP-2026-040 (DerivedFrom) to decision DECN-2026-015 <br> **When** the edge is saved <br> **Then** the topic's panel shows the decision as an upstream DerivedFrom link, the decision's panel shows the topic as a downstream DerivedFrom link, and the edge creation is audited.",FR-147,SL-015,Approved,,,,1,,,,"{""v1"": {""ID"": ""AC-063"", ""Given / When / Then"": ""**Given** a Secretary creates a typed traceability edge from topic TOP-2026-040 (DerivedFrom) to decision DECN-2026-015 <br> **When** the edge is saved <br> **Then** the topic's panel shows the decision as an upstream DerivedFrom link, the decision's panel shows the topic as a downstream DerivedFrom link, and the edge creation is audited."", ""Verifies"": ""FR-147, US-081"", ""Phase"": ""PH-1""}}",
AC-064,**Given** any authenticated committee member logs in <br> **When** the committee dashboard loads <br> **Then** it displa,"**Given** any authenticated committee member logs in <br> **When** the committee dashboard loads <br> **Then** it displays backlog count by status and urgency, the next scheduled meeting with agenda link, open action counts by status (Open/InProgress/Blocked), overdue action count, and the titles/IDs of the last 5 issued decisions, all from live data.",FR-135,SL-012,Approved,,,,1,,,,"{""v1"": {""ID"": ""AC-064"", ""Given / When / Then"": ""**Given** any authenticated committee member logs in <br> **When** the committee dashboard loads <br> **Then** it displays backlog count by status and urgency, the next scheduled meeting with agenda link, open action counts by status (Open/InProgress/Blocked), overdue action count, and the titles/IDs of the last 5 issued decisions, all from live data."", ""Verifies"": ""FR-135, US-082"", ""Phase"": ""PH-1""}}",
AC-065,**Given** a Secretary logs in <br> **When** the secretary dashboard loads <br> **Then** it shows count of topics in Tria,"**Given** a Secretary logs in <br> **When** the secretary dashboard loads <br> **Then** it shows count of topics in Triage awaiting review, count of MoMs awaiting approval, count of overdue actions beyond the escalation threshold, and the list of topics exceeding their urgency SLA with aging day counts.",FR-136,SL-012,Approved,,,,1,,,,"{""v1"": {""ID"": ""AC-065"", ""Given / When / Then"": ""**Given** a Secretary logs in <br> **When** the secretary dashboard loads <br> **Then** it shows count of topics in Triage awaiting review, count of MoMs awaiting approval, count of overdue actions beyond the escalation threshold, and the list of topics exceeding their urgency SLA with aging day counts."", ""Verifies"": ""FR-136, US-083"", ""Phase"": ""PH-1""}}",
AC-066,**Given** the Chairman logs in <br> **When** the chairman dashboard loads <br> **Then** it shows votes awaiting chairman,"**Given** the Chairman logs in <br> **When** the chairman dashboard loads <br> **Then** it shows votes awaiting chairman approval (Closed, not yet Ratified), escalated risks, escalated actions, and topics Deferred at least twice.",FR-137,SL-012,Approved,,,,1,,,,"{""v1"": {""ID"": ""AC-066"", ""Given / When / Then"": ""**Given** the Chairman logs in <br> **When** the chairman dashboard loads <br> **Then** it shows votes awaiting chairman approval (Closed, not yet Ratified), escalated risks, escalated actions, and topics Deferred at least twice."", ""Verifies"": ""FR-137, US-084"", ""Phase"": ""PH-1""}}",
AC-067,**Given** Webex is enabled and a committee-wide event occurs (e.g. agenda published) <br> **When** the notification disp,"**Given** Webex is enabled and a committee-wide event occurs (e.g. agenda published) <br> **When** the notification dispatches <br> **Then** exactly one Adaptive Card v1.3 (≤80 KB, no sensitive content) is posted to the committee Webex space and the in-app notification is still delivered per recipient.",FR-129,SL-006,Approved,,,,1,,,,"{""v1"": {""ID"": ""AC-067"", ""Given / When / Then"": ""**Given** Webex is enabled and a committee-wide event occurs (e.g. agenda published) <br> **When** the notification dispatches <br> **Then** exactly one Adaptive Card v1.3 (≤80 KB, no sensitive content) is posted to the committee Webex space and the in-app notification is still delivered per recipient."", ""Verifies"": ""FR-129, FR-130"", ""Phase"": ""PH-2""}}",
AC-068,**Given** the Webex API answers HTTP 429 with a Retry-After header <br> **When** the card-send job runs <br> **Then** it,"**Given** the Webex API answers HTTP 429 with a Retry-After header <br> **When** the card-send job runs <br> **Then** it reschedules for exactly that delay (no tight loop) and dead-letters after the retry cap, visible in the admin job monitor.",FR-132,SL-006,Approved,,,,1,,,,"{""v1"": {""ID"": ""AC-068"", ""Given / When / Then"": ""**Given** the Webex API answers HTTP 429 with a Retry-After header <br> **When** the card-send job runs <br> **Then** it reschedules for exactly that delay (no tight loop) and dead-letters after the retry cap, visible in the admin job monitor."", ""Verifies"": ""FR-132"", ""Phase"": ""PH-2""}}",
AC-069,**Given** an inbound Webex webhook <br> **When** its `x-spark-signature` HMAC is invalid <br> **Then** the request is re,**Given** an inbound Webex webhook <br> **When** its `x-spark-signature` HMAC is invalid <br> **Then** the request is rejected 401 with no processing; a valid signature returns 200 and is processed idempotently (replayed events older than 5 minutes are dropped).,FR-057,SL-013,Approved,,,,1,,,,"{""v1"": {""ID"": ""AC-069"", ""Given / When / Then"": ""**Given** an inbound Webex webhook <br> **When** its `x-spark-signature` HMAC is invalid <br> **Then** the request is rejected 401 with no processing; a valid signature returns 200 and is processed idempotently (replayed events older than 5 minutes are dropped)."", ""Verifies"": ""FR-057"", ""Phase"": ""PH-2""}}",
AC-070,**Given** a recording-ready webhook for a correlated Webex meeting <br> **When** it is processed <br> **Then** the recor,**Given** a recording-ready webhook for a correlated Webex meeting <br> **When** it is processed <br> **Then** the recording reference (playback/download URL + duration) is stored on the ACMP meeting and a `Meetings.RecordingAttached` audit event is emitted.,FR-056,SL-013,Approved,,,,1,,,,"{""v1"": {""ID"": ""AC-070"", ""Given / When / Then"": ""**Given** a recording-ready webhook for a correlated Webex meeting <br> **When** it is processed <br> **Then** the recording reference (playback/download URL + duration) is stored on the ACMP meeting and a `Meetings.RecordingAttached` audit event is emitted."", ""Verifies"": ""FR-056, FR-057"", ""Phase"": ""PH-2""}}",
AC-071,**Given** `Webex:Enabled` is false (air-gapped / v1 posture) <br> **When** any notification dispatches or the webhook en,"**Given** `Webex:Enabled` is false (air-gapped / v1 posture) <br> **When** any notification dispatches or the webhook endpoint is called <br> **Then** no outbound Webex call is made, in-app remains the sole channel, and no error is raised.",FR-129,SL-006,Approved,,,,1,,,,"{""v1"": {""ID"": ""AC-071"", ""Given / When / Then"": ""**Given** `Webex:Enabled` is false (air-gapped / v1 posture) <br> **When** any notification dispatches or the webhook endpoint is called <br> **Then** no outbound Webex call is made, in-app remains the sole channel, and no error is raised."", ""Verifies"": ""FR-129"", ""Phase"": ""PH-2""}}",
AC-072,**Given** an online meeting is scheduled with Webex enabled and a valid OAuth token <br> **When** the create job runs <b,**Given** an online meeting is scheduled with Webex enabled and a valid OAuth token <br> **When** the create job runs <br> **Then** a Webex meeting is created and its id + join URL are stored on the ACMP meeting (enabling recording correlation); with no token the meeting persists without Webex and no error surfaces.,FR-056,SL-013,Approved,,,,1,,,,"{""v1"": {""ID"": ""AC-072"", ""Given / When / Then"": ""**Given** an online meeting is scheduled with Webex enabled and a valid OAuth token <br> **When** the create job runs <br> **Then** a Webex meeting is created and its id + join URL are stored on the ACMP meeting (enabling recording correlation); with no token the meeting persists without Webex and no error surfaces."", ""Verifies"": ""FR-056, FR-057"", ""Phase"": ""PH-2""}}",
AC-073,"**Given** a Secretary or Chairman uploads a recording file (allowed video type, ≤ 2 GB) to a meeting <br> **When** the u","**Given** a Secretary or Chairman uploads a recording file (allowed video type, ≤ 2 GB) to a meeting <br> **When** the upload completes <br> **Then** the file is stored in MinIO (`acmp-recordings`) via `IFileStore` under a server-derived key, its metadata (filename, size, content type) is stored on the meeting, a `Meetings.RecordingUploaded` audit event is emitted, and any committee member can play it back via a short-lived pre-signed URL.",FR-056,SL-013,Approved,,,,1,,,,"{""v1"": {""ID"": ""AC-073"", ""Given / When / Then"": ""**Given** a Secretary or Chairman uploads a recording file (allowed video type, ≤ 2 GB) to a meeting <br> **When** the upload completes <br> **Then** the file is stored in MinIO (`acmp-recordings`) via `IFileStore` under a server-derived key, its metadata (filename, size, content type) is stored on the meeting, a `Meetings.RecordingUploaded` audit event is emitted, and any committee member can play it back via a short-lived pre-signed URL."", ""Verifies"": ""FR-056"", ""Phase"": ""PH-2""}}",
AC-074,**Given** a meeting has a recording (uploaded file or Webex reference) <br> **When** a Secretary or Chairman deletes it ,"**Given** a meeting has a recording (uploaded file or Webex reference) <br> **When** a Secretary or Chairman deletes it <br> **Then** the recording reference is cleared from the meeting, the stored MinIO object is removed for an uploaded file, and a `Meetings.RecordingRemoved` audit event is emitted; a Member is forbidden (403).",FR-056,SL-013,Approved,,,,1,,,,"{""v1"": {""ID"": ""AC-074"", ""Given / When / Then"": ""**Given** a meeting has a recording (uploaded file or Webex reference) <br> **When** a Secretary or Chairman deletes it <br> **Then** the recording reference is cleared from the meeting, the stored MinIO object is removed for an uploaded file, and a `Meetings.RecordingRemoved` audit event is emitted; a Member is forbidden (403)."", ""Verifies"": ""FR-056"", ""Phase"": ""PH-2""}}",
AC-075,A fresh EC2 instance bootstrapped from the runbook reaches an all-healthy stack with no undocumented manual step,"**Given** a clean EC2 instance and the documented bootstrap **When** the operator runs the provisioning path end to end **Then** every container reports healthy with no step missing from the runbook, on either subdomain.",NFR-055,SL-025,Approved,,,,1,,,,,2026-08-08T09:56:29Z
AC-076,The existing Playwright suite passes against the UAT URL — real PKCE round-trip + core governance loop,"AMENDED per OQ-066 — the original text named a method that is provably impossible. It said to run the suite with `E2E_KEYCLOAK_URL=https://uat.acmp.anas7ammo.dev/kc`, but global-setup seeds its fixtures through the Keycloak ADMIN REST API after taking a master-realm token, and the public 443 listener returns 404 for BOTH `/kc/admin` and `/kc/realms/master` BY DESIGN (measured, DEF-027; AC-081 rests on that deny). Only the METHOD is corrected below — the substance graded is unchanged. **Given** the UAT environment is live **When** the existing Playwright suite runs with `E2E_WEB_URL=https://uat.acmp.anas7ammo.dev`, so the browser drives the PUBLIC host and exercises the real deployed listener, and with `E2E_KEYCLOAK_URL` pointed at the box's Keycloak through an operator-side SSM port-forward — a deploy-time procedure requiring NO code change, NO fixed-password bypass in seed-users.sh, and NO relaxation of the `/kc/` deny — **Then** auth (real Keycloak PKCE round-trip), the core governance loop, and RTL/a11y specs pass. **And** the fixed-password `e2e-*` accounts the run seeds are DISABLED in the realm afterwards (`enabled: false`), never DELETED — disabling removes the login risk, which is real because their password is committed in `e2e/users.ts` and UAT's 443 is open to the internet, while preserving the Keycloak `sub`. Deleting them instead orphans their CommitteeMember rows permanently and duplicates them on the next run, because app-side identity is the `sub` and audit immutability means a member row can be deactivated but never removed (DEF-029, learned the hard way 2026-08-09).",,SL-027,Approved,,,,1,,inferred,"Amended 2026-08-09 by OQ-066 (resolved, PE-186); cleanup clause corrected delete->disable per DEF-029 the same day.",,2026-08-09T17:25:46Z
AC-077,Keycloak persists to SQL Server; no Postgres container exists; restart preserves realm + users,"**Given** the cloud stack **When** the operator inspects running containers and restarts Keycloak **Then** no postgres/keycloak-db container exists, Keycloak's data lives in the SQL Server 'keycloak' database, and the realm + users survive the restart (verifies ADR-0036).",,SL-021,Approved,,,,1,,,,,
AC-078,Recording upload → S3 → presigned playback → delete works against a real bucket; no MinIO container exists,"**Given** the cloud stack with S3 configured **When** a Secretary/Chairman uploads a recording, a member plays it back, and it is deleted **Then** the object round-trips through the environment's S3 bucket, playback works in a browser (CSP media-src matches the presign host), and no minio container exists (verifies ADR-0035, FR-056).",FR-056,SL-022,Approved,,,,1,,,,,2026-08-05T13:18:39Z
AC-079,"seed-users.sh is idempotent, sets UPDATE_PASSWORD, and each seeded user logs in and JIT-provisions with the correct role","**Given** a users.csv roster **When** seed-users.sh runs twice **Then** the second run is a clean no-op, seeded users carry a temporary password + UPDATE_PASSWORD required action, and after a real login each is JIT-provisioned as an ACMP member with the correct role (CON-007/CON-009 honored).",,SL-026,Approved,,,,1,,,,,2026-08-10T09:21:06Z
AC-080,"Backup → restore drill passes the 3→0→3 check for BOTH Acmp and keycloak, on Express","**Given** the cloud stack on SQL Server Express **When** the operator runs the backup then restore drill **Then** both the Acmp and keycloak databases round-trip a 3→0→3 row-count check, with no reliance on backup compression (Express-incompatible) and no Postgres leg (verifies NFR-058, ADR-0033 as amended).",NFR-058,SL-023,Approved,,,,1,,,,,2026-08-09T18:07:41Z
AC-081,"TLS valid, HSTS present, certbot renew --dry-run passes","**Given** a provisioned environment **When** the operator inspects the endpoint and runs certbot renew --dry-run **Then** the Let's Encrypt certificate is valid for the subdomain, the HSTS header is present, and the dry-run renewal succeeds (DNS-01 via Route 53).",,SL-025,Approved,,,,1,,,,,2026-08-09T17:25:20Z
AC-082,UAT stop → start returns healthy at the same DNS name within 10 minutes,**Given** on-demand UAT is stopped **When** the operator starts the instance **Then** the Route 53 A record is updated to the new public IP by the boot-updater and the stack returns all-healthy at uat.acmp.anas7ammo.dev within 10 minutes (verifies NFR-057 restore posture).,NFR-057,SL-025,Approved,,,,1,,,,,
AC-083,Cross-environment isolation: the UAT IAM key is denied on the prod bucket; UAT Webex posts never reach the prod space,"**Given** per-environment IAM users, buckets, roles and Webex config **When** the UAT IAM key is used against the prod bucket, and UAT Webex is exercised **Then** the S3 call returns AccessDenied and no UAT notification reaches the production Webex space; the UAT box cannot alter the prod DNS record.",,SL-020,Approved,,,,1,,,,,2026-08-05T13:18:39Z
AC-084,The consolidated stack runs within the memory budget on t3.medium under an e2e run (no OOM-kill),**Given** the cloud stack on t3.medium (4 GiB + 4 GiB swap) **When** an e2e run drives it **Then** docker events shows no OOM-kill of any container and the CPUCreditBalance alarm is not tripped (verifies the RSK-013 mitigation).,,SL-021,Superseded,,,AC-087,1,1,inferred,"SUPERSEDED BY AC-087 on 2026-08-09 (operator decision). The dangling citation 'RSK-013' in the statement above matched no entity; AC-087 carries the identical text with 'RISK-013'. This row is retained unaltered because its verdict history (AV-109 Partial, AV-112 Met, AV-113 Met) attaches here. ➕ RETIRED 2026-08-16 (DEC-054 d2), AND THE RETENTION REASON IS UNAFFECTED: `acs-met` and `acs-slice-bound` filter on `retired_in IS NULL` and ignore lifecycle_status entirely, so setting Superseded in August changed nothing and this row stayed in the ACTIVE set alongside its own successor for a week — both counted, and a future Not-met here would have blocked a close for a criterion that no longer applies. `retired_in` does NOT move verdicts: AV-109, AV-112 and AV-113 remain attached to this row exactly as the sentence above intends. Found while retiring AC-048 and noticing the same rule text.",,2026-08-09T17:25:46Z
AC-085,Budget alerts fire; the IAM deny brake is provisioned and proven by policy simulation; the EC2 stop action is provisioned against live instance IDs by the launch script,"AMENDED per OQ-064 — the original text ('the 120% auto-stop action is provisioned and dry-run verified') was unsatisfiable on three counts: it said 120% while 00-account.sh targets 100%; it described a tag-scoped EC2 stop that the AWS API cannot express (SsmActionDefinition takes explicit InstanceIds, no tag filter); and budget actions have NO dry-run facility at all — `execute-budget-action` genuinely fires the action, so 'dry-run verified' could only ever be satisfied by really tripping the brake. **Given** the acmp-monthly $60 budget **Then** (1) its SNS subscription is confirmed and a threshold notification has been observed to arrive; (2) `describe-budget-actions-for-budget` shows the IAM deny action at 100% ACTUAL, ApprovalModel AUTOMATIC, Status STANDBY, targeting the acmp-admin user with the acmp-budget-deny-new-spend policy; (3) `aws iam simulate-principal-policy` — which IS a real dry run, unlike anything in the budgets API — shows that policy returning implicitDeny/explicitDeny for the spend-creating actions it claims to block, evaluated against acmp-admin; (4) once P25 launches instances, the SSM STOP_EC2_INSTANCES action exists at 100% ACTUAL pinned to the LIVE instance IDs, created-or-updated by the launch script itself so a replaced instance re-points automatically rather than via a runbook step; and (5) it is recorded that the IAM deny constrains only the acmp-admin IAM user — the account root user cannot be restricted by IAM policy — so the brake is only real while CLI work is done as acmp-admin rather than root.",,SL-020,Approved,,,,1,,inferred,"Amended 2026-08-04 by OQ-064 (resolved, PE-147). Original text was unsatisfiable as written.",,2026-08-10T21:48:30Z
AC-086,"CI publishes all five images to ECR by OIDC with no long-lived key, and the two web images are genuinely per-environment","**Given** a commit merged to `main` with the test jobs green **When** the `publish` job runs **Then** it assumes the ECR role via GitHub OIDC with no static AWS key present, pushes `api`, `worker`, `sqlserver-fts` and both `web:<sha>-uat` / `web:<sha>-prod`, and records their immutable digests to a retained artifact; **And** the two web bundles each contain ONLY their own `VITE_OIDC_AUTHORITY` (verified by extracting the image layer, not inferred from differing digests, since Docker builds are not reproducible by default).",,SL-024,Approved,,,,1,,inferred,"PE-142 — created to close the SL-024 gap: the CD slice was the only PH-5 slice with no acceptance criterion, so its exit was unmeasurable.",,2026-08-05T13:17:32Z
AC-087,The consolidated stack runs within the memory budget on t3.medium under an e2e run (no OOM-kill),**Given** the cloud stack on t3.medium (4 GiB + 4 GiB swap) **When** an e2e run drives it **Then** docker events shows no OOM-kill of any container and the CPUCreditBalance alarm is not tripped (verifies the RISK-013 mitigation).,,SL-021,Approved,,,,1,,clarification,"Supersedes AC-084 (operator decision 2026-08-09). SOLE CHANGE: the citation 'RSK-013' -> 'RISK-013'. Every other character of the statement is identical, and the substance graded is unchanged. PE-192 found the dangling reference -- this package's risks are RISK-### and RSK-013 matched no entity, so the citation pointed at nothing while all seven gates passed (G-TRACE validates typed edges; this lived in free prose inside the statement). RISK-013 is '4 GiB is tight; a Keycloak GC burst plus SQL Server's buffer pool can OOM the t3.medium' -- exactly this criterion's subject. Superseded rather than edited because AC-084 had been advanced to Approved earlier the same day, which made it immutable; while it sat at Proposed this would have been a one-token edit. EVIDENCE NOTE, recorded so nobody reads this row as ungraded: the verdict history for this criterion (AV-109 Partial, AV-112 Met, AV-113 Met) is attached to AC-084 and was NOT re-issued here. The measurements behind it -- no OOM-kill across an e2e run, CPUCreditBalance alarm read OK before/during/after with the balance rising 50.09 -> 51.59 -- were taken against the text above, which is byte-identical apart from the corrected citation.",,
AC-088,An in-app invite creates the Keycloak account and reveals its temporary password exactly once,"**Given** an Administrator or Secretary on Administration → Members **When** they invite a user with an email address and a full name **Then** the account exists in Keycloak flagged must-change-password-at-first-login, the response reveals a temporary password EXACTLY ONCE, and that password appears in NO log, NO persisted record and NO file — proven by asserting a second read of the invite does not return it.",FR-156,SL-028,Proposed,,,,1,,clarification,"DEC-038; ADR-0038. The 'shown once' clause is load-bearing: 'no email in v1' is a hard constraint, so a credential is put in front of a human, and the make-roster-passwords.sh CSV of 26 temporary passwords is the hazard this must not repeat.",,2026-08-12T18:07:18Z
AC-089,"Every role-assignment guard REFUSES, proven by forcing each refusal","**Given** in-app role assignment **When** an actor (a) attempts to change their OWN roles, or (b) attempts a change that would leave the committee with ZERO Administrators **Then** the API REFUSES both, server-side, regardless of what the UI offers; **and When** Administrator or Chairman is granted **Then** it requires a separate explicit confirmation rather than being one option among others. Each clause is evidenced by a test that FORCES the refusal and asserts it happened — asserting only that the happy path works would reproduce the un-failable check this project has been bitten by repeatedly.",FR-157,SL-028,Proposed,,,,1,,clarification,DEC-038 guards 1-3; ADR-0038. These four guards REPLACE the structural guarantee the design gave away: an app that cannot write roles cannot escalate privilege. DEC-038 records the operator accepting the residual risk that a Secretary can both invite an account and grant it Administrator.,,2026-08-11T19:56:53Z
AC-090,"A role change takes effect immediately, not at token expiry","**Given** a signed-in user with an active session **When** their roles are changed in the app **Then** their Keycloak sessions are terminated, so the next request carries the new roles rather than the old ones lingering until the 60-minute idle timeout — proven by asserting the user's subsequent request no longer exercises the removed role, not merely that a logout call was issued.",FR-157,SL-028,Proposed,,,,1,,clarification,"DEC-038 decision 5; ADR-0038. Roles reach the app through the token and are cached on CommitteeMember at login, so without forced sign-out a REMOVED role would remain usable for up to an hour — the half of revocation that actually matters.",,2026-08-12T10:02:38Z
AC-091,"The roster lists invited people who have never signed in, from ACMP's own data","**Given** a user invited through the app who has never signed in **When** an Administrator opens the member roster **Then** that person is listed and visibly marked `invited`, sourced from the invite record rather than from any Keycloak read at request time; **and When** they sign in for the first time **Then** JIT provisioning (ADR-0004) creates their CommitteeMember row, the invite is matched by Keycloak `sub` and marked consumed, and the person appears exactly ONCE — not twice.",FR-158,SL-028,Proposed,,,,1,,clarification,"DEC-038 (supersedes DEC-033); closes DEF-038. The 'exactly once' clause guards the seam between the invite record and JIT provisioning; DEF-029 makes a wrongly-created member row permanent, so duplication here cannot be cleaned up afterwards.",,2026-08-12T18:07:18Z
AC-092,"Guest access expires and the server refuses it, rather than the banner merely saying so","**Given** a guest presenter invited for a meeting **When** the meeting's access window has passed **Then** the API REFUSES their requests and the page states that access has ended — proven by advancing past the expiry and asserting the refusal, not by reading the countdown; **and** the Keycloak account is disabled at expiry so the login itself stops working. The banner and the server MUST read the same value.",FR-159,SL-028,Proposed,,,,1,,clarification,"DEC-037; ADR-0038. The design promises 'Presenter access — read-only, and expires after the meeting' while NO expiry mechanism existed in code (only Delegation auto-expires). The page shows unpublished topic material to an EXTERNAL person, so a promise the server does not keep is an exposure, not a cosmetic gap.",,2026-08-12T17:14:22Z
AC-093,Every identity change is attributed in the immutable audit chain,"**Given** any invite, role assignment, forced sign-out or guest-expiry action **When** it succeeds **Then** a hash-chained AuditEvent (INV-005) records who acted, on whom, what changed from and to, and when — proven by asserting the ROW EXISTS after a real change, never by asserting that a handler was called.",FR-157,SL-028,Proposed,,,,1,,clarification,"DEC-038 guard 4; ADR-0038. This is the ACTUAL control for the accepted SoD residual risk and it is DETECTION, not prevention — so it has to be real. Four fixed defects in this project (DEF-030/031/032, OQ-068) were controls that detected but never told, with the telling half asserted in a comment instead of tested.",,2026-08-14T17:48:18Z
AC-094,"A dirty form registers a beforeunload handler that calls preventDefault, and a clean form removes it","**Given** a user is editing a form with unsaved changes **When** the form is dirty **Then** the page has registered a `beforeunload` handler that calls `preventDefault()` on a cancelable event — the only action a page can take to request the browser's unsaved-changes dialog — **and When** the form becomes clean **Then** that handler is removed. ⚠ NARROWED FROM AC-048 BY SC-014 UNDER DEC-051 d1, AND THE NARROWING IS THE POINT: the original asserted that the browser's built-in dialog is TRIGGERED, which no automation available here can prove — Playwright auto-dismisses native beforeunload dialogs and Chrome suppresses them without a prior user gesture (AV-157, operator decision PE-286). This asserts the application's ENTIRE possible contribution instead, which is testable and is tested.",FR-015,SL-005,Approved,,,,1,,clarification,,"{""supersedes"": ""AC-048"", ""scope_change"": ""SC-014"", ""decision"": ""DEC-051 d1"", ""narrowed_from"": ""the browser's rendering of the beforeunload dialog, which is unprovable by any automation available here"", ""verdict_history_note"": ""AC-048's history is Partial and stops there by operator decision PE-286; this successor is judged on its own narrowed statement, NOT by carrying that Partial forward""}",
AC-095,"Every governed state transition writes a fully-attributed audit entry, visible to Auditor/Chairman/Secretary but not Administrator","**Given** a state transition on any governed entity (topic, decision, vote, action, risk, MoM) <br> **When** the transaction commits <br> **Then** an audit entry is created with entity type, entity ID, action type, actor ID, UTC timestamp, before-state JSON, after-state JSON, and correlation ID, visible to Auditor, Chairman, and Secretary (**not** Administrator — SoD-5, ADR-0027 supersedes the FR-153 role clause).",FR-150,SL-009,Approved,,,,1,,,,"{""supersedes"": ""AC-017"", ""scope_change"": ""SC-013"", ""binding_basis"": ""SL-009's own objective names 'the hash-chained audit store'; verdict evidence is AuditAtomicityTests + AuditApiTests"", ""statement_is_byte_identical_to_AC-017"": ""the criterion is unchanged - only slice_id was added, which is why AC-017's verdict carries here"", ""title_repaired"": ""AC-017's stored title was truncated at 120 chars by the v2.3 import; this row carries a descriptive title instead of propagating the damage. The CRITERION lives in `statement`, which is unchanged.""}",
AC-096,"An audit row cannot be updated or deleted by anyone, including a DBA outside the app","**Given** an audit log entry exists in the database <br> **When** any party (a DBA acting outside the app, or any API call including Administrator) attempts to UPDATE or DELETE that row <br> **Then** the attempt fails via database constraint or application guard; no audit row is ever modified in normal operation.",FR-152,SL-009,Approved,,,,1,,,,"{""supersedes"": ""AC-018"", ""scope_change"": ""SC-013"", ""binding_basis"": ""SL-009's objective names the hash-chained audit store; verdict evidence is AuditEventEnrichmentTests + the no-setters/no-delete design"", ""statement_is_byte_identical_to_AC-018"": ""criterion unchanged; only slice_id added"", ""title_repaired"": ""AC-018's stored title was truncated at 120 chars by the v2.3 import""}",
AC-097,"The hash-chain integrity check reports all-valid, or names the first broken link and its entry","**Given** the audit log implements a hash-chain where each entry's hash covers its data plus the previous entry's hash <br> **When** the Auditor (or Chairman/Secretary; **not** Administrator — SoD-5, ADR-0027) runs the integrity check <br> **Then** the check reports all entries valid, or reports the first broken link and its entry ID if any entry was tampered with.",FR-152,SL-009,Approved,,,,1,,,,"{""supersedes"": ""AC-019"", ""scope_change"": ""SC-013"", ""binding_basis"": ""SL-009's objective names the hash-chained audit store; verdict evidence is AuditEventEnrichmentTests + AuditApiTests /api/audit/verify"", ""statement_is_byte_identical_to_AC-019"": ""criterion unchanged; only slice_id added"", ""title_repaired"": ""AC-019's stored title was truncated at 120 chars by the v2.3 import""}",
AC-098,"The audit register is searchable and paginated for an Auditor, and 403s for a Member or Submitter","**Given** an Auditor searches the audit log with filters entity_type=""Topic"", actor=""user-42"", date range ""2026-06-01..2026-06-30"" <br> **When** the search runs <br> **Then** paginated results show only matching entries with entity type, ID, action type, actor, and timestamp; a Member or Submitter running the same search receives HTTP 403.",FR-153,SL-009,Approved,,,,1,,,,"{""supersedes"": ""AC-020"", ""scope_change"": ""SC-013"", ""binding_basis"": ""SL-009's objective names the hash-chained audit store; verdict evidence is AuditApiTests role matrix on /api/audit"", ""statement_is_byte_identical_to_AC-020"": ""criterion unchanged; only slice_id added"", ""title_repaired"": ""AC-020's stored title was truncated at 120 chars by the v2.3 import""}",
AC-099,Switching EN to AR re-renders the whole interface in Arabic and loses no unsaved form data,"**Given** a user has an unsaved form with data and the interface is in English <br> **When** they switch the locale to Arabic <br> **Then** all labels, buttons, validation messages, and navigation render in Arabic and the form data is preserved exactly; no unsaved data is lost during the switch.",FR-003,SL-003,Approved,,,,1,,,,"{""supersedes"": ""AC-039"", ""scope_change"": ""SC-013"", ""binding_basis"": ""SL-003's objective names 'i18n EN/AR + right-to-left'"", ""statement_byte_identical"": true, ""title_repaired"": ""the predecessor's title was truncated at 120 chars by the v2.3 import; the criterion lives in `statement`, unchanged""}",
AC-100,"Arabic applies dir=rtl at the root and mirrors navigation, inputs and table column order","**Given** a user selects Arabic as their locale <br> **When** any page renders <br> **Then** `dir=""rtl""` is applied to the root, text flows right-to-left, navigation is mirrored, inputs are right-aligned, table columns order right-to-left, and no element uses a hardcoded LTR layout.",FR-004,SL-003,Approved,,,,1,,,,"{""supersedes"": ""AC-040"", ""scope_change"": ""SC-013"", ""binding_basis"": ""SL-003's objective names 'i18n EN/AR + right-to-left'"", ""statement_byte_identical"": true, ""title_repaired"": ""predecessor title truncated at 120 chars by the v2.3 import""}",
AC-101,No LTR flow artifacts are DETECTED under the Arabic locale on Chrome and Edge,"**Given** the Arabic locale is active <br> **When** a visual regression test captures every page <br> **Then** no LTR flow artifacts are detected (no left-anchored text blocks, misaligned icons, or cropped RTL text) on Chrome and Edge.",FR-004,SL-003,Superseded,superseded,SC-015,AC-108,1,1,,,"{""supersedes"": ""AC-041"", ""scope_change"": ""SC-013"", ""binding_basis"": ""SL-003's objective names 'i18n EN/AR + right-to-left' - NOT SL-019, where AC-041 merely appears in a release-audit progress entry; that is where it was assessed, not where it belongs"", ""statement_byte_identical"": true, ""carries_a_PARTIAL"": ""this is the ONE successor in SC-013 that does not carry a Met. AV-158 named two gaps: e2e/vr-sweep.spec.ts is CAPTURE-ONLY (no toHaveScreenshot, no baseline, NO assertion), and playwright.config.ts declares only a chromium project so Edge has never run. DEC-051 d2 settled the instrument: property-level detectors in the rtl-logical-css.test.ts style plus an Edge project - and e2e.yml installs chromium only, so adding Edge is not one line."", ""title_repaired"": ""predecessor title truncated at 120 chars by the v2.3 import""}",2026-08-15T23:02:52Z
AC-102,A dark-theme preference survives sign-out and is active on the next login,"**Given** a user sets their theme preference to ""dark"" <br> **When** they end the session and log in again <br> **Then** the dark theme is active without being set again.",FR-005,SL-003,Approved,,,,1,,,,"{""supersedes"": ""AC-042"", ""scope_change"": ""SC-013"", ""binding_basis"": ""SL-003's objective names the app shell and design tokens; ALSO journal-confirmed - the only progress entry citing AC-042 carries slice_id SL-003"", ""statement_byte_identical"": true, ""title_repaired"": ""predecessor title truncated at 120 chars by the v2.3 import""}",
AC-103,"Every control meets WCAG 2.2 AA for labelling, reading order in LTR and RTL, and contrast","**Given** any form field, label, button, or icon <br> **When** inspected for WCAG 2.2 AA compliance <br> **Then** every control has a programmatically associated label, every icon-only button has an `aria-label`, DOM reading order matches visual order in LTR and RTL, and contrast is at least 4.5:1 for normal text and 3:1 for large text.",FR-004,SL-003,Approved,,,,1,,,,"{""supersedes"": ""AC-046"", ""scope_change"": ""SC-013"", ""binding_basis"": ""SL-003's objective names the app shell, design tokens and RTL; the verdict evidence is an axe WCAG 2.2 AA render"", ""statement_byte_identical"": true, ""title_repaired"": ""predecessor title truncated at 120 chars by the v2.3 import""}",
AC-104,"In-app navigation away from a dirty form warns, and cancelling keeps the data intact","**Given** a user has unsaved changes to a form (topic edit, action update, MoM draft) <br> **When** they navigate away via browser back, nav menu, or route change <br> **Then** a confirmation prompt warns of unsaved changes and offers to leave without saving; confirming proceeds, cancelling keeps them on the form with data intact.",FR-015,SL-005,Approved,,,,1,,,,"{""supersedes"": ""AC-047"", ""scope_change"": ""SC-013"", ""binding_basis"": ""SL-005's objective is intake/triage/backlog; the verdict evidence is SubmitTopic.test (guard dialog on dirty nav), the same surface as AC-094"", ""statement_byte_identical"": true, ""sibling"": ""AC-094 (the beforeunload half); this row is the in-app useBlocker half"", ""title_repaired"": ""predecessor title truncated at 120 chars by the v2.3 import""}",
AC-105,An oversized or wrong-type attachment is rejected with a locale-aware error and stores nothing,"**Given** a user attempts to attach a file to a topic <br> **When** the file exceeds the maximum allowed size (configurable, default 50 MB) or has a disallowed MIME type <br> **Then** the system rejects the upload with a clear locale-aware error naming the violated constraint; no partial file is stored and the topic is unchanged.",FR-006,SL-005,Approved,,,,1,,,,"{""supersedes"": ""AC-049"", ""scope_change"": ""SC-013"", ""binding_basis"": ""SL-005's objective is topic intake; the verdict evidence is TopicAttachmentTests + SubmitTopic.test + e2e ac049-upload-l10n"", ""statement_byte_identical"": true, ""title_repaired"": ""predecessor title truncated at 120 chars by the v2.3 import""}",
AC-106,"A valid attachment stores its metadata in SQL, its content via IFileStore, and emits DocumentAttached","**Given** a valid file is uploaded to a topic <br> **When** the upload completes <br> **Then** the metadata (filename, size, MIME type, uploader ID, UTC timestamp, topic ID) is stored in SQL Server, the content is stored in MinIO via `IFileStore`, and a `DocumentAttached` audit event is emitted.",FR-006,SL-005,Approved,,,,1,,,,"{""supersedes"": ""AC-050"", ""scope_change"": ""SC-013"", ""binding_basis"": ""SL-005's objective is topic intake; the verdict evidence is TopicAttachmentTests plus a live POST to /{id}/attachments against real MinIO"", ""statement_byte_identical"": true, ""title_repaired"": ""predecessor title truncated at 120 chars by the v2.3 import""}",
AC-107,"The Job Monitor shows the queue, history and failed jobs, with reminder executions timestamped","**Given** ACMP is running in Docker Compose <br> **When** an Administrator opens the Hangfire dashboard <br> **Then** they see the job queue, history, and failed jobs; failed jobs retry per the configured policy and reminder and escalation executions are listed with timestamps.",FR-011,SL-008,Approved,,,,1,,,,"{""supersedes"": ""AC-056"", ""scope_change"": ""SC-013"", ""binding_basis"": ""SL-008's objective names 'the Job Monitor' EXPLICITLY - derived from the plan, not inferred; ALSO journal-confirmed, the only progress entry citing AC-056 carries slice_id SL-008"", ""statement_byte_identical"": true, ""title_repaired"": ""predecessor title truncated at 120 chars by the v2.3 import""}",
AC-108,"No physical left/right is encoded in the stylesheets, and the RTL surfaces pass on Chrome and Edge","**Given** the Arabic locale is active **When** the build runs **Then** NO physical left/right direction is encoded anywhere in the stylesheets — no `text-align: left|right`, no `float: left|right`, no physical margin/padding/border sides and no physical insets, each failure naming the file, the line and the logical property that replaces it — **and** the RTL/accessibility surfaces pass on BOTH Chrome and Edge. ⚠ NARROWED FROM AC-101 BY SC-015 UNDER DEC-054 d1. The original asked that 'no LTR flow artifacts are detected' when 'a visual regression test captures every page'. Two things made that unmeetable as written: 'cropped RTL text' is a rendering OUTCOME that JSDOM cannot see, and — decisively — the capture instrument it names is `.gitignore`d and has never run in CI (DEF-077, PR #57). This states what the pipeline genuinely enforces instead.",FR-004,SL-003,Approved,,,,1,,clarification,,"{""supersedes"": ""AC-101"", ""scope_change"": ""SC-015"", ""decision"": ""DEC-054 d1"", ""narrowed_from"": ""'no LTR flow artifacts are detected' via a page-capture sweep - a clause whose instrument is excluded from the repository (DEF-077)"", ""not_claimed"": ""cropped RTL text, and any artifact that only exists once a browser has laid the page out - those need a rendering instrument and JSDOM does not render"", ""verdict_history_note"": ""AC-101 and its predecessor AC-041 carry Partial verdicts (AV-041, AV-158, AV-172) that stay attached to those rows; this successor is judged on its own narrowed statement""}",
AC-109,"A Decided topic can be closed, and closing is refused from every other status","**Given** topic TOP-2026-011 has reached `Decided` <br> **When** the Secretary closes it <br> **Then** its status becomes `Closed`, a `TopicClosedEvent` is raised, and the transition is written to the topic's immutable history with the acting user attributed. <br> **And Given** a topic in any status other than `Decided` <br> **When** a close is attempted <br> **Then** it is refused and the status is unchanged — the refusal is asserted, not assumed, because a transition guard that is never exercised is indistinguishable from an absent one.",FR-160,,Approved,,,,1,,clarification,DEC-057 d2; SC-016,"{""scope_change"": ""SC-016"", ""decision"": ""DEC-057 d2"", ""why_the_negative_clause"": ""RequireStatus(Decided) already exists in Topic.Close; the second clause exists so the guard is MEASURED rather than trusted - the controls-must-detect-and-tell family""}",2026-08-17T19:10:32Z
AC-110,"A deferred topic returns to triage, and its recorded revisit date becomes actionable rather than decorative","**Given** topic TOP-2026-012 was deferred with reason ""awaiting vendor confirmation"" and a revisit date of 2026-09-01 <br> **When** the Secretary returns it to triage <br> **Then** its status becomes `Triage`, a `TopicTriagedEvent` is raised, the original deferral reason remains in the immutable history (FR-044), and the topic reappears in the triage queue. <br> **And Given** a topic that is not `Deferred` <br> **When** a return-to-triage is attempted <br> **Then** it is refused and the status is unchanged. <br> **And** the revisit date shown on the topic detail is reachable by an affordance in the UI — the gap this criterion exists to close is that `RevisitOn` was already displayed with no way to act on it.",FR-161,,Approved,,,,1,,clarification,DEC-057 d2; SC-016,"{""scope_change"": ""SC-016"", ""decision"": ""DEC-057 d2"", ""ui_clause_is_deliberate"": ""DW-015 shipped Topic Prepare BACKEND-ONLY and the core loop stayed broken for real users while every backend test passed; the third clause exists so this criterion cannot be met by an endpoint alone""}",2026-08-17T21:08:33Z
AC-111,A disabled member can be reactivated and can actually sign in again — including a guest the expiry sweep disabled,"**Given** Administrator Alice has deactivated member Bob, or the hourly guest-expiry sweep has disabled guest presenter Carol <br> **When** the Administrator reactivates that account <br> **Then** the member's status returns to `Active`, the action is audited with the acting Administrator attributed, and the member's historical votes, authorship and assignments remain intact and attributed (FR-020's guarantee is not disturbed). <br> **And Given** the reactivated account is a guest whose `AccessExpiresAt` is in the past <br> **When** they attempt to sign in after reactivation <br> **Then** they are **admitted** — proving the access window was explicitly set or cleared, not left stale. <br> ⚠ This second clause is the whole point: `PrincipalRevalidator` refuses an expired window **independently of status**, so a reactivation that flips only `Status` produces an Active-but-refused member, which reads as fixed and is not.",FR-162,,Approved,,,,1,,clarification,DEC-057 d1; SC-016; DEF-085,"{""scope_change"": ""SC-016"", ""decision"": ""DEC-057 d1"", ""discharges"": ""DEF-085"", ""the_trap_this_criterion_guards"": ""AC-090 was once unsatisfiable by construction because authorization was token-driven; the analogous trap here is asserting Status alone and calling it re-admission - the sign-in leg is what makes the verdict evidenced rather than narrated""}",2026-08-17T19:10:32Z
AC-112,A Closed or Rejected topic can be reopened with a recorded reason and re-enters triage,"**Given** topic TOP-2026-013 is `Rejected`, and topic TOP-2026-014 is `Closed` <br> **When** the Secretary reopens either one with the justification ""new regulatory guidance changes the assessment"" <br> **Then** the status becomes `Reopened`, the justification is recorded in the immutable history, a `TopicReopenedEvent` is raised, and the topic re-enters the triage workflow. <br> **And Given** a reopen attempted with an empty or whitespace-only justification <br> **When** it is submitted <br> **Then** it is refused — the reason is mandatory, matching the rejection/deferral rule in FR-044.",FR-045,,Approved,,,,1,,clarification,"DEC-057 d2; SC-016. Written against the EXISTING FR-045, which had no acceptance criterion.","{""scope_change"": ""SC-016"", ""decision"": ""DEC-057 d2"", ""why_this_one_exists"": ""FR-045 was Approved and traced to WBS-5.7 + TEST-018 but carried NO acceptance criterion. Per DW-029 a requirement advances to Implemented only via the AC auto-advance trigger, so FR-045 could be built perfectly and still sit at Approved forever. This AC is what keeps this work from adding a fourth row to the 162-requirement gap."", ""both_source_statuses"": ""Topic.Reopen accepts Rejected OR Closed; the criterion exercises BOTH because the Closed branch only becomes reachable once FR-160 lands""}",2026-08-17T19:10:32Z
AC-113,"A Secretary converts a Decided topic to a different type: the original is retired to Converted with the reason recorded, a new topic of the target type is created carrying the original's attachments, comments and classification, and a typed original->successor link is written","**Given** a topic in status Decided <br> **When** a Chairman or Secretary converts it to a different topic type, supplying a conversion reason <br> **Then** the original moves to Converted and its status history carries the reason; **and** a NEW topic of the target type exists in Submitted, carrying the original's title, description, justification, streams, systems, tags, urgency, source and scope, plus its attachments (pointing at the SAME stored objects) and its comments (retaining their ORIGINAL author and timestamp); **and** a typed ConvertedTo relationship is recorded from the original to the successor; **and** an AuditEvent row is emitted against the original. **And** the conversion is refused from any status other than Decided, refused without a reason, and refused when the target type equals the current type - in each case leaving the topic un-retired.",FR-030,SL-029,Approved,,,,1,,brief,README §E; brief §6.2 (FR-030); DEC-060 d4 (carry-over); DEC-061 (link type),"{""added_by"": ""SC-018"", ""note"": ""FR-030 had NO acceptance criterion, so it was one of the 161 in DW-029's gap and could never have advanced past Approved however well it shipped - the auto-advance trigger fires only on an AC's Met verdict."", ""out_of_scope"": ""Topic.Reclassify (pre-Accept type/source correction) is NOT part of FR-030 - see DW-032. Its guard is disjoint from Convert's.""}",2026-08-18T15:07:45Z
AC-114,"A Restricted topic is readable only by Chairman/Secretary/Auditor, its owner and explicit grantees; excluded from every list surface and from search for everyone else, refused as NOT FOUND by key, and data already copied out of it is redacted at projection","**Given** a topic marked Restricted by a Chairman or Secretary <br> **When** any other principal reads the system <br> **Then** the topic is absent from the backlog, kanban, agenda pool, dashboards and reports **and absent from their totals**; absent from search results; and a direct read by key is refused as **404, not 403**, because a 403 confirms the topic exists. **And** the Chairman, Secretary, Auditor, the topic's Owner and any holder of an explicit per-topic capability grant (Owner/Assignee/Presenter) all still see it. **And** only the Chairman and Secretary may set or clear the classification - not the Owner - and it remains possible on a Decided, Closed or Converted topic. **And** data already copied out of the topic - agenda item title snapshots, published agendas and minutes, traceability relationship title snapshots, and notification bodies - is redacted at PROJECTION time and never by mutating the stored snapshot. **And** confidentiality only ever narrows: an unrestricted topic behaves exactly as before.",FR-163,SL-030,Approved,,,,1,,brief,SEC-304 C-AUTHZ-04; DEC-063 d1 (readers) and d2 (classifiers); SC-019,"{""added_by"": ""SC-019"", ""two_mechanisms"": ""The control is expressed TWICE and both halves must stay equivalent: ConfidentialityRequirement covers the resource-authorized WRITE paths, and a SQL-translatable query predicate covers every read - because no topic read path calls IAuthorizationService at all."", ""egress_note"": ""The redaction clause is the part NOT yet built. It is stated in the AC rather than split into a separate row so the criterion matches FR-163 as written and cannot be read as Met while an agenda still leaks a restricted title.""}",2026-08-19T00:14:47Z
AC-115,"Every routable endpoint requires authorization except health checks and the three Webex routes that cannot carry a bearer, each of which is authenticated another way","**Given** the API host with its real routing table <br> **When** every `RouteEndpoint` is enumerated from `EndpointDataSource` <br> **Then** every endpoint carries `IAuthorizeData` metadata **except** `/healthz`, `/readyz`, `/api/webex/webhook`, `/api/webex/oauth/start` and `/api/webex/oauth/callback`. **And** those five are anonymous BY DESIGN and not unauthenticated: the two health routes are named by NFR-020 itself, and the three Webex routes are browser or server-to-server flows that cannot present a Keycloak bearer - the webhook is authenticated by an HMAC signature filter running before the handler with a 5-minute replay guard, `/start` by an operator-only setup key compared with `FixedTimeEquals` and failing closed to 404, and `/callback` only completes a flow whose single-use `state` cookie was minted by a key-gated `/start` in the same browser. **And** the enumeration is proven to have a subject before any conclusion is drawn from an absence: it must see more than 50 endpoints, more than 40 of them under `/api`. **And** every allowlisted route must still exist, so the list cannot rot into an excuse for a genuinely open endpoint.",NFR-020,SL-031,Approved,,,,1,,brief,NFR-020; docs/domain/security-controls.md; ADR-0004; DW-029 batch 1,"{""added_by"": ""DW-029 batch 1, DEC-064 d5"", ""why_the_existing_tests_were_not_enough"": ""RealJwtAuthTests proves the auth pipeline challenges correctly, but by probing THREE routes: anonymous -> 401, bogus bearer -> 401, health stays open. NFR-020's target is a claim about the WHOLE SET, and three spot checks cannot establish it - a new endpoint group added without RequireAuthorization() would not be one of the three probed. The enumeration control was BUILT for this AC rather than the AC being written around what happened to already be tested."", ""found_on_first_run"": ""Two endpoints with no authorization metadata - /api/webex/webhook and /api/webex/oauth/start. Reading them showed both have real compensating controls, so the finding was in MY allowlist, not in the product. The allowlist now names the mechanism for every entry.""}",2026-08-19T01:00:10Z
AC-116,"An enriched audit row records all eight fields FR-151 names, with the timestamp in UTC, and the stored hash recomputes","**Given** an enriched (v2) audit event <br> **When** the row is read back <br> **Then** it records all eight fields FR-151 names: entity type (`SubjectType`), entity ID (`SubjectId`), action type (`Action`), actor user ID (`ActorUserId`), timestamp (`OccurredAt`), before-state (`BeforeJson`), after-state (`AfterJson`) and correlation ID (`CorrelationId`). **And** the timestamp is UTC - a zero offset - because FR-151 says UTC and a local-time audit trail cannot be ordered against another machine's. **And** the row is internally consistent: the stored hash recomputes from its own canonical payload, so a field cannot be edited without detection. **And** the legacy v1 columns still mirror action and actor, so pre-enrichment readers keep working.",FR-151,SL-031,Approved,,,,1,,brief,FR-151; ADR-0009; DW-029 batch 1,"{""added_by"": ""DW-029 batch 1, DEC-064 d5"", ""gap_closed"": ""FR-151 names EIGHT fields; AuditEventEnrichmentTests.Enriched_row_captures_the_full_field_set_and_is_v2 asserted SEVEN. The timestamp was the unasserted one - the field every 'who did what WHEN' question reads, and the one whose UTC-ness the requirement states explicitly. Writing the AC around the seven that were tested would have been exactly the hollow verdict this programme exists to stop, so the assertion was added.""}",2026-08-19T01:00:10Z
AC-117,"Selecting Arabic sets dir=rtl and lang=ar on the document element, and no component stylesheet uses a physical left/right property","**Given** a user selects Arabic <br> **When** the locale is applied <br> **Then** `dir=""rtl""` and `lang=""ar""` are set on the **document element** - `<html>`, not a wrapper - because a portaled dialog escapes a wrapper and would read LTR inside an RTL page. **And** selecting English sets `dir=""ltr""` and `lang=""en""`, so the control reverses cleanly rather than latching. **And** no component stylesheet declares a physical-side property (`padding-left`, `margin-right`, `border-left`, and the rest); layout is expressed in logical properties throughout, which is what makes the mirroring automatic rather than hand-maintained per rule. **And** the target is literally zero such declarations, not merely few.",NFR-036,SL-031,Approved,,,,1,,brief,NFR-036; ADR-0012; DW-029 batch 1,"{""added_by"": ""DW-029 batch 1, DEC-064 d5"", ""both_halves_verified"": ""NFR-036 has two clauses and each has its own control: direction.test.ts covers the dir/lang half and rtl-physical-direction.test.ts covers the logical-properties half. The second is the one usually left as an aspiration - a physical-side count was taken independently and is genuinely 0 across styles/ and features/*/, so the target is met rather than approximately met."", ""stale_reference_noted"": ""direction.test.ts's header comment cites AC-040, which is Superseded and belongs to FR-004. The comment is stale, not wrong-headed; NFR-036 genuinely had no active AC, which is why this row exists. Not edited here - it is a comment, and touching it would put an unrelated source change in a package batch.""}",2026-08-19T01:00:10Z
AC-118,"Superseding an ADR links both records in both directions, freezes the prior as Superseded, preserves both, and leaves neither editable","**Given** an Approved ADR <br> **When** it is superseded by a new ADR <br> **Then** the prior moves to `Superseded` and carries `SupersededByAdrId` pointing at its successor, and the detail read resolves the peer key in BOTH directions so the page can render 'Supersedes' and 'Superseded by'. **And** both records are PRESERVED - the prior is still retrievable by its own key after the event, never deleted. **And** both are IMMUTABLE: content edits go through `UpdateDraft`, which calls `RequireStatus(AdrStatus.Draft)`, so neither an Approved nor a Superseded ADR can be revised. **And** supersession is only possible FROM Approved, and both the successor's approval and the prior's supersession are audited as separate events.",FR-101,SL-031,Approved,,,,1,,brief,FR-101; ADR-0006; DW-029 batch 2,"{""added_by"": ""DW-029 batch 2, DEC-064 d5"", ""no_new_code_needed"": ""Unusually for this programme, FR-101 was fully covered before the AC existed. AdrHandlerTests.Supersede_authors_a_new_approved_adr_and_freezes_the_prior_with_both_links covers the links, the freeze, the preservation and both audit events; AdrTests.UpdateDraft_replaces_content_and_options_only_while_draft FORCES the immutability refusal, and AdrTests.Supersede_freezes_the_prior_with_a_backlink_and_only_from_approved covers the from-Approved guard. The AC was written to the requirement and then the coverage was checked against it - not the reverse.""}",
AC-119,"Cancelling an action requires a bilingual reason and the cancelled action is preserved with that reason intact, never deleted","**Given** an open action <br> **When** a Secretary cancels it <br> **Then** the command is REFUSED unless it carries a reason in both EN and AR - the reason is mandatory, not optional metadata. **And** the action moves to `Cancelled` rather than being removed: it is still retrievable by its key afterwards, which is the whole point of the requirement, because an action that vanishes takes its history with it. **And** the cancellation reason is preserved on the record and readable in both languages, so the audit trail explains WHY and not merely THAT.",FR-086,SL-031,Approved,,,,1,,brief,FR-086; DW-029 batch 2,"{""added_by"": ""DW-029 batch 2, DEC-064 d5"", ""gap_closed"": ""FR-086 names three clauses - mandatory reason, remains in history, never deleted - and ActionHandlerTests.Cancel_handler_moves_to_cancelled asserted only the status. Preservation was proven INCIDENTALLY: the read-back used a null-forgiving dereference, so a delete would have surfaced as a NullReferenceException rather than as a named failure. That is a real signal but an accidental one, and the reason's survival was not asserted at all. Both are now explicit. The mandatory-reason clause was already covered by Cancel_validator_requires_a_bilingual_reason.""}",
AC-120,"The API is bearer-only with no cookie authentication scheme, so no ambient credential exists for a cross-site request to ride","**Given** the production authentication wiring <br> **When** the registered authentication schemes are enumerated <br> **Then** NO scheme uses a cookie handler - checked on the HANDLER TYPE, not the scheme name, so a cookie scheme registered under any custom name is still caught. **And** the default authenticate scheme IS JWT bearer, because 'no cookie scheme' on its own is equally true of an app with no authentication at all; the two together say bearer-and-only-bearer. **And** the enumeration is proven to inspect PRODUCTION wiring rather than the test harness: the test authentication scheme must be absent from the list. **THIS IS HOW NFR-022 IS SATISFIED, and the reasoning is the criterion:** the anti-forgery token and the SameSite policy that NFR-022 names both defend against an AMBIENT credential the browser attaches by itself. A bearer token must be attached deliberately by the caller on every request, so cross-site request forgery has nothing to forge with. The control therefore guards the PREMISE - adding a cookie scheme would silently reintroduce the attack and would make one of NFR-022's two named mechanisms genuinely required.",NFR-022,SL-031,Approved,,,,1,,brief,NFR-022; docs/domain/security-controls.md; DW-029 batch 2,"{""added_by"": ""DW-029 batch 2, DEC-064 d5"", ""target_clause_note"": ""NFR-022's literal target is '0 CSRF vulnerabilities per OWASP ZAP scan'. No ZAP scan runs in this repository's CI, so that clause is NOT claimed as verified by this AC and no verdict pretends otherwise. What IS verified is the structural property that makes the vulnerability class inapplicable. If a ZAP scan is ever added, it belongs against this AC as additional evidence."", ""hollow_first_draft"": ""The first version of this control ran on AcmpWebApplicationFactory, which calls AddAuthentication(TestAuthHandler.SchemeName) and REPLACES the real schemes - so it inspected the harness and would have passed regardless of what production registers. It was caught only because the default-scheme case failed loudly with 'Test' instead of 'Bearer'. The suite now uses a factory that leaves authentication alone AND asserts the test scheme is absent, so the harness cannot leak back in unnoticed. Recorded because the near-miss is more instructive than the fix.""}",
AC-121,"Every ballot is attributed to its voter, the cast is audited, and the results surface shows both individual choices and aggregate totals","**Given** a vote with eligible voters <br> **When** a voter casts a ballot <br> **Then** the ballot is recorded AGAINST THAT VOTER - the read model exposes the ballot keyed by `VoterUserId` with the voter's display name and their choice - and the cast emits a `Decisions.BallotCast` audit event. **And** the results surface shows BOTH halves that NFR-029 names: the individual ballots and the aggregate option counts, with the frozen server tally authoritative once the vote is Closed and a derived live tally while it is Open. **And** there is no anonymization pathway: `Ballot.VoterUserId` is a non-nullable string set once at construction with a private setter, so the domain has no operation that can detach a ballot from its voter - anonymity is absent by construction, not by policy.",NFR-029,SL-031,Approved,,,,1,,brief,NFR-029; ADR-0010; DW-029 batch 4,"{""added_by"": ""DW-029 batch 4, DEC-064 d5"", ""evidence_split"": ""Three clauses are auto-tested; the fourth ('no anonymization pathway') is STRUCTURAL ANALYSIS, not a measurement, and the verdict says so rather than dressing it as a test. There is no test that asserts the absence of an anonymize operation, because an absence needs an instrument and no natural one exists here - what exists is a non-nullable field with a private setter and no mutator, which is a stronger guarantee than a test would be but is established by reading the type, not by running it."", ""no_divergence_found"": ""Unlike NFR-025 in the previous batch, the visibility clause here does NOT diverge. NFR-029 says individual choices are 'accessible to Auditor and Chairman' AND that 'the results view displays both individual choices and aggregate totals' - the second clause makes wider visibility consistent with the requirement rather than a violation of it, since the whole point of ADR-0010 is that v1 voting is not anonymous.""}",
AC-122,"A meeting recording's playback URL is mintable only by Chairman, Secretary or Auditor, and every successful mint writes an audit row","**Given** a meeting with an uploaded recording <br> **When** a principal requests its playback URL <br> **Then** the request succeeds ONLY for the three roles NFR-025 names - Chairman, Secretary, Auditor - and every other role is refused with 403, including Member, Reviewer and Submitter, who can open the meeting itself perfectly well. **And** each successful mint writes a `Meetings.RecordingAccessed` audit row naming the meeting, so 'all access to transcript content shall generate an audit log entry' is satisfied rather than aspirational. **And** the row is written only AFTER a URL is actually minted: a meeting with no recording returns 404 and writes NOTHING, because it grants nothing - the row must mean 'a capability was handed out', not 'someone asked'. **And** the URL itself never appears in the audit row, because NFR-027 keeps presigned URLs out of logs and an audit row is a log. **And** the READ set is not the WRITE set: the Auditor may mint a playback URL but may not upload or delete a recording, which stays Chairman/Secretary.",NFR-025,SL-031,Approved,,,,1,,brief,NFR-025; docs/domain/security-threat-model.md; ADR-0009; DEF-094; DW-029 batch 6,"{""added_by"": ""DW-029 batch 6, closing DEF-094 under DEC-064's disposition"", ""why_minting_is_an_access_event"": ""A presigned URL is a BEARER-LESS CAPABILITY: whoever holds it can stream the recording for its whole TTL with no further authentication. So the mint - not some later download the application never sees - is the only moment access can be recorded at all. That is also why the role gate belongs on this read and not only on the upload."", ""built_not_reworded"": ""The operator chose to build the requirement rather than narrow it to match the code. Two existing tests had encoded the divergence as intent - one literally read 'any member can fetch the presigned playback URL' - and were changed with the behaviour. An AC written before that decision would have had to record Not-met.""}",2026-08-19T12:37:34Z
AC-123,"The audit table is append-only at the DATABASE, not merely by application convention: the app's own SQL login is denied UPDATE and DELETE on it","**Given** a real SQL Server with the production grants applied <br> **When** the application's own SQL login attempts to UPDATE or DELETE an audit row <br> **Then** the DATABASE refuses it - the application role may INSERT and SELECT on the audit table and nothing else. **And** the refusal is not a property of the ORM or of careful application code: a least-privileged service login holding `db_datawriter`, which can write every other table, is still denied audit mutation. **And** the append and read paths continue to work under the same grants, so the control narrows without breaking the log it protects.",NFR-040,SL-031,Approved,,,,1,,brief,NFR-040; ADR-0009; docs/domain/audit-and-records.md; DW-029 batch 7,"{""added_by"": ""DW-029 batch 7, Must-priority sequencing (DEC-064 d5)"", ""stronger_than_written"": ""NFR-040 asks for 0 UPDATE/DELETE statements targeting the audit table IN APPLICATION CODE - a property of the source, which a future commit could quietly violate. What is actually built is stronger: the DATABASE denies the mutation to the application's own login, so even code that tried would fail at runtime. The AC is written to the stronger property because that is what the tests prove; a source-only criterion would have been satisfiable by a grep and would have said less.""}",
AC-124,"A state transition and its audit row commit together or not at all, and the hash chain does not fork under concurrency","**Given** a command that transitions a governed entity <br> **When** it commits <br> **Then** the entity change and its audit row land in THE SAME DATABASE TRANSACTION - proven in both directions, because one direction alone is not the requirement: a successful cast commits both the ballot and its audit row, AND an audit append that fails ROLLS THE BALLOT BACK. A state transition without an audit entry is impossible rather than merely discouraged. **And** a REFUSED command still audits: a double-cast denial's audit row survives the thrown command, so the record shows attempts as well as successes. **And** under concurrency the guarantee holds without corrupting the log: concurrent commands all commit without forking the audit hash chain, and concurrent DENIALS likewise record through the retry without forking it. **And** the enriched row carries populated before/after state rather than empty placeholders.",NFR-042,SL-031,Approved,,,,1,,brief,NFR-042; ADR-0009; docs/domain/audit-and-records.md; DW-029 batch 7,"{""added_by"": ""DW-029 batch 7, Must-priority sequencing (DEC-064 d5)"", ""why_both_directions_matter"": ""'Every state transition generates an audit entry within the same TX' is only half-tested by a commit-together case. The load-bearing test is Audit_append_failure_rolls_the_ballot_back: without it, an implementation that wrote the audit row on a best-effort basis outside the transaction would pass the happy path and still violate the requirement in exactly the situation the requirement exists for."", ""chain_note"": ""The concurrency cases are included in the criterion rather than treated as separate hardening, because an audit chain that forks under load is not an audit chain - the same-transaction guarantee would hold per command while the log as a whole stopped being verifiable.""}",
AC-125,"No module references another module's types, and the layering holds, enforced as a compiled assembly-dependency test rather than by review","**Given** the compiled assemblies <br> **When** their references are inspected <br> **Then** NO module depends on another module: every one of the thirteen modules that exist - Membership, Topics, Meetings, Decisions, Actions, Risks, Dependencies, Governance, Research, Knowledge, Notifications, Traceability and Integrations/Webex - has its own boundary assertion. **And** the layering holds within a module: Domain depends on neither Application nor Infrastructure and does not reference EntityFrameworkCore, and Application does not depend on Infrastructure. **And** the enforcement is a TEST OVER COMPILED ASSEMBLIES, not a convention or a review checklist, so a violation fails the build rather than waiting to be noticed - which is what makes ADR-0001's in-process-contract rule survive contact with a hurry.",NFR-047,SL-031,Approved,,,,1,,brief,NFR-047; ADR-0001; ADR-0002; docs/domain/repository-structure.md; DW-029 batch 7,"{""added_by"": ""DW-029 batch 7, Must-priority sequencing (DEC-064 d5)"", ""precision_about_the_module_list"": ""⚠ NFR-047 names SIXTEEN canonical modules; only THIRTEEN exist as module projects, and the AC says thirteen deliberately rather than claiming the requirement's own list is covered. The three that are absent are absent by design, not by omission: DIAGRAMS does not exist because Tarseem is deferred indefinitely (DEC-028, DW-011); REPORTING is an SPA feature composed client-side over existing APIs, not a backend module; and AUDIT&RECORDS and PLATFORM live in the shared kernel (Acmp.Shared) which every module may reference by construction, so a boundary assertion against them would be meaningless. Verified by listing src/Modules - 13 directories - and matching each against a named test.""}",
AC-126,No secret reaches source or images: a gating full-history gitleaks scan runs on every push with a triaged allowlist that no longer exempts whole file types,"**Given** the repository and its complete commit history <br> **When** CI runs <br> **Then** gitleaks scans with `--exit-code=1`, so a finding BLOCKS rather than warns, and it scans the FULL history (`fetch-depth: 0`) rather than the diff - a secret committed and later deleted is still a leaked secret. **And** the allowlist is triaged entry by entry, with each exemption naming why it is not a secret; it does NOT exempt a whole file type. **And** application secrets are supplied at runtime through environment variables or a secrets manager, never literals in source, build artifacts or container images.",NFR-024,SL-031,Approved,,,,1,,brief,NFR-024; docs/domain/security-controls.md; DW-029 batch 8,"{""added_by"": ""DW-029 batch 8, Must-priority sequencing (DEC-064 d5)"", ""the_clause_that_earns_its_place"": ""'no longer exempts whole file types' is in the criterion because of DEF-081: the allowlist USED to carry a '.*\\.md' path entry, which exempted EVERY markdown file, and the gating full-history scan passed over 153 commits while real finding sites sat in .md files. A green scan with a hole that size is worse than no scan, so the AC asserts the shape of the allowlist and not merely that the job exists and is green. This is the same failure family as DEF-078's healthcheck that evaluated zero checks.""}",
AC-127,"Line coverage is gated in CI at a threshold well above the requirement's floor, enforced PER FILE as well as globally","**Given** the test run <br> **When** the coverage gate executes <br> **Then** the build FAILS unless line coverage meets the threshold, so coverage is a gate and not a report nobody reads. **And** the threshold is enforced PER FILE as well as globally - a global average can hide an untested file behind well-covered neighbours, which is exactly what a domain-logic floor is meant to prevent. **And** the enforced threshold EXCEEDS the requirement's floor: NFR-048 asks for at least 80% on domain logic and the gate is set at 95% across the board.",NFR-048,SL-031,Approved,,,,1,,brief,NFR-048; ADR-0016; docs/validation/test-strategy.md; DW-029 batch 8,"{""added_by"": ""DW-029 batch 8, Must-priority sequencing (DEC-064 d5)"", ""why_per_file_is_the_load_bearing_clause"": ""coverlet's own threshold is per-ASSEMBLY only, which is why scripts/check-coverage.mjs exists at all: a per-assembly or global number can sit comfortably above 95% while a single new domain file has none. The per-file rule is what makes the number mean what a reader assumes it means."", ""stronger_than_written"": ""NFR-048 scopes its 80% to DOMAIN LOGIC specifically; the gate applies 95% to every measured file in the solution, so the requirement's floor is cleared with margin and by a wider rule than it asks for. The AC is written to what is enforced.""}",
AC-128,"Every dependency is version-bounded, and High/Critical advisories block the build in both ecosystems rather than merely raising a pull request","**Given** the .NET and npm dependency manifests <br> **When** they are inspected <br> **Then** NO dependency is declared with a wildcard or an unbounded range - every `.csproj` PackageReference carries an explicit version and every npm dependency a bounded specifier. **And** known High/Critical advisories BLOCK the build in both ecosystems, through `check-vulns.mjs` for .NET and `check-npm-audit.mjs` for npm, each with an explicit triage allowlist where every exemption records why it does not apply to ACMP. **And** Dependabot is configured across all four ecosystems - nuget, npm, docker and github-actions - so updates arrive continuously rather than on a manual sweep.",NFR-051,SL-031,Approved,,,,1,,brief,NFR-051; docs/domain/security-controls.md; DW-029 batch 8,"{""added_by"": ""DW-029 batch 8, Must-priority sequencing (DEC-064 d5)"", ""the_48_hour_clause"": ""⚠ NFR-051 says Dependabot 'shall be configured to alert on known CVEs within 48 hours'. A LATENCY TARGET CANNOT BE VERIFIED FROM THE REPOSITORY - it depends on GitHub's advisory feed, not on anything in this codebase - and this AC does not claim it. What it asserts instead is the stronger practical property: the gates run on EVERY push and pull request and FAIL the build, so a High/Critical advisory stops work at the next CI run rather than being announced within two days. The requirement's intent is met by a faster mechanism than the one it names; its literal words are not independently measurable here and are not claimed."", ""triage_not_suppression"": ""Both gates were deliberately built with a triage allowlist rather than a blanket audit-level flag - the note in ci.yml records that `npm audit --audit-level=high` was replaced precisely because it had no triage mechanism, so a single unfixable advisory would otherwise have forced the whole gate to be disabled.""}",
AC-129,"A closed vote and an issued decision are frozen at their immutability event, and correction is only possible by supersession","**Given** a vote that has closed or a decision that has been issued <br> **When** any change to it is attempted <br> **Then** it is REFUSED by a domain guard - a closed vote is forward-only and immutable, and its tally is frozen with the counter recorded at close rather than recomputed later. **And** an issued decision cannot be re-superseded, so the supersession chain cannot be rewritten after the fact. **And** supersession is only available FROM an issued decision: attempting it against a draft trips the domain guard, so the correction path cannot be used to bypass the lifecycle. **And** correction is therefore possible ONLY by authoring a new superseding record with a back-link to the prior, never by mutating the frozen one.",NFR-041,SL-031,Approved,,,,1,,brief,NFR-041; ADR-0009; docs/domain/audit-and-records.md; DW-029 batch 9,"{""added_by"": ""DW-029 batch 9, Must-priority sequencing (DEC-064 d5)"", ""guards_proven_by_refusal"": ""Every clause here is covered by a test that FORCES the refusal rather than merely exercising the happy path - Vote_is_forward_only_and_immutable_after_close, Issued_decision_is_immutable_no_re_supersede, Supersede_on_a_draft_prior_trips_the_domain_guard. That matters for an immutability requirement more than for most: a happy-path test proves you CAN write the record, never that you cannot rewrite it.""}",
AC-130,"UI strings live in the react-i18next resource files with EN/AR parity, and a separate gate reads the components to prove none was typed into JSX instead","**Given** the SPA <br> **When** CI runs <br> **Then** BOTH of NFR-035's clauses are gated, by two different instruments, because one cannot see what the other checks. **Externalization:** `check-i18n.mjs` fails the build on any EN/AR key-parity gap and additionally on mojibake - Arabic written as Latin-1-decoded UTF-8, a defect class this project has actually hit. **No hardcoded display strings:** `check-hardcoded-strings.mjs` reads the COMPONENTS and fails on any JSX text node containing words, which the parity check is structurally incapable of noticing - a label typed straight into JSX never enters either resource file, so parity stays perfect while the string ships untranslatable. **And** the component gate is proven to have a subject: it refuses to report a clean tree over fewer than 50 components, so it cannot pass by scanning nothing.",NFR-035,SL-031,Approved,,,,1,,brief,NFR-035; ADR-0012; DW-042; DW-029 batch 10,"{""added_by"": ""DW-029 batch 10, closing DW-042 under DEC-064's build-the-missing-half policy"", ""two_instruments_one_requirement"": ""The criterion names both gates deliberately. NFR-035 reads as a single sentence but contains two independent claims, and the obvious instrument - the i18n gate - can only ever verify the first. Writing an AC that cited check-i18n alone would have recorded Met for a half-guarded requirement while looking thoroughly evidenced, which is the exact shape this programme keeps finding in OTHER requirements."", ""scanner_scope"": ""⚠ The scanner reads JSX TEXT NODES. It does NOT yet flag display text passed as an ATTRIBUTE - aria-label, title, placeholder - which is also user-visible. That is a real remaining gap, deliberately not claimed by this AC, and it needs a different matcher because attributes cannot be distinguished from non-display attributes by position alone.""}",2026-08-19T15:50:34Z
AC-131,"User input is validated server-side before it reaches persistence, no user input reaches SQL as concatenated text, and a gating SAST job scans the whole tree for injection vectors","**Given** every write command in the modular monolith <br> **When** it carries user-supplied input <br> **Then** that input is validated server-side before it reaches persistence - by a FluentValidation validator bound to the command through the shared ValidationBehavior pipeline, or by a guard inside the domain aggregate the handler calls. **And** no user input reaches SQL as concatenated text: every query is EF Core LINQ, full-text search goes through EF.Functions, and the single DbCommand.CommandText in the whole of src/ is a compile-time constant that takes no parameters at all. **And** the scan that would DETECT an injection vector is a gating CI job over the whole tree, proven to fire on this codebase rather than assumed to.",NFR-021,SL-031,Approved,,,,1,,brief,NFR-021; docs/domain/security-controls.md; .github/workflows/security.yml; DW-029 batch 13,"{""added_by"": ""DW-029 batch 13"", ""three_clauses_one_requirement"": ""NFR-021 reads as one sentence and contains three independent claims - validate server-side, never concatenate SQL, and prove it with a scanner. The criterion names all three because each needs a different instrument: a command census for the first, a raw-SQL sweep for the second, and the CI SAST job for the third. An AC citing only the SAST job would have recorded Met for a requirement whose first clause was never examined."", ""validation_is_non_uniform"": ""Two mechanisms satisfy clause one, not one. 78 of 116 command types carry an AbstractValidator; the rest are guarded in the domain or carry only identifiers. That is WHY the census had to be read command by command - a count of validators alone reads as a 38-command hole and would have produced a false defect.""}",2026-08-19T16:50:24Z
AC-132,"Each of the five canonical workflows has both a happy-path and a failure-path test through the real HTTP pipeline, above the criterion's floor of ten","**Given** the five canonical workflows named by the requirement - topic intake, agenda creation, meeting and minutes, vote and decision, action lifecycle <br> **When** the solution test suite runs in CI <br> **Then** each workflow has at least one end-to-end happy-path test AND at least one failure-path test, every one exercised through the real HTTP pipeline via WebApplicationFactory<Program> with authorization, model binding, the MediatR pipeline and the exception handler all in play. **And** the total is above the criterion's floor of ten, counted as named tests per workflow rather than as a project-wide test count, because a floor met by ten tests of one workflow would satisfy the number while failing the requirement.",NFR-049,SL-031,Approved,,,,1,,brief,NFR-049; ADR-0016; docs/validation/test-strategy.md; tests/Acmp.Api.Tests; DW-029 batch 13,"{""added_by"": ""DW-029 batch 13"", ""counted_per_workflow_not_in_total"": ""The requirement's own target arithmetic is 5 workflows x 2 = at least 10, so the honest instrument counts per workflow and not in total. Acmp.Api.Tests holds 49 files and would clear a bare count of ten many times over while leaving a workflow uncovered; the verdict therefore names the specific happy-path and failure-path test for each of the five."", ""provider_divergence_not_claimed"": ""The test-strategy narrative describes these as running against a real SQL Server via Testcontainers. AcmpWebApplicationFactory substitutes EF InMemory for every module context. The criterion as written names no provider, so this AC is measured against the criterion and deliberately does not certify the narrative. The real-SQL-Server project is Acmp.Integration.Tests.""}",2026-08-19T16:50:24Z
