id,ac_id,verdict,evidence,verified_by,verification_method,against_commit,iteration,recorded_at,custom_attributes,last_referenced
AV-001,AC-001,Met,"manual (live UI: ACMP /login → Keycloak → /dashboard authenticated; + token roles Administrator,Secretary / aud acmp-api / GET /api/members 200)",,,,1,,"{""v1"": {""AC"": ""AC-001"", ""Section"": ""Auth & Identity"", ""Verdict"": ""Met"", ""Test ref"": ""manual (live UI: ACMP /login → Keycloak → /dashboard authenticated; + token roles Administrator,Secretary / aud acmp-api / GET /api/members 200)"", ""Notes"": ""Full SSO round-trip through the app UI verified (after CSP connect-src fix). Logout button added (TopBar) and verified end-to-end (dashboard → /login). Automated UI regression now landed — auth.spec (S6a) asserts the unauthenticated deep-link→/login guard and the real Keycloak PKCE round-trip → authenticated dashboard, in CI on the live stack""}}",
AV-002,AC-002,Met,KeycloakRoleClaimMapperTests + MembershipFeatureTests + MembershipApiTests (/me),,,,1,,"{""v1"": {""AC"": ""AC-002"", ""Section"": ""Auth & Identity"", ""Verdict"": ""Met"", ""Test ref"": ""KeycloakRoleClaimMapperTests + MembershipFeatureTests + MembershipApiTests (/me)"", ""Notes"": ""Claim→Secretary mapped; JIT profile gets the role end-to-end""}}",
AV-003,AC-003,Partial,KeycloakRoleClaimMapperTests + MembershipFeatureTests,,,,1,,"{""v1"": {""AC"": ""AC-003"", ""Section"": ""Auth & Identity"", ""Verdict"": ""Partial"", ""Test ref"": ""KeycloakRoleClaimMapperTests + MembershipFeatureTests"", ""Notes"": ""No-claim → deny (fail-closed default) + AuthEvent to log sink; immutable store → BL-066""}}",
AV-004,AC-004,Pending,,,,,1,,"{""v1"": {""AC"": ""AC-004"", ""Section"": ""Auth & Identity"", ""Verdict"": ""Pending"", ""Test ref"": ""—"", ""Notes"": ""Idle timeout re-auth (ACMP-realm session policy, OQ-003 + form auto-save); needs live realm""}}",
AV-005,AC-005,Partial,PermissionMatrixTests + MembershipApiTests,,,,1,,"{""v1"": {""AC"": ""AC-005"", ""Section"": ""RBAC"", ""Verdict"": ""Partial"", ""Test ref"": ""PermissionMatrixTests + MembershipApiTests"", ""Notes"": ""Submitter denied (matrix every restricted policy + HTTP 403); nav hidden P3; named feature endpoints P5–P9""}}",
AV-006,AC-006,Partial,PermissionMatrixTests + MembershipApiTests,,,,1,,"{""v1"": {""AC"": ""AC-006"", ""Section"": ""RBAC"", ""Verdict"": ""Partial"", ""Test ref"": ""PermissionMatrixTests + MembershipApiTests"", ""Notes"": ""Auditor 403 on mutate (matrix + HTTP); audit-on-deny → BL-066; feature endpoints P5+""}}",
AV-007,AC-007,Partial,PermissionMatrixTests,,,,1,,"{""v1"": {""AC"": ""AC-007"", ""Section"": ""RBAC"", ""Verdict"": ""Partial"", ""Test ref"": ""PermissionMatrixTests"", ""Notes"": ""SoD-5 proven: Administrator denied on every committee-content policy; live vote/decision API 403 → P7/P9""}}",
AV-008,AC-008,Met,MembershipApiTests (No_token_returns_401),,,,1,,"{""v1"": {""AC"": ""AC-008"", ""Section"": ""RBAC"", ""Verdict"": ""Met"", ""Test ref"": ""MembershipApiTests (No_token_returns_401)"", ""Notes"": ""RequireAuthorization + JwtBearer → 401 without a token""}}",
AV-009,AC-009,Partial,AbacHandlerTests + TopicApiTests (grant-on-accept),,,,1,,"{""v1"": {""AC"": ""AC-009"", ""Section"": ""ABAC"", ""Verdict"": ""Partial"", ""Test ref"": ""AbacHandlerTests + TopicApiTests (grant-on-accept)"", ""Notes"": ""Grant-on-accept + ABAC owner check proven live on accept; per-topic edit 403 → P5b""}}",
AV-010,AC-010,Partial,AbacHandlerTests + MembershipResolverTests,,,,1,,"{""v1"": {""AC"": ""AC-010"", ""Section"": ""ABAC"", ""Verdict"": ""Partial"", ""Test ref"": ""AbacHandlerTests + MembershipResolverTests"", ""Notes"": ""Stream scope handler + resolver proven; live action-on-out-of-scope-topic 403 → P5/P8""}}",
AV-011,AC-011,Partial,AbacHandlerTests,,,,1,,"{""v1"": {""AC"": ""AC-011"", ""Section"": ""ABAC"", ""Verdict"": ""Partial"", ""Test ref"": ""AbacHandlerTests"", ""Notes"": ""Capability scoped to the specific topic proven; presenter meeting-window runtime enforcement → P9 (live vote/meeting-window path)""}}",
AV-012,AC-012,Met,"SegregationOfDutiesTests + ActionHandlerTests (owner-verify denied + `ActionVerifyDenied` audit, stays Completed) + ActionsApiTests (owner verify → 403, HTTP) + ActionActions.test (Verify hidden from owner/completer; server 403 surfaced without closing the dialog) + p17b-immutability.spec.ts (live real-stack: the owner/completer opens their own Completed action and is offered NO Verify button)",,,,1,,"{""v1"": {""AC"": ""AC-012"", ""Section"": ""SoD-1"", ""Verdict"": ""Met"", ""Test ref"": ""SegregationOfDutiesTests + ActionHandlerTests (owner-verify denied + `ActionVerifyDenied` audit, stays Completed) + ActionsApiTests (owner verify → 403, HTTP) + ActionActions.test (Verify hidden from owner/completer; server 403 surfaced without closing the dialog) + p17b-immutability.spec.ts (live real-stack: the owner/completer opens their own Completed action and is offered NO Verify button)"", ""Notes"": ""P8a: the SoD-1 gate is enforced in `VerifyActionHandler` — the owner's verify attempt is audited then refused (403). P8b2a: the Verify UI hides the button from the owner/completer and surfaces the API 403; the API stays the real gate. **Met (interpretation, OQ-053):** SoD-1 is enforced by **prevention** — no in-UI \""attempt\"" occurs because the owner never sees Verify (proven live), and the API 403 is the backstop (HTTP-tested). The AC's implied owner-attempts-and-is-blocked flow does not occur in-product; recorded as the interpretation. From Partial → Met (P17b, 2026-07-17).""}}",
AV-013,AC-013,Met,"SegregationOfDutiesTests + ActionHandlerTests (independent verifier → Verified + `ActionVerified` audit) + ActionsApiTests (third-party verify → 204, Verified) + ActionActions.test (a non-owner verifier sees + triggers Verify → `useVerifyAction`) + p17b-actions.spec.ts (live real-stack: a chairman owns + completes an action, then the secretary — a different sub — opens it and drives Verify in the UI → 204 → the action reaches Verified)",,,,1,,"{""v1"": {""AC"": ""AC-013"", ""Section"": ""SoD-1"", ""Verdict"": ""Met"", ""Test ref"": ""SegregationOfDutiesTests + ActionHandlerTests (independent verifier → Verified + `ActionVerified` audit) + ActionsApiTests (third-party verify → 204, Verified) + ActionActions.test (a non-owner verifier sees + triggers Verify → `useVerifyAction`) + p17b-actions.spec.ts (live real-stack: a chairman owns + completes an action, then the secretary — a different sub — opens it and drives Verify in the UI → 204 → the action reaches Verified)"", ""Notes"": ""P8a: the positive verify path (verifier ≠ owner ≠ completer) transitions Completed→Verified, stamps the verifier, notifies the owner. P8b2a: a non-owner verifier's Verify button POSTs `/actions/{id}/verify`. **Met** flip: the live UI verify leg passed (P17b, 2026-07-17) — a genuinely non-owner/non-completer secretary clicks Verify and the action reaches Verified through the real stack (SoD-1 positive). Satisfies the live-leg rule ([definition-of-done.md](../execution/definition-of-done.md) §The live-leg rule). From Partial → Met (P17b, 2026-07-17).""}}",
AV-014,AC-014,Met,"MinutesHandlerTests (sole-author approval allowed + flagged; different approver clears the flag) + MinutesApiTests (sole-author publish → ApprovedBySoleAuthor) + MeetingMinutes.test (approved sole-author MoM renders the warning badge; a non-sole-author approval renders none) + p17b-sole-author.spec.ts (live real-stack: a secretary authors → submits → approves a MoM — author === approver — and the minutes banner renders the ""Approved by sole author"" warning)",,,,1,,"{""v1"": {""AC"": ""AC-014"", ""Section"": ""SoD-2"", ""Verdict"": ""Met"", ""Test ref"": ""MinutesHandlerTests (sole-author approval allowed + flagged; different approver clears the flag) + MinutesApiTests (sole-author publish → ApprovedBySoleAuthor) + MeetingMinutes.test (approved sole-author MoM renders the warning badge; a non-sole-author approval renders none) + p17b-sole-author.spec.ts (live real-stack: a secretary authors → submits → approves a MoM — author === approver — and the minutes banner renders the \""Approved by sole author\"" warning)"", ""Notes"": ""P7c: soft SoD-2 flag + `ApprovedBySoleAuthor`; P7d: the minutes tab renders the approved/published record. **Met** flip: the server-set `approvedBySoleAuthor` flag is now RENDERED — the minutes banner surfaces a warning badge when the approver was the sole author (previously the flag was set server-side but never shown). Proven live (P17b, 2026-07-18): a sole-author approval renders the badge through the real stack. Satisfies the live-leg rule ([definition-of-done.md](../execution/definition-of-done.md) §The live-leg rule). From Partial → Met (P17b, 2026-07-18).""}}",
AV-015,AC-015,Met,"SegregationOfDutiesTests + VoteHandlerTests (chair counted the vote → issue 403 + audited denial; vote stays Closed, not ratified) + RecordDecisionDialog.test (the issue 403 is surfaced inline; no navigation) + p17b-decision-issue.spec.ts (live real-stack: the chairman who CLOSED the coupled vote records a decision and attempts issue through the RecordDecisionDialog → server 403 surfaced inline; the vote stays Closed, not Ratified)",,,,1,,"{""v1"": {""AC"": ""AC-015"", ""Section"": ""SoD-3"", ""Verdict"": ""Met"", ""Test ref"": ""SegregationOfDutiesTests + VoteHandlerTests (chair counted the vote → issue 403 + audited denial; vote stays Closed, not ratified) + RecordDecisionDialog.test (the issue 403 is surfaced inline; no navigation) + p17b-decision-issue.spec.ts (live real-stack: the chairman who CLOSED the coupled vote records a decision and attempts issue through the RecordDecisionDialog → server 403 surfaced inline; the vote stays Closed, not Ratified)"", ""Notes"": ""P9a: the SoD-3 GATE is enforced on the decision-issue path — the issuing chair may not be the vote's counter of record (Option A). **Met** flip: the record→issue UI now exists (replaced the disabled `MeetingWorkspace` stub, D-15 shape) and the live SoD-3 denial leg passed (P17b, 2026-07-18) — the chair-closer's issue attempt is refused (403), the UI shows it, and the vote is not ratified. A non-follow-up outcome (Rejected) is used so the AC-029 gate is skipped and SoD-3 is the gate reached (gate order in IssueDecision.cs: AC-029 → vote-coupling → SoD-3). Satisfies the live-leg rule ([definition-of-done.md](../execution/definition-of-done.md) §The live-leg rule). From Partial → Met (P17b, 2026-07-18).""}}",
AV-016,AC-016,Met,"SegregationOfDutiesTests + DecisionHandlerTests (override + justification + flag) + VoteHandlerTests (secretary counted → chair issue allowed + vote Ratified) + RecordDecisionDialog.test (record→issue two-step, override+justification body, record-once retry guard) + p17b-decision-issue.spec.ts (live real-stack, F-03 leg: a secretary closes the coupled vote, then the chairman records + issues the decision with an override + justification through the RecordDecisionDialog → decision Issued + vote Ratified)",,,,1,,"{""v1"": {""AC"": ""AC-016"", ""Section"": ""SoD-3"", ""Verdict"": ""Met"", ""Test ref"": ""SegregationOfDutiesTests + DecisionHandlerTests (override + justification + flag) + VoteHandlerTests (secretary counted → chair issue allowed + vote Ratified) + RecordDecisionDialog.test (record→issue two-step, override+justification body, record-once retry guard) + p17b-decision-issue.spec.ts (live real-stack, F-03 leg: a secretary closes the coupled vote, then the chairman records + issues the decision with an override + justification through the RecordDecisionDialog → decision Issued + vote Ratified)"", ""Notes"": ""P9a: the co-attestation GATE — a secretary-counted vote lets the chair issue + ratify; a chair-counted vote is refused (AC-015). **Met** flip: the record→issue UI lands the **F-03 core-loop leg** \""chairman ratify → decision record (Issued)\"". Proven live (P17b, 2026-07-18): the chair issues an independently-counted vote-coupled decision with an override + justification → Issued, and the vote auto-ratifies (Closed → Ratified) in the same transaction. Satisfies the live-leg rule ([definition-of-done.md](../execution/definition-of-done.md) §The live-leg rule). From Partial → Met (P17b, 2026-07-18).""}}",
AV-017,AC-017,Met,"AuditAtomicityTests (enriched before/after populated end-to-end on real SQL) + AuditApiTests (register surfaces normalized v1+v2 rows, entityType/actor filters, paginated) + the PR2 per-module emit-site migration to `EmitEnrichedAsync`",,,,1,,"{""v1"": {""AC"": ""AC-017"", ""Section"": ""Audit"", ""Verdict"": ""Met"", ""Test ref"": ""AuditAtomicityTests (enriched before/after populated end-to-end on real SQL) + AuditApiTests (register surfaces normalized v1+v2 rows, entityType/actor filters, paginated) + the PR2 per-module emit-site migration to `EmitEnrichedAsync`"", ""Notes"": ""Write side (PR2): every governed state change emits an enriched v2 row (action/subjectType=CLR name/subjectId/actorUserId/actorRole/outcome/before/after/correlationId). Read side (PR3): `GET /api/audit` returns the filtered/paged register. DB-permission immutability shipped P16a (migration `Audit_DenyMutation`, ADR-0031) — DB refuses UPDATE/DELETE on `schema::audit` for the least-priv `acmp_app` role (`AuditImmutabilityDbPermissionTests`); **CLOSED P18a (2026-07-19): the runtime now connects as the least-priv `acmp_svc` login (db_datareader+db_datawriter+EXECUTE+acmp_app, non-sysadmin), so the DENY BINDS — proven by `AuditImmutabilityDbPermissionTests.Least_priv_svc_login_with_datawriter_is_still_denied_audit_mutation` (ADR-0031/0032)**""}}",
AV-018,AC-018,Met,"AuditEventEnrichmentTests (valid v1→v2 chain verifies; enriched-field tamper flagged with the correct `Reason`) + AuditEvent design (no public setters, no Update/Delete path; SaveChanges only Adds) + UNIQUE `PreviousHash`/`Hash` non-forking indexes",,,,1,,"{""v1"": {""AC"": ""AC-018"", ""Section"": ""Audit"", ""Verdict"": ""Met"", ""Test ref"": ""AuditEventEnrichmentTests (valid v1→v2 chain verifies; enriched-field tamper flagged with the correct `Reason`) + AuditEvent design (no public setters, no Update/Delete path; SaveChanges only Adds) + UNIQUE `PreviousHash`/`Hash` non-forking indexes"", ""Notes"": ""Immutable by construction — the row has no mutation surface, so tamper is detectable (verifier) rather than possible. A DB-level UPDATE/DELETE-blocking grant for out-of-app/DBA writes shipped P16a (migration `Audit_DenyMutation`, ADR-0031; proven under a restricted login), now **effective P18a** via the least-priv `acmp_svc` runtime login (datawriter+acmp_app, non-sysadmin — proven DB-denied, ADR-0031/0032)""}}",
AV-019,AC-019,Met,"AuditEventEnrichmentTests (tamper → `Verify` reports non-null `BrokenAtSequence` with `Reason`) + AuditApiTests (`GET /api/audit/verify` → {IsValid, BrokenAtSequence, Reason} over an intact chain, RBAC-gated)",,,,1,,"{""v1"": {""AC"": ""AC-019"", ""Section"": ""Audit"", ""Verdict"": ""Met"", ""Test ref"": ""AuditEventEnrichmentTests (tamper → `Verify` reports non-null `BrokenAtSequence` with `Reason`) + AuditApiTests (`GET /api/audit/verify` → {IsValid, BrokenAtSequence, Reason} over an intact chain, RBAC-gated)"", ""Notes"": ""On-demand chain-verify endpoint. Nightly Hangfire verify job (C-INS-02) shipped P16a — `IIntegrityVerifier` (`Acmp.Worker` `Cron.Daily(3)`) re-verifies the audit chain **and** every sealed vote's ballot chain + tally, alerting via Serilog + a durable `AuditEvent` (`IntegrityVerifierTests`, ADR-0030)""}}",
AV-020,AC-020,Met,AuditApiTests (Auditor/Chairman/Secretary → 200; Member/Reviewer/**Administrator** → 403; no token → 401 — on both `/api/audit` and `/api/audit/verify`),,,,1,,"{""v1"": {""AC"": ""AC-020"", ""Section"": ""Audit"", ""Verdict"": ""Met"", ""Test ref"": ""AuditApiTests (Auditor/Chairman/Secretary → 200; Member/Reviewer/**Administrator** → 403; no token → 401 — on both `/api/audit` and `/api/audit/verify`)"", ""Notes"": ""Auditor read gated by `Policies.AuditRead` = {Auditor, Chairman, Secretary}; Administrator excluded on SoD-5 (ADR-0027 supersedes the FR-153 role clause). PR4: the `/audit` register UI (AuditRegister + AuditRegister.test) renders the read-only trail; `App.tsx` route-gates `/audit` to {auditor, chairman, secretary} and `navModel` drops administrator — the FE gate matches the API policy""}}",
AV-021,AC-021,Met,"VoteTests + VoteHandlerTests (Open locks config + present-quorum via the seam + VoteOpened fan-out) + VotesApiTests + p17b-meeting-vote.spec.ts (live real-stack: the secretary calls a vote from the in-session MeetingWorkspace's CallVoteDialog, configures the eligible voters + quorum, then opens it on the vote page — the config locks and the roster is exactly the two voting-eligible members)",,,,1,,"{""v1"": {""AC"": ""AC-021"", ""Section"": ""Voting"", ""Verdict"": ""Met"", ""Test ref"": ""VoteTests + VoteHandlerTests (Open locks config + present-quorum via the seam + VoteOpened fan-out) + VotesApiTests + p17b-meeting-vote.spec.ts (live real-stack: the secretary calls a vote from the in-session MeetingWorkspace's CallVoteDialog, configures the eligible voters + quorum, then opens it on the vote page — the config locks and the roster is exactly the two voting-eligible members)"", ""Notes"": ""P9a: config locks at Open, present-quorum gate (live-attendance seam), eligible voters notified (deep link /votes/{key}). **Met** flip: the live configure→open leg passed (P17b, 2026-07-17) — the CallVoteDialog configures a meeting-linked vote and the vote page opens it (present quorum met by two Present eligible members); the opened vote rosters exactly its eligible voters. The eligible-voter deep-link notification is proven separately by AC-052; \""only eligible can cast\"" is API/domain-enforced (VotesApiTests). Satisfies the live-leg rule ([definition-of-done.md](../execution/definition-of-done.md) §The live-leg rule). From Partial → Met (P17b, 2026-07-17).""}}",
AV-022,AC-022,Met,"VoteTests (second cast throws) + VoteHandlerTests (double-vote audited denial `Decisions.BallotDenied`) + VotesApiTests (2nd cast → 409) + p17b-immutability.spec.ts (live real-stack: a voter who has cast is shown their recorded ballot + a ""Change vote"" action — Fork 1 — never an ""already voted"" rejection)",,,,1,,"{""v1"": {""AC"": ""AC-022"", ""Section"": ""Voting"", ""Verdict"": ""Met"", ""Test ref"": ""VoteTests (second cast throws) + VoteHandlerTests (double-vote audited denial `Decisions.BallotDenied`) + VotesApiTests (2nd cast → 409) + p17b-immutability.spec.ts (live real-stack: a voter who has cast is shown their recorded ballot + a \""Change vote\"" action — Fork 1 — never an \""already voted\"" rejection)"", ""Notes"": ""P9a: one ballot/voter — first ballot unchanged, denial audited, DB unique-index backstop. **Met (product↔criterion divergence, OQ-054):** the one-ballot-per-voter invariant holds — a raw second `/cast` is rejected by the API (409) with a DB unique-index backstop (VotesApiTests). But the SPA does **not** surface the AC's \""You have already voted\"" rejection: it routes a re-vote to `/change` (Fork 1 — the ballot is editable until the vote closes), proven live above. So the AC's literal rejection **never occurs in-product** — the criterion presumes a UI attempt the design replaces with edit-in-place. Recorded as a divergence, not a UI rejection. From Partial → Met (P17b, 2026-07-17).""}}",
AV-023,AC-023,Met,"VoteHandlerTests + VotesApiTests (GetVoteByKey returns attributed ballots, no masking) + p17b-voting.spec.ts (live real-stack: a chairman genuinely casts a ballot, the secretary closes the vote, then the closed roster renders that ballot attributed to the chairman by name + choice — never anonymized, ADR-0010)",,,,1,,"{""v1"": {""AC"": ""AC-023"", ""Section"": ""Voting"", ""Verdict"": ""Met"", ""Test ref"": ""VoteHandlerTests + VotesApiTests (GetVoteByKey returns attributed ballots, no masking) + p17b-voting.spec.ts (live real-stack: a chairman genuinely casts a ballot, the secretary closes the vote, then the closed roster renders that ballot attributed to the chairman by name + choice — never anonymized, ADR-0010)"", ""Notes"": ""P9a: ballots attributed by name in the detail DTO + aggregate tally. **Met** flip: the live closed-roster leg passed (P17b, 2026-07-17) — a real cast chairman ballot renders attributed (name + choice) on the closed VotePage viewed by the secretary. Satisfies the live-leg rule ([definition-of-done.md](../execution/definition-of-done.md) §The live-leg rule). From Partial → Met (P17b, 2026-07-17).""}}",
AV-024,AC-024,Met,"VoteTests (close cast-quorum guard) + VoteHandlerTests + VotesApiTests (close-without-quorum → 409, stays Open) + p17b-voting.spec.ts (live real-stack: the secretary opens a vote with 0 casts below MinCast, clicks Close in the UI → server rejects → the vote stays Open with an inline announced error)",,,,1,,"{""v1"": {""AC"": ""AC-024"", ""Section"": ""Voting"", ""Verdict"": ""Met"", ""Test ref"": ""VoteTests (close cast-quorum guard) + VoteHandlerTests + VotesApiTests (close-without-quorum → 409, stays Open) + p17b-voting.spec.ts (live real-stack: the secretary opens a vote with 0 casts below MinCast, clicks Close in the UI → server rejects → the vote stays Open with an inline announced error)"", ""Notes"": ""P9a: \""Quorum not met: {cast} of {MinCast}\""; vote stays Open. **Met** flip: the live UI close-below-quorum leg passed (P17b, 2026-07-17) — the secretary's Close click is rejected and VotePage surfaces the announced error with the vote still Open (Fork 2). Satisfies the live-leg rule ([definition-of-done.md](../execution/definition-of-done.md) §The live-leg rule). From Partial → Met (P17b, 2026-07-17).""}}",
AV-025,AC-025,Met,VoteTests (no mutators post-Close; re-transition throws) + VotesApiTests (cast-after-close → 409),,,,1,,"{""v1"": {""AC"": ""AC-025"", ""Section"": ""Voting"", ""Verdict"": ""Met"", ""Test ref"": ""VoteTests (no mutators post-Close; re-transition throws) + VotesApiTests (cast-after-close → 409)"", ""Notes"": ""P9a: immutable after Close (frozen tally/ballots). Crypto hash-chain — **delivered in P16a**, not deferred: per-ballot SHA-256 chain sealed at `Vote.Close` + tally recompute (`BallotChain`, ADR-0030, closes D-13). *(This note previously read \""→ P14\"", a stale pointer — P14 is Tarseem/diagrams and never carried this work; corrected 2026-07-17 when P14 was deferred via DEC-028, which would otherwise have implied a shipped control was deferred indefinitely.)* **Met (interpretation, OQ-055):** the ballot leg is proven live — POST `/votes/{id}/change` on a **closed** vote is refused (409, p17b-immutability.spec.ts). The tally and chair-action legs are **immutable-by-absence** (no endpoint mutates a closed vote's tally or the closing actor), recorded as the interpretation. From Partial → Met (P17b, 2026-07-17).""}}",
AV-026,AC-026,Met,VoteTests (forward-only; Ratify only from Closed),,,,1,,"{""v1"": {""AC"": ""AC-026"", ""Section"": ""Voting"", ""Verdict"": ""Met"", ""Test ref"": ""VoteTests (forward-only; Ratify only from Closed)"", ""Notes"": ""P9a: Configured→Open→Closed→Ratified strictly forward-only. **Met (immutable-by-absence, OQ-056):** the forward-only lifecycle is domain-enforced (VoteTests), and there is **no UI or API path to attempt a backward transition** — so there is no drivable live leg; the criterion is satisfied by the absence of any regression affordance rather than by exercising a rejection. From Partial → Met (P17b, 2026-07-17).""}}",
AV-027,AC-027,Met,"DecisionTests (no-mutator / re-issue + re-supersede throw) + DecisionHandlerTests + DecisionsApiTests (issue→Issued) + DecisionPage.test (read-only detail, no edit surface) + p17b-immutability.spec.ts (live real-stack: an Issued decision's detail renders its statement as static prose with no editable field)",,,,1,,"{""v1"": {""AC"": ""AC-027"", ""Section"": ""Decisions"", ""Verdict"": ""Met"", ""Test ref"": ""DecisionTests (no-mutator / re-issue + re-supersede throw) + DecisionHandlerTests + DecisionsApiTests (issue→Issued) + DecisionPage.test (read-only detail, no edit surface) + p17b-immutability.spec.ts (live real-stack: an Issued decision's detail renders its statement as static prose with no editable field)"", ""Notes"": ""Domain immutability + issue path proven; P7b renders the read-only detail (no edit affordance). **Met (interpretation, OQ-057):** the decision detail exposes **no edit surface** — proven live (the detail region has zero editable fields; corrections go through Supersede, a new record) — and the domain rejects any mutation (DecisionTests). Recorded as the interpretation. From Partial → Met (P17b, 2026-07-17).""}}",
AV-028,AC-028,Met,"DecisionTests (Supersede back-link) + DecisionHandlerTests (successor Issued, prior Superseded, both readable, prior unchanged) + DecisionsApiTests (supersede 201 + prior back-link) + DecisionPage.test (superseded badge/banner + supersede dialog → POST /supersede) + p17b-decisions.spec.ts (live real-stack: an Issued decision is superseded via the SupersedeDialog → 201, navigates to the readable successor, and the prior flips to Superseded with its statement intact)",,,,1,,"{""v1"": {""AC"": ""AC-028"", ""Section"": ""Decisions"", ""Verdict"": ""Met"", ""Test ref"": ""DecisionTests (Supersede back-link) + DecisionHandlerTests (successor Issued, prior Superseded, both readable, prior unchanged) + DecisionsApiTests (supersede 201 + prior back-link) + DecisionPage.test (superseded badge/banner + supersede dialog → POST /supersede) + p17b-decisions.spec.ts (live real-stack: an Issued decision is superseded via the SupersedeDialog → 201, navigates to the readable successor, and the prior flips to Superseded with its statement intact)"", ""Notes"": ""Both readable + prior unchanged proven. **Met** flip: the live supersede round-trip passed (P17b, 2026-07-17) — the SupersedeDialog creates a successor and marks the prior Superseded, both readable. Two honest notes: (1) the UI actor is the **Chairman** — supersede is `DecisionChairApprove` (Chairman-only); the AC's \""Secretary\"" wording predates that authz, tracked as a product↔criterion nuance (OQ candidate). (2) The `SupersededByDecisionId` **back-link is deliberately NOT rendered** (the prior's DTO carries only the successor Guid, flagged in `DecisionPage`), so that specific field stays on its API/unit proof (DecisionsApiTests, DecisionTests); the E2E adds the user-facing round-trip + Superseded-state legs. Satisfies the live-leg rule ([definition-of-done.md](../execution/definition-of-done.md) §The live-leg rule). From Partial → Met (P17b, 2026-07-17).""}}",
AV-029,AC-029,Met,"DecisionHandlerTests (follow-up outcome + no link → rejected, stays Draft; non-follow-up exempt; `RequiresDownstreamLink` theory over all 11 outcomes) + DecisionsApiTests (P8d: `/issue` 409 + stays Draft, then link → 204; Rejected exempt → 204)",,,,1,,"{""v1"": {""AC"": ""AC-029"", ""Section"": ""Decisions"", ""Verdict"": ""Met"", ""Test ref"": ""DecisionHandlerTests (follow-up outcome + no link → rejected, stays Draft; non-follow-up exempt; `RequiresDownstreamLink` theory over all 11 outcomes) + DecisionsApiTests (P8d: `/issue` 409 + stays Draft, then link → 204; Rejected exempt → 204)"", ""Notes"": ""**P8d (OQ-045 resolved):** follow-up-bearing outcomes (Approved/ConditionallyApproved/EnhancementsRequired/DesignChangesRequired/ResearchRequired) reject `/issue` with 409 unless ≥1 downstream link; gate lives in `IssueDecisionHandler` (cross-module count via Actions-owned `IActionLinkDirectory`, not a domain guard), so supersession auto-exempts (ASM-014). \""Downstream link\"" = ≥1 ActionItem sourced from the decision until Risk/Traceability land (P10, ADR-0008). **P10c widened the gate** (still Met, superset): satisfied by ≥1 linked Action (`IActionLinkDirectory`) OR ≥1 curated downstream traceability edge (`ITraceabilityLinks` — decision as source of recorded-as/resolves or target of implements; upstream/lineage excluded, ASM-P10c-2). New DecisionsApiTests case proves the edge-only path issues""}}",
AV-030,AC-030,Met,"SubmitTopicValidator tests + TopicApiTests + SubmitTopic.test (client validation) + e2e ac049-upload-l10n (required-field submit blocked in-locale, no topic created)",,,,1,,"{""v1"": {""AC"": ""AC-030"", ""Section"": ""Topic lifecycle"", ""Verdict"": ""Met"", ""Test ref"": ""SubmitTopicValidator tests + TopicApiTests + SubmitTopic.test (client validation) + e2e ac049-upload-l10n (required-field submit blocked in-locale, no topic created)"", ""Notes"": ""Server validation + HTTP 400 + no record; the submit form shows localized required-field errors and blocks the submit (no topic created — prevention, per the P17b OQ-053 precedent). **D-23: the server backstop is now localized too** (BL-016 error-code contract). Live-leg proven in the browser.""}}",
AV-031,AC-031,Met,TopicApplicationTests (Reject/Defer require a reason) + TopicApiTests (reject no-reason → 400) + TopicHandlerTests (S1: reject-deny keeps Submitted; wrong-status domain guard),,,,1,,"{""v1"": {""AC"": ""AC-031"", ""Section"": ""Topic lifecycle"", ""Verdict"": ""Met"", ""Test ref"": ""TopicApplicationTests (Reject/Defer require a reason) + TopicApiTests (reject no-reason → 400) + TopicHandlerTests (S1: reject-deny keeps Submitted; wrong-status domain guard)"", ""Notes"": ""Mandatory rejection rationale enforced; S1 adds adversarial handler coverage (authz-deny, status guard)""}}",
AV-032,AC-032,Met,"TopicTests + TopicHandlerTests (Reject_records_the_rationale_as_immutable_history_and_audits + the submitter is notified on reject, D-23)",,,,1,,"{""v1"": {""AC"": ""AC-032"", ""Section"": ""Topic lifecycle"", ""Verdict"": ""Met"", ""Test ref"": ""TopicTests + TopicHandlerTests (Reject_records_the_rationale_as_immutable_history_and_audits + the submitter is notified on reject, D-23)"", ""Notes"": ""Immutable rejection history event (reason+actor+timestamp) + TopicRejected audit; **D-23: the submitter now receives a bilingual in-app notification on reject** (`RejectTopicHandler` → `INotificationChannel`, `TopicNotifications.TopicRejected`) — the notify leg that had been the residual.""}}",
AV-033,AC-033,Partial,TopicTests,,,,1,,"{""v1"": {""AC"": ""AC-033"", ""Section"": ""Topic lifecycle"", ""Verdict"": ""Partial"", ""Test ref"": ""TopicTests"", ""Notes"": ""Rejection event append-only (no mutation surface); DB-enforced immutability + hash-chain → BL-066""}}",
AV-034,AC-034,Partial,TopicTests + TopicHandlerTests (S1: post-Accept 403 authz-deny + content-lock + metadata-only edit; pre-Accept non-submitter denied) + TopicApplicationTests (S1: UpdateTopicValidator),,,,1,,"{""v1"": {""AC"": ""AC-034"", ""Section"": ""Topic lifecycle"", ""Verdict"": ""Partial"", ""Test ref"": ""TopicTests + TopicHandlerTests (S1: post-Accept 403 authz-deny + content-lock + metadata-only edit; pre-Accept non-submitter denied) + TopicApplicationTests (S1: UpdateTopicValidator)"", ""Notes"": ""Content locked post-accept + 403 (authz-deny) adversarially proven at handler in S1; live HTTP 403 UI → P17""}}",
AV-035,AC-035,Met,"TopicTests + TopicHandlerTests (S1: Prepare deny + wrong-status guard + Accepted→Prepared + TopicPrepared audit + Secretary notify/skip-self) + TopicApplicationTests (S1: PrepareTopicValidator) + TopicApiTests (POST /{id}/prepare → 204, real pipeline — proves the notification seams resolve in DI) + topics.test/TopicDetail.test/Kanban.test (usePrepareTopic + ""Mark prepared"" button + Prepared badge) + core-loop.spec (S6b-1: live UI accept → UI ""Mark prepared"" click → 204 → the prepared topic appears in the live agenda pool, is added + published)",,,,1,,"{""v1"": {""AC"": ""AC-035"", ""Section"": ""Topic lifecycle"", ""Verdict"": ""Met"", ""Test ref"": ""TopicTests + TopicHandlerTests (S1: Prepare deny + wrong-status guard + Accepted→Prepared + TopicPrepared audit + Secretary notify/skip-self) + TopicApplicationTests (S1: PrepareTopicValidator) + TopicApiTests (POST /{id}/prepare → 204, real pipeline — proves the notification seams resolve in DI) + topics.test/TopicDetail.test/Kanban.test (usePrepareTopic + \""Mark prepared\"" button + Prepared badge) + core-loop.spec (S6b-1: live UI accept → UI \""Mark prepared\"" click → 204 → the prepared topic appears in the live agenda pool, is added + published)"", ""Notes"": ""Accepted→Prepared transition + TopicPrepared audit adversarially proven (S1); the \""Mark prepared\"" UI affordance now exists (D-15 closed) and is component-tested locally (button → `mutate`; hook → POST + pool invalidation); the `core-loop.spec` prepare leg was switched from a direct-HTTP call to clicking the button, and the **full `core-loop.spec` was run locally against the live stack and passes** (the button click drives the prepare `204` and the prepared topic flows into the agenda pool → published); CI's e2e job re-validates on the PR. From Partial (S6b-1, 2026-06-30)""}}",
AV-036,AC-036,Met,"MinutesOfMeetingTests (supersede from Approved/Published + no public setters) + MinutesHandlerTests (v2 under same key, prior Superseded + back-link, readable) + MinutesApiTests (supersede 201 v2, prior back-link) + MeetingMinutes.test (supersede dialog validates + posts; superseded state + reason render) + p17b-minutes.spec.ts (live real-stack: a Published MoM is superseded via the SupersedeMinutesDialog → 201 with version 2 — a new version, not an in-place edit)",,,,1,,"{""v1"": {""AC"": ""AC-036"", ""Section"": ""MoM"", ""Verdict"": ""Met"", ""Test ref"": ""MinutesOfMeetingTests (supersede from Approved/Published + no public setters) + MinutesHandlerTests (v2 under same key, prior Superseded + back-link, readable) + MinutesApiTests (supersede 201 v2, prior back-link) + MeetingMinutes.test (supersede dialog validates + posts; superseded state + reason render) + p17b-minutes.spec.ts (live real-stack: a Published MoM is superseded via the SupersedeMinutesDialog → 201 with version 2 — a new version, not an in-place edit)"", ""Notes"": ""P7c: version-preserving supersede (same MIN key, Version++), prior immutable + linked; P7d: supersede UI + version history. **Met** flip: the live supersede leg passed (P17b, 2026-07-17) — the dialog creates a v2 published successor under the same key. Satisfies the live-leg rule ([definition-of-done.md](../execution/definition-of-done.md) §The live-leg rule). From Partial → Met (P17b, 2026-07-17).""}}",
AV-037,AC-037,Met,"MinutesOfMeetingTests (InReview→Draft) + MinutesHandlerTests (change-request → Draft + author notified) + MinutesApiTests (request-changes → Draft) + MeetingMinutes.test (Request changes calls the mutation) + p17b-minutes.spec.ts (live real-stack: an InReview MoM's ""Request changes"" returns it to an editable Draft)",,,,1,,"{""v1"": {""AC"": ""AC-037"", ""Section"": ""MoM"", ""Verdict"": ""Met"", ""Test ref"": ""MinutesOfMeetingTests (InReview→Draft) + MinutesHandlerTests (change-request → Draft + author notified) + MinutesApiTests (request-changes → Draft) + MeetingMinutes.test (Request changes calls the mutation) + p17b-minutes.spec.ts (live real-stack: an InReview MoM's \""Request changes\"" returns it to an editable Draft)"", ""Notes"": ""P7c: change-request returns to Draft, targeted author notification; P7d: Request-changes action in the review card. **Met** flip: the live request-changes leg passed (P17b, 2026-07-17) — the review card's Request-changes button returns the MoM to Draft. Satisfies the live-leg rule ([definition-of-done.md](../execution/definition-of-done.md) §The live-leg rule). From Partial → Met (P17b, 2026-07-17).""}}",
AV-038,AC-038,Met,"MinutesOfMeetingTests (Approved→Published) + MinutesHandlerTests (publish fans out per active member + deep link + audit) + MinutesApiTests (draft→submit→approve→publish→Published) + MeetingMinutes.test (Approve & publish drives approve→publish) + p17b-minutes.spec.ts (live real-stack: an InReview MoM's ""Approve & publish"" drives both transitions to a locked Published record)",,,,1,,"{""v1"": {""AC"": ""AC-038"", ""Section"": ""MoM"", ""Verdict"": ""Met"", ""Test ref"": ""MinutesOfMeetingTests (Approved→Published) + MinutesHandlerTests (publish fans out per active member + deep link + audit) + MinutesApiTests (draft→submit→approve→publish→Published) + MeetingMinutes.test (Approve & publish drives approve→publish) + p17b-minutes.spec.ts (live real-stack: an InReview MoM's \""Approve & publish\"" drives both transitions to a locked Published record)"", ""Notes"": ""P7c: publish seals + notifies all members (deep link `/meetings/{key}/minutes`); AC-038's single-step prose maps to Approve+Publish (5-state); P7d: one \""Approve & publish\"" action. **Met** flip: the live approve+publish leg passed (P17b, 2026-07-17) — one click drives approve→publish and the MoM locks as Published. Satisfies the live-leg rule ([definition-of-done.md](../execution/definition-of-done.md) §The live-leg rule). From Partial → Met (P17b, 2026-07-17).""}}",
AV-039,AC-039,Met,SubmitTopic.test (locale-switch preserves value),,,,1,,"{""v1"": {""AC"": ""AC-039"", ""Section"": ""Localization"", ""Verdict"": ""Met"", ""Test ref"": ""SubmitTopic.test (locale-switch preserves value)"", ""Notes"": ""Submit form state survives an EN↔AR switch (React state, form not keyed on language)""}}",
AV-040,AC-040,Met,i18n/direction.test.ts + axe render,,,,1,,"{""v1"": {""AC"": ""AC-040"", ""Section"": ""Localization"", ""Verdict"": ""Met"", ""Test ref"": ""i18n/direction.test.ts + axe render"", ""Notes"": ""dir=rtl mirrored layout — sidebar→inline-end, Arabic font, logical CSS; verified live (P3)""}}",
AV-041,AC-041,Partial,manual render (Playwright),,,,1,,"{""v1"": {""AC"": ""AC-041"", ""Section"": ""Localization"", ""Verdict"": ""Partial"", ""Test ref"": ""manual render (Playwright)"", ""Notes"": ""RTL render confirmed clean by hand; automated visual-regression suite → P17""}}",
AV-042,AC-042,Met,theme/theme.test.ts,,,,1,,"{""v1"": {""AC"": ""AC-042"", ""Section"": ""Localization"", ""Verdict"": ""Met"", ""Test ref"": ""theme/theme.test.ts"", ""Notes"": ""Theme persisted via localStorage + applied as data-theme""}}",
AV-043,AC-043,Met,"TopicHandlerTests (MoveTopicPriority: swap+renumber, edge no-op, immutability, authz-deny, audit) + TopicEndpointsCoverageTests (move endpoint 204) + api topics.test (useMoveTopicPriority) + Kanban.test (reorder buttons + disabled-at-edge + none in Done) + e2e ac043-reorder.spec (keyboard reorder persists across reload)",,,,1,,"{""v1"": {""AC"": ""AC-043"", ""Section"": ""Accessibility"", ""Verdict"": ""Met"", ""Test ref"": ""TopicHandlerTests (MoveTopicPriority: swap+renumber, edge no-op, immutability, authz-deny, audit) + TopicEndpointsCoverageTests (move endpoint 204) + api topics.test (useMoveTopicPriority) + Kanban.test (reorder buttons + disabled-at-edge + none in Done) + e2e ac043-reorder.spec (keyboard reorder persists across reload)"", ""Notes"": ""**D-23: keyboard move-up/down on the kanban card sends a ±1 priority delta** (POST `/api/topics/{id}/priority/move`); the handler swaps the neighbour within the topic's kanban bucket and renumbers 1..N contiguously (priorities default to 0, so a naive swap is a no-op), and `GetBacklog` shares the (Priority, CreatedAt, Key) tiebreak so the displayed order matches persistence. Buttons ≥24px (WCAG 2.2 target-size), hidden in the immutable Done column. **Closes the A-03 backlog keyboard-alternative leg.** (Was Partial: the reorder was backend-only with no UI affordance.)""}}",
AV-044,AC-044,Met,"AgendaBuilder.test (move ±1 + aria-live announce, axe AA) + MeetingHandlerTests (move ±1) + dnd-and-failures.spec (S6b-2: native HTML5 agenda reorder ±1) + rtl-a11y.spec (S6b-3: live axe AA EN/AR)",,,,1,,"{""v1"": {""AC"": ""AC-044"", ""Section"": ""Accessibility"", ""Verdict"": ""Met"", ""Test ref"": ""AgendaBuilder.test (move ±1 + aria-live announce, axe AA) + MeetingHandlerTests (move ±1) + dnd-and-failures.spec (S6b-2: native HTML5 agenda reorder ±1) + rtl-a11y.spec (S6b-3: live axe AA EN/AR)"", ""Notes"": ""Keyboard-accessible agenda reorder shipped: the move up/down buttons send a single ±1 `move` (disabled at the ends) with a synchronous `aria-live` announce; native drag is progressive enhancement on top. Unit-tested + jsdom axe clean; the recommended live browser pass now lands — the native drag-reorder is exercised on the real browser (S6b-2) and live axe AA is clean in EN/AR (S6b-3). From Partial (P6c, 2026-06-27).""}}",
AV-045,AC-045,Met,axe (WCAG 2.2 AA) render,,,,1,,"{""v1"": {""AC"": ""AC-045"", ""Section"": ""Accessibility"", ""Verdict"": ""Met"", ""Test ref"": ""axe (WCAG 2.2 AA) render"", ""Notes"": ""Global :focus-visible (2px solid --focus, offset) — axe-clean EN/AR×light/dark (P3)""}}",
AV-046,AC-046,Met,axe (WCAG 2.2 AA) render,,,,1,,"{""v1"": {""AC"": ""AC-046"", ""Section"": ""Accessibility"", ""Verdict"": ""Met"", ""Test ref"": ""axe (WCAG 2.2 AA) render"", ""Notes"": ""Labels/aria/contrast/reading order — axe 0 violations across EN/AR×light/dark; landmarks verified (P3)""}}",
AV-047,AC-047,Met,SubmitTopic.test (guard dialog on dirty nav),,,,1,,"{""v1"": {""AC"": ""AC-047"", ""Section"": ""Unsaved-work"", ""Verdict"": ""Met"", ""Test ref"": ""SubmitTopic.test (guard dialog on dirty nav)"", ""Notes"": ""useBlocker (data router) → confirm Dialog on in-app route change while the submit form is dirty; Keep editing / Leave""}}",
AV-048,AC-048,Partial,SubmitTopic.tsx (beforeunload wired),,,,1,,"{""v1"": {""AC"": ""AC-048"", ""Section"": ""Unsaved-work"", ""Verdict"": ""Partial"", ""Test ref"": ""SubmitTopic.tsx (beforeunload wired)"", ""Notes"": ""beforeunload listener added when dirty (reload/close/hard-nav); the native browser dialog isn't unit-testable in jsdom → live pass""}}",
AV-049,AC-049,Met,"TopicAttachmentTests (validator) + SubmitTopic.test (size reject) + apiClient.test (localizedValidationMessage) + e2e ac049-upload-l10n (content-mismatch → localized message, not raw server text)",,,,1,,"{""v1"": {""AC"": ""AC-049"", ""Section"": ""File upload"", ""Verdict"": ""Met"", ""Test ref"": ""TopicAttachmentTests (validator) + SubmitTopic.test (size reject) + apiClient.test (localizedValidationMessage) + e2e ac049-upload-l10n (content-mismatch → localized message, not raw server text)"", ""Notes"": ""Server size/MIME/content rejection (400) carries a stable ErrorCode (FILE_TOO_LARGE / FILE_TYPE_NOT_ALLOWED / FILE_CONTENT_MISMATCH) the SPA localizes EN/AR (**BL-016, D-23**); SubmitTopic surfaces the localized upload rejection. **Live-leg: a mislabelled attachment (declares image/png, carries text) trips the server magic-byte check and renders the localized message in the browser — asserted NOT to contain the raw content type.**""}}",
AV-050,AC-050,Met,TopicAttachmentTests (handler) + live (POST /{id}/attachments → 201 on real MinIO),,,,1,,"{""v1"": {""AC"": ""AC-050"", ""Section"": ""File upload"", ""Verdict"": ""Met"", ""Test ref"": ""TopicAttachmentTests (handler) + live (POST /{id}/attachments → 201 on real MinIO)"", ""Notes"": ""Submit UI stages a file and POSTs multipart to the new topic; live pass confirmed 201 against real MinIO (handler does IFileStore store + SQL metadata + DocumentAttached audit)""}}",
AV-051,AC-051,Met,"MeetingHandlerTests (AgendaPublished fan-out: date+title+deep link, EN+AR) + NotificationHandlerTests + NotificationCenter.test (live list + deep-link nav) + TopBar.test (badge)",,,,1,,"{""v1"": {""AC"": ""AC-051"", ""Section"": ""Notifications"", ""Verdict"": ""Met"", ""Test ref"": ""MeetingHandlerTests (AgendaPublished fan-out: date+title+deep link, EN+AR) + NotificationHandlerTests + NotificationCenter.test (live list + deep-link nav) + TopBar.test (badge)"", ""Notes"": ""End to end: PublishAgenda fans out one in-app notification per active member (synchronous ≤5s write) carrying the meeting date + agenda title + a `/meetings/{key}` deep link; the notification center renders it (unread badge + list) and clicking follows the deep link. The standing cross-session caveat now lands — core-loop.spec (S6b-1) publishes an agenda and verifies the unread bell in TWO separate live browser contexts (member + chairman), confirming the ≥2-member fan-out end-to-end. From Partial (P6e, 2026-06-27).""}}",
AV-052,AC-052,Met,"NotificationCenter.test (deep-link click → navigate) + VoteHandlerTests (Open fans out VoteOpened to eligible voters, deep link /votes/{key}) + p17b-notifications.spec.ts (live real-stack: the secretary opens a vote with the member as eligible voter → the member's bell shows the unread VoteOpened → clicking the notification navigates straight to /votes/{key}, the open vote)",,,,1,,"{""v1"": {""AC"": ""AC-052"", ""Section"": ""Notifications"", ""Verdict"": ""Met"", ""Test ref"": ""NotificationCenter.test (deep-link click → navigate) + VoteHandlerTests (Open fans out VoteOpened to eligible voters, deep link /votes/{key}) + p17b-notifications.spec.ts (live real-stack: the secretary opens a vote with the member as eligible voter → the member's bell shows the unread VoteOpened → clicking the notification navigates straight to /votes/{key}, the open vote)"", ""Notes"": ""The deep-link **navigation** mechanism is built + tested. P9a raises the **vote-open** (`VoteOpened`) notification — one per eligible voter. **Met** flip: the live one-click deep-link leg passed (P17b, 2026-07-17) — a genuine eligible-voter member receives the VoteOpened in their notification center and one click lands them on the voting UI with no extra steps. Satisfies the live-leg rule ([definition-of-done.md](../execution/definition-of-done.md) §The live-leg rule). From Partial → Met (P17b, 2026-07-17).""}}",
AV-053,AC-053,Met,NotificationHandlerTests + DI (single INotificationChannel = InAppNotificationChannel) + NotificationCenter.test,,,,1,,"{""v1"": {""AC"": ""AC-053"", ""Section"": ""Notifications"", ""Verdict"": ""Met"", ""Test ref"": ""NotificationHandlerTests + DI (single INotificationChannel = InAppNotificationChannel) + NotificationCenter.test"", ""Notes"": ""Exactly one channel is registered and rendered (in-app); no email/Webex is attempted and the absence raises no error. Structurally guaranteed + unit-proven on both server (fan-out) and client (center). From Partial (P6e, 2026-06-27).""}}",
AV-054,AC-054,Met,ActionReminderSweepTests (T-3 exact / due-today / outside-window / one-shot across runs) + p17b-jobs.spec.ts (real-fire: the worker's Hangfire sweep — cron `* * * * *` in e2e — fires on the composed stack and delivers a due-soon reminder to the owner's notification center),,,,1,,"{""v1"": {""AC"": ""AC-054"", ""Section"": ""Background jobs"", ""Verdict"": ""Met"", ""Test ref"": ""ActionReminderSweepTests (T-3 exact / due-today / outside-window / one-shot across runs) + p17b-jobs.spec.ts (real-fire: the worker's Hangfire sweep — cron `* * * * *` in e2e — fires on the composed stack and delivers a due-soon reminder to the owner's notification center)"", ""Notes"": ""P8c-1: the recurring `SweepActionRemindersHandler` sends the owner a one-shot \""due soon\"" reminder inside the configured window (docs/domain/notification-strategy.md §3.4, T-3 default); idempotent via `DueReminderSentAt`. **Met** flip: a **genuine Hangfire fire** was forced in e2e (operator decision U3) and delivered the reminder end-to-end (P17b, 2026-07-17). The compose knob `ActionReminders__SweepCron` (safe daily default; minutely only via the CI job's `ACTION_REMINDERS_SWEEP_CRON`, R4a) makes the sweep fire minutely; the handler is a no-op emitting no AuditEvent when nothing is due (R10, `SweepActionReminders.cs:122`). Satisfies the live-leg rule ([definition-of-done.md](../execution/definition-of-done.md) §The live-leg rule). From Partial → Met (P17b, 2026-07-17).""}}",
AV-055,AC-055,Met,"ActionReminderSweepTests (overdue owner notice + Once/DailyWhileOverdue rhythm + day-7-vs-8 secretary escalation + day-15 chairman + no-active-secretary) + CommitteeDirectoryTests (role resolution) + p17b-jobs.spec.ts (real-fire: an action overdue past the thresholds → the same live sweep delivers an escalation to BOTH the Secretary and the Chairman, and records an `Actions.RemindersSent` audit event)",,,,1,,"{""v1"": {""AC"": ""AC-055"", ""Section"": ""Background jobs"", ""Verdict"": ""Met"", ""Test ref"": ""ActionReminderSweepTests (overdue owner notice + Once/DailyWhileOverdue rhythm + day-7-vs-8 secretary escalation + day-15 chairman + no-active-secretary) + CommitteeDirectoryTests (role resolution) + p17b-jobs.spec.ts (real-fire: an action overdue past the thresholds → the same live sweep delivers an escalation to BOTH the Secretary and the Chairman, and records an `Actions.RemindersSent` audit event)"", ""Notes"": ""P8c-1: overdue owner notice + one-shot escalation to the Secretary (>7d) and Chairman (>14d) via the role-aware `ICommitteeDirectory`; audited, idempotent. **Met** flip: the same genuine Hangfire fire (P17b, 2026-07-17) delivered the escalation to both roles' notification centers and wrote the `Actions.RemindersSent` audit event (asserted by presence — its `{ActionKey, Kinds}` payload is in the DataJson column the read DTO does not expose; the escalation content is proven by the two role notifications). Satisfies the live-leg rule ([definition-of-done.md](../execution/definition-of-done.md) §The live-leg rule). From Partial → Met (P17b, 2026-07-17).""}}",
AV-056,AC-056,Met,JobsMonitorMapperTests (counts / per-state rows / null-job / ordering / duration) + AdminJobsEndpointTests (Admin 200 shape + not-configured + 403 + 401 + wired live-counts + requeue 204/404/503) + JobMonitor.test + jobs.test (hook) + jobFormat.test,,,,1,,"{""v1"": {""AC"": ""AC-056"", ""Section"": ""Background jobs"", ""Verdict"": ""Met"", ""Test ref"": ""JobsMonitorMapperTests (counts / per-state rows / null-job / ordering / duration) + AdminJobsEndpointTests (Admin 200 shape + not-configured + 403 + 401 + wired live-counts + requeue 204/404/503) + JobMonitor.test + jobs.test (hook) + jobFormat.test"", ""Notes"": ""P8c-2: designed Administration → Job Monitor tab (operator fork B). `GET /api/admin/jobs` (Admin-only, `JobStorage` optional-from-DI → honest `Configured=false` fallback) projected by the pure `JobsMonitorMapper`; `POST /api/admin/jobs/{id}/requeue` = the Retry button (`IBackgroundJobClient.Requeue`, audited `admin.job.requeued`). FE tab = 5 tiles + recent-runs table + Retry (shared Table/StatusChip/Button), EN+AR+RTL, axe AA. Real-SQL boot confirmed the live `Configured=true` path; visual-verified EN-light + AR-RTL-dark""}}",
AV-057,AC-057,Met,"TopicApplicationTests + TopicHandlerTests (SlaBreached + SweepTopicSla: breach→notify+mark, within-SLA skip, one-shot idempotency, empty-roster, transition-reset) + Backlog.test (badge rendered)",,,,1,,"{""v1"": {""AC"": ""AC-057"", ""Section"": ""Aging"", ""Verdict"": ""Met"", ""Test ref"": ""TopicApplicationTests + TopicHandlerTests (SlaBreached + SweepTopicSla: breach→notify+mark, within-SLA skip, one-shot idempotency, empty-roster, transition-reset) + Backlog.test (badge rendered)"", ""Notes"": ""Aging badge computed + rendered (slaBreached-driven); **D-23: a daily headless Hangfire sweep (`SweepTopicSlaHandler`, real-fire tested against a fake clock) notifies the Secretary roster on SLA breach**, idempotent via a persisted `Topic.SlaNotifiedAt` marker reset on every transition — the notify leg that had been the residual.""}}",
AV-058,AC-058,Met,CommitteeMemberTests + MembershipFeatureTests,,,,1,,"{""v1"": {""AC"": ""AC-058"", ""Section"": ""Membership"", ""Verdict"": ""Met"", ""Test ref"": ""CommitteeMemberTests + MembershipFeatureTests"", ""Notes"": ""Deactivate → Disabled; name/email/role/attribution intact""}}",
AV-059,AC-059,Met,MembershipApiTests (all roles) + UsersMembership.test,,,,1,,"{""v1"": {""AC"": ""AC-059"", ""Section"": ""Membership"", ""Verdict"": ""Met"", ""Test ref"": ""MembershipApiTests (all roles) + UsersMembership.test"", ""Notes"": ""Directory readable by every authenticated role; admin screen built""}}",
AV-060,AC-060,Met,"SearchApiTests (grouped results + deep links, HTTP) + SearchPage.test (grouped UI, states)",,,,1,,"{""v1"": {""AC"": ""AC-060"", ""Section"": ""Search & Trace"", ""Verdict"": ""Met"", ""Test ref"": ""SearchApiTests (grouped results + deep links, HTTP) + SearchPage.test (grouped UI, states)"", ""Notes"": ""P15f/g global search: `/api/search` fan-out over 5 ISearchProviders → grouped hits (ID/title/excerpt/status/deep link); `/search` page renders groups""}}",
AV-061,AC-061,Met,"SearchProvidersFtsTests (real FTS SQL Server, Arabic word-breaker lcid 1025 match + English + no encoding loss)",,,,1,,"{""v1"": {""AC"": ""AC-061"", ""Section"": ""Search & Trace"", ""Verdict"": ""Met"", ""Test ref"": ""SearchProvidersFtsTests (real FTS SQL Server, Arabic word-breaker lcid 1025 match + English + no encoding loss)"", ""Notes"": ""P15f: SQL FTS + LIKE booster (OQ-034 spike 82.9% recall); Arabic FREETEXT proven on the deploy FTS image""}}",
AV-062,AC-062,Met,"TraceabilityTests (panel groups outgoing/incoming, ""other"" endpoint per direction, excludes inactive) + TraceabilityApiTests (`GET /api/traceability/{type}/{id}`) + P10e `TraceabilityPanel` FE suite (upstream/downstream groups, navigable links, axe-clean) + p17b-traceability.spec.ts (live real-stack: secretary logs in via genuine Keycloak PKCE, opens a Topic detail whose panel is honestly empty, then the created edge renders on it as a navigable `.tp-item-link` whose href targets the far artifact)",,,,1,,"{""v1"": {""AC"": ""AC-062"", ""Section"": ""Search & Trace"", ""Verdict"": ""Met"", ""Test ref"": ""TraceabilityTests (panel groups outgoing/incoming, \""other\"" endpoint per direction, excludes inactive) + TraceabilityApiTests (`GET /api/traceability/{type}/{id}`) + P10e `TraceabilityPanel` FE suite (upstream/downstream groups, navigable links, axe-clean) + p17b-traceability.spec.ts (live real-stack: secretary logs in via genuine Keycloak PKCE, opens a Topic detail whose panel is honestly empty, then the created edge renders on it as a navigable `.tp-item-link` whose href targets the far artifact)"", ""Notes"": ""**P10c: panel API in place + audited** (`GetArtifactRelationships`, one hop). **P10e (merged): the FE traceability panel shipped on Topic/Decision/Action/Risk detail — structurally proven** (56 new vitest, axe-clean, per-file cov ≥95%). **Met** flip: the live real-stack round-trip passed (P17b, 2026-07-17, spec above) — a detail-page panel displays its typed relationship with a working navigable link, satisfying the live-leg rule ([definition-of-done.md](../execution/definition-of-done.md) §The live-leg rule). From Partial (P10e) → Met (P17b, 2026-07-17).""}}",
AV-063,AC-063,Met,"TraceabilityApiTests (Secretary creates edge → both source + target panels show it) + TraceabilityTests (create audits `Relationship.Created`) + P10e create-dialog FE suite (dependency + generic-relationship, Chair/Sec-gated) + p17b-traceability.spec.ts (live real-stack: a typed edge created through the CreateRelationshipDialog → 201 → BOTH source and target panels reflect it with navigable links; the source panel refetches in place via query invalidation, no reload)",,,,1,,"{""v1"": {""AC"": ""AC-063"", ""Section"": ""Search & Trace"", ""Verdict"": ""Met"", ""Test ref"": ""TraceabilityApiTests (Secretary creates edge → both source + target panels show it) + TraceabilityTests (create audits `Relationship.Created`) + P10e create-dialog FE suite (dependency + generic-relationship, Chair/Sec-gated) + p17b-traceability.spec.ts (live real-stack: a typed edge created through the CreateRelationshipDialog → 201 → BOTH source and target panels reflect it with navigable links; the source panel refetches in place via query invalidation, no reload)"", ""Notes"": ""**P10c: typed edge create + soft-delete + audit in place** (RBAC `Traceability.Link`). **P10e (merged): the Chair/Sec create dialogs shipped from the panel** — structurally proven by tests. **Met** flip: the create-via-UI → both-panels round-trip passed live (P17b, 2026-07-17, spec above). The edge's AUDIT leg (`Relationship.Created`) is not browser-observable and stays on its unit proof (TraceabilityTests); the E2E adds the user-facing bidirectional-reflection leg. Satisfies the live-leg rule ([definition-of-done.md](../execution/definition-of-done.md) §The live-leg rule). From Partial (P10e) → Met (P17b, 2026-07-17).""}}",
AV-064,AC-064,Met,"dashboardAgg.test (backlog by bucket + urgency, next meeting, action counts) + RoleDashboard.test (committee variant renders backlog total/next meeting/action tiles/last-5 decisions live; honest empty states)",,,,1,,"{""v1"": {""AC"": ""AC-064"", ""Section"": ""Dashboards"", ""Verdict"": ""Met"", ""Test ref"": ""dashboardAgg.test (backlog by bucket + urgency, next meeting, action counts) + RoleDashboard.test (committee variant renders backlog total/next meeting/action tiles/last-5 decisions live; honest empty states)"", ""Notes"": ""P12-PR2: committee/member + fallback variant at `/`, client-composed over PR1 registers (ADR-0022). Live `.dc.html` pixel-VR PASS (EN-light + AR-dark).""}}",
AV-065,AC-065,Met,"dashboardAgg.test (overdue-beyond-threshold, SLA-breach sort) + RoleDashboard.test (secretary variant renders triage/MoMs/escalated counts + SLA list with aging)",,,,1,,"{""v1"": {""AC"": ""AC-065"", ""Section"": ""Dashboards"", ""Verdict"": ""Met"", ""Test ref"": ""dashboardAgg.test (overdue-beyond-threshold, SLA-breach sort) + RoleDashboard.test (secretary variant renders triage/MoMs/escalated counts + SLA list with aging)"", ""Notes"": ""P12-PR2: secretary variant; escalation threshold = shared const (AC-065 definition). Live pixel-VR PASS (EN-light + AR-dark).""}}",
AV-066,AC-066,Met,"dashboardAgg.test (deferred≥2, overdue-beyond-threshold) + RoleDashboard.test (chairman variant renders Closed votes / escalated risks / escalated actions / deferred≥2 with badges)",,,,1,,"{""v1"": {""AC"": ""AC-066"", ""Section"": ""Dashboards"", ""Verdict"": ""Met"", ""Test ref"": ""dashboardAgg.test (deferred≥2, overdue-beyond-threshold) + RoleDashboard.test (chairman variant renders Closed votes / escalated risks / escalated actions / deferred≥2 with badges)"", ""Notes"": ""P12-PR2: chairman variant; \""escalated actions\"" = overdue-beyond-threshold (AC-065 definition, Actions have no Escalated status). Live pixel-VR PASS (EN-light + AR-dark).""}}",
AV-067,AC-067,Met,"WebexNotificationSinkTests (eligible→1 enqueue; per-recipient fan-out collapses to 1; disabled/non-eligible→0) + AdaptiveCardBuilderTests (v1.3, ≤80 KB, EN/AR, absolute deep-link)",,,,1,,"{""v1"": {""AC"": ""AC-067"", ""Section"": ""Webex integration"", ""Verdict"": ""Met"", ""Test ref"": ""WebexNotificationSinkTests (eligible→1 enqueue; per-recipient fan-out collapses to 1; disabled/non-eligible→0) + AdaptiveCardBuilderTests (v1.3, ≤80 KB, EN/AR, absolute deep-link)"", ""Notes"": ""P13 WS2: space card + in-app both delivered; committee-wide events only. Live Webex-space render = operator sandbox pass.""}}",
AV-068,AC-068,Met,"Reschedule leg: WebexApiClientTests (Retry-After 30→30s) + WebexSendJobTests/WebexWebhookJobTests/WebexMeetingCreateJobTests (all three jobs reschedule on 429, no throw). Dead-letter: **WebexJobDeadLetterTests** drives a real in-memory Hangfire server — a job past its `[AutomaticRetry]` cap lands in the **Failed** state (dead-letter), asserted via `IMonitoringApi`.",,,,1,,"{""v1"": {""AC"": ""AC-068"", ""Section"": ""Webex integration"", ""Verdict"": ""Met"", ""Test ref"": ""Reschedule leg: WebexApiClientTests (Retry-After 30→30s) + WebexSendJobTests/WebexWebhookJobTests/WebexMeetingCreateJobTests (all three jobs reschedule on 429, no throw). Dead-letter: **WebexJobDeadLetterTests** drives a real in-memory Hangfire server — a job past its `[AutomaticRetry]` cap lands in the **Failed** state (dead-letter), asserted via `IMonitoringApi`."", ""Notes"": ""P13 WS2 + P13-audit: no tight-loop; reschedule for the server delay; retry-exhaustion dead-letters.""}}",
AV-069,AC-069,Met,"WebexWebhookApiTests (valid sig→200 + enqueue; invalid→401 + 0; event >5 min → dropped; no-timestamp → dropped) + WebexSignatureTests (SHA1/256/512 accept; tamper/wrong-secret/missing reject) + WebexWebhookJobTests (reprocessing the same recording attaches the identical reference — outcome-idempotent, so a within-window replay is harmless).",,,,1,,"{""v1"": {""AC"": ""AC-069"", ""Section"": ""Webex integration"", ""Verdict"": ""Met"", ""Test ref"": ""WebexWebhookApiTests (valid sig→200 + enqueue; invalid→401 + 0; event >5 min → dropped; no-timestamp → dropped) + WebexSignatureTests (SHA1/256/512 accept; tamper/wrong-secret/missing reject) + WebexWebhookJobTests (reprocessing the same recording attaches the identical reference — outcome-idempotent, so a within-window replay is harmless)."", ""Notes"": ""P13 WS3 + P13-audit: HMAC-SHA1 over the body, 5-min replay guard (missing timestamp also dropped), outcome-idempotent.""}}",
AV-070,AC-070,Met,MeetingWebexWriterTests (attach by WebexMeetingId + `Meetings.RecordingAttached` audit; uncorrelated→false) + WebexWebhookJobTests (fetch→attach; skip null / no-meeting-id); **live**: webhook auto-registration (audit seq=46) + a synthetic signed `recordings/created` webhook → 200 → worker job → graceful drop,,,,1,,"{""v1"": {""AC"": ""AC-070"", ""Section"": ""Webex integration"", ""Verdict"": ""Met"", ""Test ref"": ""MeetingWebexWriterTests (attach by WebexMeetingId + `Meetings.RecordingAttached` audit; uncorrelated→false) + WebexWebhookJobTests (fetch→attach; skip null / no-meeting-id); **live**: webhook auto-registration (audit seq=46) + a synthetic signed `recordings/created` webhook → 200 → worker job → graceful drop"", ""Notes"": ""P13 WS3: reference stored (not the file). **Live end-to-end with a genuine cloud recording is deferred to production** — the dev/sandbox Webex account records **locally only** (no `recordings/created` cloud webhook); the production licensed host cloud-records. The processing mechanism is proven live; the remaining leg is an environment fact (licensed host), not a code gap.""}}",
AV-071,AC-071,Met,WebexWebhookApiTests (disabled→200 no-op) + WebexNotificationSinkTests (disabled→0 enqueue); adapter unregistered entirely when `Enabled=false`,,,,1,,"{""v1"": {""AC"": ""AC-071"", ""Section"": ""Webex integration"", ""Verdict"": ""Met"", ""Test ref"": ""WebexWebhookApiTests (disabled→200 no-op) + WebexNotificationSinkTests (disabled→0 enqueue); adapter unregistered entirely when `Enabled=false`"", ""Notes"": ""P13: extends AC-053; air-gapped posture.""}}",
AV-072,AC-072,Met,WebexMeetingCreateJobTests (token→create + write-back; no-token/no-meeting→skip) + WebexMeetingProvisionerTests (online+enabled→enqueue; else 0) + WebexTokenServiceTests (fresh/refresh/none),,,,1,,"{""v1"": {""AC"": ""AC-072"", ""Section"": ""Webex integration"", ""Verdict"": ""Met"", ""Test ref"": ""WebexMeetingCreateJobTests (token→create + write-back; no-token/no-meeting→skip) + WebexMeetingProvisionerTests (online+enabled→enqueue; else 0) + WebexTokenServiceTests (fresh/refresh/none)"", ""Notes"": ""P13 WS3b: OAuth create; graceful no-token. Live create = operator sandbox pass.""}}",
AV-073,AC-073,Met,"UploadRecording handler/validator + GetRecordingUrl handler tests + MeetingRecordingApiTests (401/403/400/404/200; upload→detail; presign→url) + **MinioFileStoreTests (Testcontainers-MinIO: real adapter — bucket create/skip, presign, exists found/object-missing/bucket-missing, delete)** + live (real upload 200 through nginx; presigned 200/206)",,,,1,,"{""v1"": {""AC"": ""AC-073"", ""Section"": ""Recording upload"", ""Verdict"": ""Met"", ""Test ref"": ""UploadRecording handler/validator + GetRecordingUrl handler tests + MeetingRecordingApiTests (401/403/400/404/200; upload→detail; presign→url) + **MinioFileStoreTests (Testcontainers-MinIO: real adapter — bucket create/skip, presign, exists found/object-missing/bucket-missing, delete)** + live (real upload 200 through nginx; presigned 200/206)"", ""Notes"": ""P13-recording + P13-audit: MinIO via IFileStore, server-derived key, presigned playback (ADR-0025); the production adapter is now real-container-covered (coverage exclusion removed).""}}",
AV-074,AC-074,Met,DeleteRecording handler tests (uploaded→delete object+clear+audit; webex→clear only; missing→throws) + MeetingRecordingApiTests (401/403/204→detail null) + live (delete → MinIO bucket empty),,,,1,,"{""v1"": {""AC"": ""AC-074"", ""Section"": ""Recording delete"", ""Verdict"": ""Met"", ""Test ref"": ""DeleteRecording handler tests (uploaded→delete object+clear+audit; webex→clear only; missing→throws) + MeetingRecordingApiTests (401/403/204→detail null) + live (delete → MinIO bucket empty)"", ""Notes"": ""P13-recording: both sources; Secretary/Chairman only (ADR-0025).""}}",
AV-075,AC-075,Pending,,,,,1,2026-07-23T17:36:39Z,,
AV-076,AC-076,Pending,,,,,1,2026-07-23T17:36:39Z,,
AV-077,AC-077,Pending,,,,,1,2026-07-23T17:36:39Z,,
AV-078,AC-078,Pending,,,,,1,2026-07-23T17:36:39Z,,
AV-079,AC-079,Pending,,,,,1,2026-07-23T17:36:39Z,,
AV-080,AC-080,Pending,,,,,1,2026-07-23T17:36:39Z,,
AV-081,AC-081,Pending,,,,,1,2026-07-23T17:36:39Z,,
AV-082,AC-082,Pending,,,,,1,2026-07-23T17:36:39Z,,
AV-083,AC-083,Pending,,,,,1,2026-07-23T17:36:39Z,,
AV-084,AC-084,Pending,,,,,1,2026-07-23T17:36:39Z,,
AV-085,AC-085,Pending,,,,,1,2026-07-23T17:36:39Z,,
AV-086,AC-077,Met,"U2 spike (deploy/scripts/spike-cloud-gates.sh): Keycloak 26 reached healthy in production `start` mode on KC_DB=mssql, imported the acmp realm, landed 87 tables in the SQL Server keycloak DB (not an embedded fallback), and the realm survived a container restart; OIDC discovery served issuer http://localhost:8088/kc/realms/acmp. No Postgres container present.",,,,1,2026-08-02T07:42:19Z,,
AV-087,AC-086,Met,"Live run 30913864579 on merge commit 9739632 (first ever execution of the publish path). OIDC: no static AWS key exists in the repo — role arn:aws:iam::565393059398:role/acmp-github-ecr-push assumed via GitHub OIDC, and the LIVE trust policy read back from IAM is StringEquals on the single sub repo:A-H-911/acmp:ref:refs/heads/main. Push: `aws ecr describe-images` confirms all five tags — acmp/api (sha256:007462cf…, 104 MB), acmp/worker (sha256:b556d2b6…, 100 MB), acmp/sqlserver-fts (sha256:c9ffb0cf…, 1.41 GB), acmp/web:<sha>-uat (sha256:e1af21a1…) and acmp/web:<sha>-prod (sha256:da1ce36a…). Digests: the 90-day artifact image-digests-9739632… matches describe-images on all five. Per-environment baking proved by EXTRACTION, not inference: batch-get-image → layers[-1] → get-download-url-for-layer → tar -xzO | grep shows the uat image contains only https://uat.acmp.anas7ammo.dev/kc/realms/acmp and the prod image only https://acmp.anas7ammo.dev/kc/realms/acmp, neither carries the other's, and the UNCOMPRESSED dist differs by exactly 4 bytes = len('uat.'). Differing digests alone were explicitly rejected as proof (Docker builds are not reproducible by default) and ECR's compressed sizes actively misled in the opposite direction.",,,,1,2026-08-04T13:57:49Z,,
AV-088,AC-085,Partial,"3 of the 5 amended legs now evidenced live (2026-08-04). Leg 1 PARTIAL: the acmp-budget-alerts SNS topic carries a CONFIRMED email subscription (real subscription ARN 731fd529-…, not 'PendingConfirmation'); an actually-observed threshold notification is still outstanding. Leg 2 MET: describe-budget-actions-for-budget shows action 1ed50a50-7de3-4c49-bd1b-233b77376b80 at 100.0 PERCENTAGE / ACTUAL, ApprovalModel AUTOMATIC, Status STANDBY, IamActionDefinition targeting user acmp-admin with policy arn:aws:iam::565393059398:policy/acmp-budget-deny-new-spend, ExecutionRoleArn acmp-budget-action. Leg 3 MET — this is the real dry run the original 'dry-run verified' wording could never have: `aws iam simulate-principal-policy` against acmp-admin returns allowed/allowed/allowed/allowed for ec2:RunInstances, ec2:AllocateAddress, rds:CreateDBInstance and ec2:StopInstances today, and with the deny policy overlaid returns explicitDeny / explicitDeny / explicitDeny while ec2:StopInstances REMAINS allowed — confirming both that the policy denies what it claims and that it does not block the remediation that actually lowers the bill. Leg 4 NOT MET: the SSM STOP_EC2_INSTANCES action cannot exist until P25 launches instances (SsmActionDefinition takes explicit InstanceIds, re-verified against the live API skeleton). Leg 5 MET as a recorded fact (OQ-064 / PE-147): the deny binds the acmp-admin IAM user only, and the account root user cannot be constrained by IAM policy, so the brake is inert for as long as CLI work is done as root.",,,,1,2026-08-04T14:35:35Z,,
AV-089,AC-080,Partial,"The keycloak-database leg is now proven live on Express, unattended, in the full spike re-run of 2026-08-04 (17 passed / 0 failed): backup.sh produced a .bak on Express with no WITH COMPRESSION clause (which Express rejects), the probe went 3 rows → emptied to 0 → restore.sh returned it to 3, and Keycloak came back healthy after its database was restored underneath it. Outstanding for Met: the same drill against the Acmp application database, and the S3 copy leg against a real backups bucket — neither of which needs an EC2 instance, only credentials and a bucket that already exist.",,,,1,2026-08-04T14:35:35Z,,
AV-090,AC-083,Partial,"S3 isolation leg PROVEN live both directions (2026-08-04) without touching a credential or writing an object, via `aws iam simulate-principal-policy` — the same evaluation engine IAM uses at request time. acmp-uat-app on acmp-uat-recordings: PutObject/GetObject/DeleteObject all allowed. acmp-uat-app on acmp-prod-recordings: all three implicitDeny. acmp-prod-app on acmp-uat-recordings: all three implicitDeny (the reverse direction, which the AC does not ask for but which would be the more damaging leak). acmp-prod-app on acmp-prod-recordings: all three allowed. The result is CONCLUSIVE for same-account access because neither bucket carries a bucket policy (get-bucket-policy returns NoSuchBucketPolicy on both), so the identity policy is the only grant path and no resource-based grant can widen it. HARDENING NOTE, not a failure: the denial is IMPLICIT (absence of a grant) rather than an explicit Deny statement, so isolation currently rests on least privilege holding. Any future broad s3:* grant attached to either app user would silently flip these to allowed; an explicit Deny on the other environment's bucket ARNs would make the isolation robust against that rather than dependent on nobody widening the policy. Webex leg satisfied at TEMPLATE level only: deploy/.env.cloud.example ships WEBEX_ENABLED=false for UAT with every space/token/webhook variable commented out, and AC-071 is already Met (with Webex:Enabled false the adapter is unregistered entirely and dispatch enqueues 0). OUTSTANDING for Met: confirming the .env that actually runs on the UAT box carries WEBEX_ENABLED=false once that box exists — a template is not a deployed configuration.",,,,1,2026-08-04T14:45:05Z,,
AV-091,AC-078,Partial,"Second clause MET: `deploy/docker-compose.cloud.yml` defines sqlserver, sqlserver-init, db-migrate, keycloak, keycloak-config, seq, api, worker, web and volumes only — there is NO minio service. The surviving `Minio__*` entries are configuration KEYS for the S3 client (the adapter kept its class name while pointing at S3, ADR-0035) plus header comments recording the deletion. First clause NOT YET MET but no longer blocked on an instance: tests/Acmp.Integration.Tests/MinioFileStoreLiveS3Tests.cs now drives the full claim — upload → StatObject → presigned URL → REAL HTTP GET of that URL with byte-for-byte payload comparison (playback as a browser <video> would perform it, since a URL that merely parses proves nothing) → delete → confirm gone — and additionally asserts against the live service that the presigned origin is https://s3.amazonaws.com, which MinioFileStoreCloudTests could only pin offline and which nginx's CSP media-src must match or playback dies silently. The client is constructed exactly as SharedKernelExtensions constructs it in production, so it exercises the shipped wiring. The test is opt-in via ACMP_LIVE_S3_BUCKET/_ACCESS_KEY/_SECRET_KEY and reports SKIPPED without them (verified: 2 skipped, 0 passed), so CI — which has no AWS identity and must not acquire one — is unaffected. OUTSTANDING: one execution as the acmp-<env>-app IAM user. It MUST NOT be run with root credentials: root can do anything, so a root-credentialed pass would prove nothing about whether the app's least-privilege policy grants what the adapter calls, while looking like evidence. Reading the app key from deploy/secrets/ was refused by the sandbox classifier this session, so the run is the operator's.",,,,1,2026-08-04T15:09:13Z,,
AV-092,AC-084,Partial,"Memory design exercised locally on the real cloud compose + real P24 images (2026-08-04), well short of the AC's full bar but informative for the instance-size decision. VERIFIED: deploy.resources.limits ARE enforced by Compose v2 outside swarm — docker inspect HostConfig.Memory reads exactly 2048/448/512/256/64/256 MiB for sqlserver/keycloak/api/worker/web/seq, totalling 3584 MiB against a 4096 MiB host, leaving 512 MiB for host OS + dockerd. This was worth checking rather than assuming, since deploy.resources was swarm-only historically and a silently-ignored limit would make the whole budget fictional. MEASURED at idle: sqlserver 1.359 GiB / 2 GiB (68%), api 76 MiB / 512 (15%), worker 56 MiB / 256 (22%), web 20 MiB / 64 (31%) — all comfortable. KEYCLOAK IS THE OUTLIER AND THE RISK: 442.6 MiB of its 448 MiB cap, 98.8%, AT IDLE, and stable there across a 60-second settle check, so not a JVM startup transient. Under a burst of 150 concurrent token requests it fell to 416 MiB (93%) and did NOT OOM — the JVM collected under pressure rather than exceeding the cap — and no container recorded OOMKilled=true. So the allocation holds under this load, but Keycloak has effectively zero headroom while every other service has plenty. NOT MET, and deliberately not claimed: the AC requires an e2e run driving the stack ON t3.medium, and this was neither — the full Playwright suite cannot be pointed at this stack because the web image has the UAT authority baked in (ADR-0037), so the login flows will not complete locally, and a dev workstation is not a t3.medium with 4 GiB of swap. Treat as evidence that t3.medium is VIABLE and that Keycloak's 448 MiB is the allocation to watch first if AC-084 fails on the real box; the 512 MiB of host headroom is where a bump would come from.",,,,1,2026-08-04T16:31:46Z,,
AV-093,AC-079,Partial,"deploy/scripts/seed-users.sh written (SL-026 — it did not exist before; AC-079 was unbuilt slice work, not a test awaiting execution) and exercised against a REAL Keycloak, the one stood up by deploy/scripts/cloud-stack-boot.sh, so no instance was needed. IDEMPOTENCY PROVEN by running it twice: run 1 reported '4 created, 0 already present', run 2 reported '0 created, 4 already present' with every role re-verified rather than skipped — the second pass deliberately re-asserts role mappings, because a user that already exists with the WRONG role is exactly the failure the script is meant to prevent and a create-only guard would sail past it. UPDATE_PASSWORD PROVEN: all four seeded accounts (chairman/Chairman, secretary/Secretary, member/Member, auditor/Auditor) carry requiredActions=UPDATE_PASSWORD and enabled=true, read back from the admin API after seeding. Role correctness is verified per user from /role-mappings/realm rather than inferred from a 2xx. The script also fails BEFORE creating anything if any requested realm role is missing, so a typo cannot leave a half-seeded realm of role-less accounts. A real defect was caught by running it: Keycloak's person-name validator rejected lastName '(seeded)' with error-person-name-invalid-character, HTTP 400 — the script would have failed on first use on a real box. NOT MET, third leg outstanding: 'each seeded user logs in and JIT-provisions with the correct role' needs a browser login through the SPA, and the attempt to demonstrate it via a direct password grant was refused for an unrelated and CORRECT reason — acmp-web disallows direct access grants entirely (PKCE-only), so that route cannot prove it either way. Full proof requires the UAT box and belongs with AC-076.",,,,1,2026-08-05T05:34:02Z,,
AV-094,AC-078,Met,"Proven live against the real acmp-uat-recordings bucket using the LEAST-PRIVILEGE acmp-uat-app key (identity confirmed as user/acmp-uat-app, not root — a root-credentialed run would have proven nothing about the app's policy while looking like evidence). MinioFileStoreLiveS3Tests round-trip PASSED: upload → StatObject → presigned URL → real HTTP GET of that URL returning 200 with the payload byte-for-byte → delete → gone. The playback leg is independently verified rather than SDK-mediated: the bytes came back over plain HTTP exactly as a browser <video> element would fetch them, and the presigned origin was confirmed to be https://s3.amazonaws.com against the live service — the host nginx's CSP media-src must allow, previously only pinned offline. Deletion independently confirmed too: an admin list-objects-v2 over acmp-live-probe/ in the uat bucket returns nothing, so the probe objects really were removed rather than merely reported removed. Second clause already Met: docker-compose.cloud.yml defines no minio service, only S3 client configuration keys and comments recording its deletion (ADR-0035). CAVEAT recorded rather than glossed: the same run exposed DEF-021 — the Minio client swallows permission errors, so the SDK-mediated half of any such check is not trustworthy on its own. AC-078 stands because its critical legs (upload actually stored, playback actually served, object actually gone) were each confirmed OUTSIDE the SDK, by raw HTTP and by an admin listing.",,,,1,2026-08-05T05:56:26Z,,
AV-095,AC-080,Met,"The AC's literal requirement — 'the 3→0→3 check for BOTH Acmp and keycloak, on Express' — is proven end to end and unattended in deploy/scripts/spike-cloud-gates.sh, run green at 19 passed / 0 failed on 2026-08-05: probe seeded 3 rows in EACH database, backup.sh produced a .bak on Express with no COMPRESSION clause (Express rejects it), probes emptied to 0 in EACH, then 'restore.sh restored Acmp: 3 -> 0 -> 3' AND 'restore.sh restored keycloak: 3 -> 0 -> 3', asserted PER DATABASE rather than in aggregate — a single combined check could pass on one while the other came back empty, and Acmp is the one whose loss cannot be reconstructed, since Keycloak can in principle be re-imported from the realm export while the committee's topics, decisions, votes and audit chain exist nowhere else. Keycloak was additionally confirmed healthy after its database was restored underneath it, so the row count is backed by a usable database rather than merely files returning. GETTING THERE EXPOSED A REAL PROPERTY OF restore.sh: the first two-database run FAILED, and the failure was correct. Both RESTORE DATABASE statements succeeded, but restore.sh exited non-zero on its post-restore sanity check, which for any non-Keycloak database queries decisions.decisions — a table that exists only after db-migrate has run. The spike previously started sqlserver and keycloak only, so its Acmp database was schema-less, and a laxer script would have reported a green restore of an EMPTY database. The drill now runs db-migrate first, so the Acmp leg restores a genuinely migrated schema. CORRECTION to the earlier AV-089 note, which listed 'the S3 copy leg against a real backups bucket' as outstanding FOR MET: the AC as written does not require it, so that was a requirement I added rather than a real gap. On the S3 leg itself, backup.sh documents ACMP_BACKUP_BUCKET as 'skipped if unset' — which is why the drill passes without it, not a gap being hidden — and the identity that actually performs the copy in production, the acmp-uat-instance role, is confirmed by simulate-principal-policy to be allowed s3:PutObject and s3:GetObject on acmp-uat-backups. The permission is evidenced; only the `aws s3 cp` execution on a live box remains, and that belongs with AC-075.",,,,1,2026-08-05T07:10:13Z,,
AV-096,AC-081,Met,"Verified from OUTSIDE the box (an internal probe cannot distinguish a real certificate from the self-signed placeholder). `openssl s_client -connect uat.acmp.anas7ammo.dev:443` returns subject=CN=uat.acmp.anas7ammo.dev, issuer=C=US, O=Let's Encrypt, CN=YE2, notAfter=Nov 5 09:09:25 2026 GMT — a real CA-issued chain, not the CN=ACMP-PLACEHOLDER-DO-NOT-TRUST fixture the bootstrap installs so nginx can start before certbot has run. `curl -sSI https://uat.acmp.anas7ammo.dev` returns HTTP 200 with all six security headers present on the HTTPS response, including Strict-Transport-Security: max-age=31536000; includeSubDomains, and a Content-Security-Policy whose ${ACMP_MEDIA_ORIGIN} and ${KEYCLOAK_ORIGIN} placeholders resolved to the real values (https://s3.us-east-1.amazonaws.com and https://uat.acmp.anas7ammo.dev). Third leg: `certbot renew --dry-run` on the box reported 'Congratulations, all simulated renewals succeeded' — which is the end-to-end proof that the widened Route 53 grant works under the INSTANCE role, since a dry run performs the full DNS-01 challenge and writes a TXT record at _acme-challenge.<host>. Before 03-iam.sh was applied, simulate-principal-policy returned implicitDeny for exactly that write. ONE DEFECT CAUGHT HERE AND FIXED: certbot printed 'Certbot has set up a scheduled task to automatically renew this certificate in the background', and that was FALSE on this system — systemctl reported certbot-renew.timer as `disabled`. The unit file carries Persistent=true, so it was correct in shape and simply never enabled; unattended renewal would never have fired and the certificate would have expired in 90 days in silence, which is the same shape as DEF-017/018/020. Enabled and verified: enabled, active, next run Fri 2026-08-07 19:58 UTC, Persistent=true. The certificate was issued by deploy/scripts/certbot-deploy-hook.sh via --deploy-hook, which logged 'installed subject=CN=uat.acmp.anas7ammo.dev (notAfter=Nov 5 ...) into /opt/acmp/deploy/nginx/certs' and 'nginx reloaded' — so the symlink-dereference and 0640 root:101 ownership legs are now proven live, not just reasoned.",,,,1,2026-08-07T10:54:18Z,,
AV-097,AC-083,Met,"The S3 half was already settled by simulation and by live AccessDenied (see AV-090). The outstanding leg was the Webex one, which PE-148 recorded as satisfied 'only at template level ... a template is not a deployed configuration, so confirming the UAT box's real .env remains outstanding'. That configuration now exists and was read back FROM THE RUNNING BOX: /opt/acmp/deploy/.env.cloud contains WEBEX_ENABLED=false and NO other WEBEX_ variable is set at all — no space id, bot token, webhook secret, OAuth client id/secret, setup key or token-encryption key. With AC-071 already Met (a disabled adapter is unregistered entirely and enqueues nothing) there is no runtime path from this box to any Webex space, so 'UAT Webex posts never reach the prod space' holds structurally rather than by current template content. The guarantee is now enforced at publish time as well: deploy/aws/09-put-env.sh refuses to publish a uat parameter whose WEBEX_ENABLED is anything but false, or that carries any populated Webex credential — tested by feeding it both violations and watching it exit 1 before contacting AWS. So a future operator cannot hand this box prod Webex credentials by editing an env file, which is a stronger property than the AC asks for. Consistent with OQ-062 (decided 2026-07-24: Webex stays off in UAT until it has its own space and bot).",,,,1,2026-08-07T10:54:18Z,,
AV-098,AC-082,Met,"Real stop -> start of i-0991c84e85332238b, measured with a stopwatch from OUTSIDE the box. Address held: 35.173.149.191 before the stop and after the start, so the Elastic IP chosen over the Route 53 boot-updater did its job and no DNS change or TTL wait entered the budget at all. The stack answered at the same DNS name in 40 SECONDS against a 600-second budget. THE PROBE DESIGN IS THE POINT AND IT EARNED ITSELF IN ONE RUN: the poll recorded HTTP 502 at 23s and HTTP 401 at 40s. At 23 seconds nginx was already serving, so a probe of https://<host>/ would have returned 200 and this AC would have been recorded Met while the API was still down — exactly the weakness the pre-implementation review identified (the web healthcheck probes only static files on 127.0.0.1:8080, and daemon-driven container restarts do NOT re-evaluate depends_on, so `docker compose ps` cannot distinguish the two states either). Only a route under /api/ discriminates: 502/504 means nginx is up but never reached the backend, while an API-originated 200/401 proves the application itself is answering. 401 is proof of life here because the endpoint requires authentication and the request carried none. Evidence is therefore an external HTTPS probe traversing nginx to a live backend, not compose ps and not a probe of /.",,,,1,2026-08-07T10:56:15Z,,
AV-099,AC-075,Partial,"TESTED PROPERLY AND DELIBERATELY NOT RECORDED MET. The first UAT box could never be evidence for this AC because it was debugged mid-flight through six fixes; 'it worked while I fixed it' is not 'the runbook works'. So instance i-0991c84e85332238b was TERMINATED and a fresh one (i-0b632ed4ea0cd2a68) was built following deploy/runbooks/cloud-provisioning.md verbatim. WHAT PASSED, and it is the substance of the AC: the bootstrap itself ran completely UNATTENDED on a cold box and its own assertions reported nine of nine green — sqlserver-init, db-migrate and keycloak-config all exited 0; sqlserver, keycloak, seq, api and web healthy; worker running. Externally verified afterwards: real Let's Encrypt certificate (issuer YE1), / -> 200, /api/topics -> 401, /kc/admin/ -> 404, the acmp realm -> 200, and all six security headers on the HTTPS response. The Elastic IP re-associated by tag so DNS needed no touch (runbook section 4 correctly says 'once'), and the budget stop-action re-pointed itself to the new instance id automatically — the OQ-064 automation working as designed, since a stale InstanceId does not error, it silently protects nothing. WHY IT IS NOT MET: the AC says 'with no undocumented manual step', and the run required TWO interventions before it could proceed. (1) deploy/aws/07-launch.sh died at step one with ParameterNotFound resolving the AL2023 AMI, because MSYS rewrites the leading-slash SSM parameter path before the native aws.exe sees it. This is the sharpest finding of the whole exercise: the FIRST launch had succeeded only because the caller happened to have MSYS_NO_PATHCONV=1 exported in that shell from an earlier command — the script never set it. The original success was an accident of shell state, not a property of the script, and it would have failed for any operator opening a fresh terminal. Only re-running clean could distinguish those two. (2) deploy/aws/08-bootstrap-box.sh then crashed LOCALLY with ""'charmap' codec can't encode character '→'"" while echoing the remote output back: docker compose emits non-ASCII and the Windows CLI's cp1252 console encoding cannot render it, so the script died AFTER a bootstrap that had fully succeeded — a green deployment reported as a failure. Both are now fixed in-script (MSYS_NO_PATHCONV, PYTHONIOENCODING/PYTHONUTF8), matching 08 and 09; both are no-ops on Linux, so this is a Windows-operator gap rather than a universal one. A THIRD finding is not a script bug but a genuine runbook gap, recorded rather than quietly fixed: the box was bootstrapped at commit 2ec8c14 and its checkout is 2ec8c14, but it is RUNNING 749071e images, because ACMP_IMAGE_TAG/ACMP_WEB_TAG in the SSM parameter still pin the commit that was current when the environment was published. Nothing in the runbook or the scripts reconciles the bootstrap sha with the image tags, and nothing detects the mismatch — the same seam-failure class as DEF-019 (P21 wrote a compose line before P24 chose per-environment web images). Harmless here because #180 changed only deploy scripts and package rows, but on an app-code commit it would silently deploy the wrong build. The runbook needs a step that re-pins the tags (promote-image.sh or a re-publish) for the commit being bootstrapped. TO REACH MET this needs one more from-scratch build, on the fixed scripts, with zero interventions — which has NOT been run, because the third build would have to follow the two fixes that this build produced.",,,,1,2026-08-07T11:42:57Z,,
AV-100,AC-079,Met,"PE-176; src/Acmp.Web/uat-login-probe.mjs run against https://uat.acmp.anas7ammo.dev on i-05085d458d886dc08 (commit 02c1ce7). All three legs on live evidence. (1) IDEMPOTENT: seed-users.sh run twice on the box -- 'done: 4 created, 0 already present' then 'done: 0 created, 4 already present', a clean no-op; independently reproduced twice on the local cloud stack. (2) TEMPORARY PASSWORD + UPDATE_PASSWORD: every seeded account was forced through Keycloak's update-password form at first login, observed by the probe rather than read from config. (3) REAL LOGIN + JIT WITH THE CORRECT ROLE: all four accounts completed a real browser authorization-code + PKCE round-trip in a single run and were JIT-provisioned via POST /api/members/me as chairman->Chairman (c8a87d06-1988-47aa-9dfd-80fb4e64b60d), secretary->Secretary (4718dba9-5d36-461a-a988-39412eac9301), member->Member (343328fa-a87a-403e-a580-bda8412f8682), auditor->Auditor (51d9ccb7-3a48-49ff-a053-66f9d16e873b) -- the role asserted from the API's own provisioning response, not inferred from the UI. Each user ran in a fresh browser context so no session could be inherited. This leg was blocked by DEF-023 and is what found it.",,,,1,2026-08-07T15:29:33Z,,
AV-101,AC-075,Partial,"PE-176. The PROVISIONING SCRIPTS now pass from scratch with ZERO interventions, which is the part that failed last time: at commit 79a3354 on a terminated-and-rebuilt instance (i-05085d458d886dc08), 07-launch.sh ran clean and unattended (PE-174's MSYS fix proving itself), the Elastic IP re-associated by tag so DNS needed no touch, and 08-bootstrap-box.sh completed unattended with nine of nine assertions green -- three one-shots exited 0, five services healthy, worker running -- with the new image-tag guard firing and confirming the images matched the commit. STILL PARTIAL because runbook section 6 required an undocumented manual step, which is exactly what this AC forbids: certbot refused a deploy hook committed 100644 and abandoned the whole certonly run, so a chmod on the box was needed to obtain a certificate (DEF-024). Both causes are now fixed in source -- the file mode via git update-index --chmod=+x, and the runbook now carries the --non-interactive/--agree-tos flags the step cannot run without over SSM, which is the only access path. Reaching Met needs one more from-scratch build carrying those fixes; nothing known remains in its way.",,,,1,2026-08-07T15:29:33Z,,
AV-102,AC-081,Met,"PE-176. RE-VERIFIED after DEF-025 changed which headers /kc/ emits, so the earlier verdict is not left resting on a superseded configuration. On i-05085d458d886dc08 at commit 02c1ce7: a real Let's Encrypt certificate (subject=CN=uat.acmp.anas7ammo.dev, issuer C=US/O=Let's Encrypt/CN=YE1) with `Verify return code: 0 (ok)` measured from OFF the box, not from inside where a placeholder looks identical; HSTS max-age=31536000; includeSubDomains present on the HTTPS response; and the SPA's own / still carrying all six security headers. The /kc/ change is deliberately scoped to Keycloak's own pages, which are not this application's surface: there Keycloak owns Content-Security-Policy and X-Frame-Options (it sets SAMEORIGIN, Referrer-Policy no-referrer and nosniff itself) while HSTS and Permissions-Policy are still emitted by us. Guarded going forward by new cloud-stack-boot.sh assertions on a /kc/ path. NOTE the certificate exists at all only because DEF-024 was fixed -- the first attempt on this box issued none while reporting Success.",,,,1,2026-08-07T15:29:33Z,,
AV-103,AC-075,Met,"A clean from-scratch build at main tip fca58f36 with ZERO interventions -- what this AC has been waiting for since PE-174. The previous instance was TERMINATED first so nothing carried over: new instance i-07ac28ac2fedab921, new EBS volume, empty databases. Every step ran verbatim from deploy/runbooks/cloud-provisioning.md and none needed a fix mid-flight. (1) 07-launch.sh clean and unattended, re-using the Elastic IP allocation and re-associating it by tag so DNS needed no touch, and re-pointing the budget stop-action at the new instance id. (2) 08-bootstrap-box.sh clean and unattended with nine of nine assertions -- three one-shots exited 0, five services healthy, worker running -- and the image-tag guard confirming the deployed images matched the checked-out commit. (3) Section 6 certbot succeeded ON THE FIRST ATTEMPT and issued a real certificate, which is the step that failed last time (DEF-024): subject=CN=uat.acmp.anas7ammo.dev, issuer Let's Encrypt, `Verify return code: 0 (ok)` measured from OFF the box, HSTS present, renewal timer enabled. (4) Section 7 seed-users.sh created all four accounts cleanly. The whole SSM invocation ran under `set -eu` this time, so its Success status is meaningful rather than inherited from the last command -- the precise way DEF-024 hid. END-TO-END PROOF rather than an all-healthy claim: all four seeded accounts then completed a real browser PKCE login on this box, were forced through UPDATE_PASSWORD (a genuinely fresh required-action path, since the terminated volume took the old realm with it), and JIT-provisioned with the correct roles -- Chairman, Secretary (25d076eb-6b22-400e-9640-cf48745d60f7), Member (3fc207b8-84ae-40f2-9e83-b7876396c5b9), Auditor (3d2a42f3-aa81-48d3-8f0a-b5c1fcb773b2). Cost guardrails verified on the new instance rather than assumed: t3.medium, CpuCredits=standard, 50 GB gp3 encrypted, zero NAT gateways. SCOPE NOTE, recorded rather than glossed: runbook section 8 (the backup SCHEDULE) was found broken afterwards -- AL2023 ships no cron at all, DEF-026 -- and is fixed in the bootstrap. That does not touch this AC's all-healthy claim, which concerns sections 1-7 and the stack itself, but an operator reading 'no step missing from the runbook' strictly may wish to re-test section 8 on the next provision.",,,,1,2026-08-07T18:00:08Z,,
AV-104,AC-084,Partial,"THE MEMORY HALF IS EVIDENCED AND CLEAN, on i-07ac28ac2fedab921 (t3.medium, 4 GiB + 4 GiB swap) after a full provision plus four concurrent browser PKCE logins driving the SPA, API and both databases: zero docker OOM events since boot, zero containers exited 137, zero `out of memory` lines in dmesg, swap essentially untouched at 20 MiB of 4095. Per-container against the 3584 MiB budget: sqlserver 1.028 GiB/2 GiB, api 216 MiB/512 MiB, seq 167 MiB/256 MiB, worker 72 MiB/256 MiB, web 12 MiB/64 MiB; host 2033 MiB used, 1410 MiB available. NOT MET FOR THREE CONCRETE REASONS, each recorded rather than smoothed over. (1) THE ALARM CLAUSE FAILS. The AC reads 'the CPUCreditBalance alarm is not tripped', and until this session NO CloudWatch alarm existed in the account at all -- the clause was vacuously true, an alarm that cannot trip, the same class of check as the health probes that passed on a box nobody could log into. One was armed (acmp-uat-cpu-credits-low, <50 credits over 2x5min, now codified in 07-launch.sh alongside the budget brake) and its very first evaluation went to ALARM on real data: balance 0.16 then 1.46 against a threshold of 50. That is not a badly chosen threshold, it is a real condition -- a freshly provisioned t3.medium in standard mode starts at zero credits and earns 24/hr, so it has no burst headroom for roughly two hours, and the provisioning burn leaves it at the floor. The threshold was deliberately NOT tuned to make it green, since that would rebuild the un-failable check this AC exists to catch. (2) THE LOAD WAS NOT AN E2E RUN. The AC says 'when an e2e run drives it'; what drove it was four concurrent browser logins -- real load, but far lighter. The Playwright suite cannot currently run against UAT at all: see DEF-027. (3) KEYCLOAK IS AT 96.1% OF ITS CAP (430.5 MiB of 448 MiB) after only four logins. It has not been OOM-killed and the JVM is living inside its limit, but that is by a wide margin the thinnest headroom in the stack and is precisely the question this AC asks. Reaching Met needs DEF-027 resolved so a genuine e2e run can drive the box, on an instance with a settled credit balance, with the Keycloak limit either raised or shown to hold.",,,,1,2026-08-07T18:00:08Z,,
AV-105,AC-080,Partial,"DOWNGRADED FROM MET 2026-08-08 on a strict re-reading, after DEF-026 falsified part of what the Met verdict rested beside. Nothing about the drill itself is retracted. WHAT IS STILL FULLY MET is the AC's literal test, and AV-095's evidence for it stands unaltered: deploy/scripts/spike-cloud-gates.sh ran green 19/0 on 2026-08-05, seeding 3 rows in EACH database, producing a .bak on Express with no COMPRESSION clause, emptying each to 0, then 'restore.sh restored Acmp: 3 -> 0 -> 3' AND 'restore.sh restored keycloak: 3 -> 0 -> 3', asserted per database rather than in aggregate, with no Postgres leg. WHY IT IS NEVERTHELESS NOT MET: the AC does not stop at the round-trip. Its statement binds itself explicitly to '(verifies NFR-058, ADR-0033 as amended)', and NFR-058 has TWO clauses -- backups stored in a location SEPARATE from the primary database server, AND tested for restorability at least quarterly. The drill evidences the second clause and the mechanism of the first. It does not evidence the first as an operating property, and two defects found after AV-095 show it did not hold in the deployed environment: DEF-022 (the cron path silently skipped the off-instance S3 copy entirely, so backups never left the box they were backing up) and DEF-026 (Amazon Linux 2023 ships no cron at all, so the SCHEDULE that would have produced those copies never existed on any provisioned box). A restore drill run by hand proves the machinery works; it cannot prove a regime that was not running. Both defects are now Fixed and the mechanism is evidenced -- backup.sh was run on i-05085d458d886dc08 through `env -i` with only ACMP_ENV_FILE set, exactly cron's stripped environment, and a SEPARATE `aws s3 ls` confirmed both objects landed in s3://acmp-uat-backups/sql/ -- and on i-07ac28ac2fedab921 cronie is installed, crond is active and `crontab -l` shows both schedule lines. EXIT CRITERION TO REACH MET, stated so the next session knows exactly what to look for: an actual CRON-TRIGGERED backup observed to complete and land off-instance -- the scheduled run firing on its own, not a hand-invoked one. Every prerequisite for that is now in place; it has simply never been observed. Recording this Partial rather than leaving Met is the same discipline as DEF-023: an AC must not rest on a check that could not have failed.",,,,1,2026-08-08T10:41:58Z,,
AV-106,AC-080,Met,"MET 2026-08-09, supersedes the AV-105 Partial. AV-105's named exit criterion was 'an actual CRON-TRIGGERED backup observed to complete and land off-instance -- the scheduled run firing on its own, not a hand-invoked one'. That is now evidenced on i-07ac28ac2fedab921. METHOD, and the method is load-bearing: the existing root crontab was APPENDED to, never replaced. crontab.example carries `ACMP_ENV_FILE=/opt/acmp/deploy/.env.cloud` as a crontab ENVIRONMENT ASSIGNMENT that applies to every line below it, so installing a standalone temporary crontab would have left backup.sh without ACMP_ENV_FILE, backup.sh would have refused (DEF-022's net), and the drill would have proved the refusal works rather than the scheduler. One line `30 21 * * *` was appended at 21:27:19Z targeting 21:30 UTC, the ACMP_ENV_FILE assignment was re-confirmed present above it, and NOTHING was invoked by hand between arming and verifying. WHAT WAS OBSERVED: crond's own journal records `Aug 08 21:30:02 ip-172-31-3-204 CROND[7778]: (root) CMD (cd /opt/acmp && deploy/scripts/backup.sh >> /var/log/acmp-backup.log 2>&1)` with CMDEND at 21:30:06 -- the SCHEDULER naming the command it invoked. That journal line is the ONLY artifact a hand-run cannot produce: the .bak files, their names and the log text are byte-identical whether a human or cron invokes backup.sh, which is exactly why AV-095's evidence could not settle this. Corroborating that this was the first scheduled run ever on this box: /var/log/acmp-backup.log DID NOT EXIST and /opt/acmp/backups was EMPTY immediately before arming (local .bak files are pruned by age, not on upload, so an empty directory means no run had occurred). The log shows BACKUP DATABASE for BOTH databases -- Acmp, 986 pages, and keycloak, 1466 pages -- each annotated 'no COMPRESSION - Express', followed by `S3: cp` for both and `backup complete`. OFF-INSTANCE CONFIRMED FROM THE LAPTOP, NOT FROM THE BOX: `aws s3 ls s3://acmp-uat-backups/sql/` run locally lists Acmp_20260808_213002.bak (7.8 MiB) and keycloak_20260808_213002.bak (11.6 MiB) beside the two pre-existing 20260807 objects. Where the check runs is the point rather than a detail -- an `aws s3 ls` executed ON the box shares fate with the box, which is precisely the property NFR-058's first clause asserts -- and the embedded filename timestamp 20260808_213002 matches the cron-fired minute, so freshness is verifiable from the name and not only from the listing time. SCHEDULE RESTORED and verified byte-identical BOTH to the pre-drill capture (/root/crontab.pre-drill.bak) AND to the committed source of truth deploy/scripts/crontab.example; the live schedule is again the nightly 02:00 line plus the Sun-Thu 4-hourly line, with the ACMP_ENV_FILE assignment intact. BOTH NFR-058 CLAUSES ARE NOW EVIDENCED: restorability by AV-095's per-database 3->0->3 drill (unaltered and not retracted), and separate-location storage as an OPERATING PROPERTY of a schedule that has been watched to run, rather than as a mechanism shown to work by hand.",,,,1,2026-08-08T21:38:18Z,,
AV-107,AC-085,Partial,"VERDICT UNCHANGED, SCOPE SHARPENED 2026-08-09: leg 4 moves from Not-met to MET, leaving leg 1 as the SOLE remaining gap. Legs 2, 3 and 5 stand exactly as AV-088 recorded them and are not restated here. LEG 4 IS MET, on stronger evidence than the AC asks for. AV-088 recorded it Not-met on 2026-08-04 for the correct reason that an SsmActionDefinition takes explicit InstanceIds and so cannot exist before P25 launches instances. Instances now exist. `describe-budget-actions-for-budget` shows action 611cb0b3-2885-49ed-844c-220c18ba8d6c, ActionType RUN_SSM_DOCUMENTS, SsmActionDefinition {ActionSubType STOP_EC2_INSTANCES, Region us-east-1, InstanceIds ['i-07ac28ac2fedab921']}, ActionThreshold 100.0 PERCENTAGE on ACTUAL, ApprovalModel AUTOMATIC, Status STANDBY, ExecutionRoleArn arn:aws:iam::565393059398:role/acmp-budget-action, subscriber the acmp-budget-alerts SNS topic. The AC's harder half -- 'created-or-updated by the launch script ITSELF so a replaced instance re-points AUTOMATICALLY rather than via a runbook step' -- is evidenced NOT by reading 07-launch.sh but by CloudTrail across a REAL instance replacement: UpdateBudgetAction by acmp-admin at 2026-08-07T16:41:55Z, 33 seconds after i-07ac28ac2fedab921 launched at 16:41:22Z, whose OldAction carried InstanceIds ['i-05085d458d886dc08'] -- the terminated predecessor -- and whose NewAction carries ['i-07ac28ac2fedab921'], same ActionId, same 100% ACTUAL threshold, same AUTOMATIC/STANDBY posture. CloudTrail further shows the CREATE branch executing once (CreateBudgetAction, acmp-admin, 2026-08-07T09:46:09Z) and the UPDATE branch three times since, so BOTH branches of the create-or-update are observed rather than asserted, and the automatic re-pointing is observed across an actual replacement rather than reasoned from the code. LEG 1 REMAINS THE ONLY GAP, unchanged in substance: the acmp-budget-alerts topic carries the confirmed email subscription 731fd529-ebce-4bee-9fa4-6935007f5118 to the operator address, and the acmp-monthly budget carries THREE ACTUAL notifications at 50/80/100 percent, ALL in NotificationState OK -- because actual spend is $1.065 against the $60 limit, i.e. 1.775 percent. No threshold notification has therefore ever fired, and none will on organic spend at this burn rate. ESTABLISHED THIS SESSION SO THE NEXT ATTEMPT IS A DECISION RATHER THAN A DISCOVERY: budget NOTIFICATIONS are separate API objects from budget ACTIONS (describe-notifications-for-budget vs describe-budget-actions-for-budget, verified live), so a temporary low-threshold notification -- 1 percent ACTUAL GREATER_THAN, below the 1.775 percent already spent -- would fire a genuine budget-triggered notification through the same SNS topic and the same confirmed email subscription WITHOUT touching either 100 percent action. That is a real test with real failure modes (topic access policy, subscription state, budget-to-subscriber wiring), not an un-failable check, and it is NOT equivalent to `sns publish` to the topic, which would prove delivery but not that a BUDGET triggered it -- the two must not be blurred. Attribution baseline captured before any attempt: the CloudWatch metric NumberOfNotificationsDelivered for TopicName acmp-budget-alerts has ZERO datapoints across 2026-08-08 and 2026-08-09, so any datapoint appearing after arming is attributable to the armed notification. NOT DONE IN THIS SESSION, and the reason is recorded rather than smoothed over: the `aws budgets create-notification` call was refused by this session's tool-permission layer, not by AWS and not by policy. EXPLICIT WARNING FOR WHOEVER PICKS THIS UP: do NOT force leg 1 by lowering the budget AMOUNT. That would drive utilisation toward 100 percent and risk tripping the IAM-deny action, which denies acmp-admin the very spend-control actions needed to recover.",,,,1,2026-08-08T21:38:46Z,,
AV-108,AC-076,Partial,"PENDING -> PARTIAL 2026-08-09. The suite now RUNS against UAT, which DEF-027 had established it could not, and two of the AC's three named areas pass. WHAT UNBLOCKED IT: DEF-027 option (b), an SSM port-forward, executed with zero code change. session-manager-plugin was obtained WITHOUT installing anything -- the winget/MSI route wants Program Files and stalls on a UAC prompt, but AWS's SessionManagerPlugin.zip carries a nested package.zip whose bin/session-manager-plugin.exe runs standalone, and `aws ssm start-session` only needs it on PATH. `AWS-StartPortForwardingSession portNumber=80,localPortNumber=8085` opened first try, confirming acmp-admin holds ssm:StartSession. global-setup then authenticated to the master realm and seeded its fixtures over the tunnel -- `[e2e] seeded e2e-secretary (Secretary)`, `e2e-chairman (Chairman)`, `e2e-member (Member)` -- while the browser drove the PUBLIC host, which is possible only because global-setup takes E2E_KEYCLOAK_URL separately from E2E_WEB_URL. The /kc/admin deny was NOT relaxed and seed-users.sh was NOT modified; the same three paths on the public 443 listener returned 200/404/404 in the same minute, so AC-081's posture is intact and re-evidenced. RESULT, 7 tests, 6 passed / 1 failed in 3.8 minutes. AUTH PASSES, and this is the AC's headline clause: 'unauthenticated deep-link is redirected to the sign-in page' and 'signs in via Keycloak and lands authenticated on the dashboard' both green against https://uat.acmp.anas7ammo.dev -- a REAL Keycloak authorization-code + PKCE round-trip against the deployed realm, not a mock and not the disposable e2e stack. RTL/A11Y PASSES, all four: the top-bar Arabic flip, and axe-clean in BOTH languages on Backlog, Submit-Topic, and the Backlog kanban with the AC-043 reorder controls. THE CORE GOVERNANCE LOOP FAILS, which is why this is Partial and not Met. core-loop.spec.ts times out at the 'secretary schedules a meeting' step. Recorded as DEF-028 with the mechanism located in code: SchedulePage.onSubmit ends in a bare `return` when any of six conditions fail, and one of them -- the `!chair` lookup -- has NO corresponding rendered error, because chairError tests the strictly weaker `!effectiveChairId`. The click therefore produced NO request at all: nginx logged no POST /api/meetings across the full three-minute wait, only the SPA's notification polls. THE FAILURE IS NOT ENVIRONMENTAL CAPACITY, and that was checked rather than assumed -- the API answered in 5-69ms during the same window, load average 0.02, all containers healthy, zero OOM/die events, zero dmesg out-of-memory, and the Playwright trace holds no console or page error. It is also NOT a broken spec: the identical core-loop.spec.ts passes green in the e2e workflow against the local compose stack (run 31254328744), so the trigger is specific to UAT or its data state. WHAT REACHING MET NOW REQUIRES is DEF-028 fixed and the core-loop spec re-run; the mechanism to run the suite against UAT is proven and repeatable and is no longer the obstacle. SCOPE FACT RECORDED DELIBERATELY: the run seeded three FIXED-PASSWORD e2e-* accounts into the UAT realm, whose password is committed in e2e/users.ts, on a host whose 443 is open to 0.0.0.0/0. All three were DELETED through the same tunnel after the run (HTTP 204 each) and the realm verified back to its five legitimate accounts. The governance writes the run made -- topics, audit events -- are hash-chained and immutable and therefore REMAIN in the UAT database permanently; that is acceptable for UAT and is exactly why the suite must stay incapable of pointing at production.",,,,1,2026-08-08T22:05:29Z,,
AV-109,AC-084,Partial,"STILL PARTIAL, BUT ON ONE LEG INSTEAD OF THREE, and the surviving leg's reason is now measured rather than assumed. AV-104 recorded three reasons. Two are now discharged. LEG 2 (the load) IS DISCHARGED: AV-104's objection was that four concurrent browser logins are not 'an e2e run', and the AC says 'when an e2e run drives it'. A genuine Playwright run has now driven the deployed box -- 7 tests over 3.8 minutes exercising the real PKCE round-trip, the SPA, the API, SQL Server and Keycloak, plus admin-API fixture seeding (see AV-108 / DEF-027). LEG 3 (Keycloak's headroom) IS DISCHARGED ON THE AC'S OWN TERMS: the AC asks for the limit 'either raised OR shown to hold', and it was shown to hold. Per-container memory was SAMPLED every 10 seconds throughout the run and after -- 56 samples per container -- because `docker stats` reports only current use and has no peak counter, so a peak not sampled is a peak lost. PEAKS AGAINST LIMITS: keycloak 441.9 MiB of 448 (98.6%), sqlserver 1208.3 of 2048 (59%), api 296.7 of 512 (58%), seq 168.3 of 256 (66%), worker 103.8 of 256 (41%), web 11.7 of 64 (18%). Across the whole window: ZERO docker OOM events, ZERO containers exited, ZERO `out of memory` lines in dmesg, swap 46 MiB of 4095 touched, and every container still reporting healthy 33 minutes after boot. So the cap holds under real e2e load and no limit needs raising -- but RECORD THE MARGIN AS A STANDING RISK rather than a pass: 441.9 of 448 is 6.1 MiB of headroom, by a wide margin the thinnest in the stack, and container limits already total 3536 MiB against a 3584 MiB budget, so any future increase must come out of another service (worker peaked at 103.8 of 256 and seq at 168.3 of 256, which is where the slack is). THE ALARM LEG IS THE SOLE REMAINING GAP and it FAILS RIGHT NOW: acmp-uat-cpu-credits-low is in ALARM, 'Threshold Crossed: 2 datapoints [7.74, 6.39] were less than the threshold (50.0)'. THE HANDOFF'S PREMISE FOR THIS LEG IS WRONG AND IS CORRECTED HERE: it stated the balance 'recovered while the box sat idle'. A STOPPED t3 EARNS NO CPU CREDITS AT ALL. The alarm read OK only because a stopped instance publishes no CPUCreditBalance datapoints; the moment the box started, the metric resumed and the alarm returned to ALARM at ~6-9 credits. Credits accrue at 24/hour for a t3.medium in standard mode ONLY while running, so satisfying this clause requires roughly TWO HOURS of continuous running time before the e2e run -- which is a scheduling constraint on the next attempt, not a defect, and not something idle time can supply. The threshold was again deliberately NOT tuned down to make it green, for the reason AV-104 gave: that would rebuild the un-failable check this AC exists to catch.",,,,1,2026-08-08T22:05:51Z,,
AV-110,AC-085,Partial,"SUPERSEDES AV-107 ON LEG 1 ONLY; legs 2, 3, 4 and 5 are unchanged and leg 4's Met evidence stands exactly as AV-107 recorded it (CloudTrail UpdateBudgetAction re-pointing the STOP_EC2_INSTANCES action from the terminated i-05085d458d886dc08 to i-07ac28ac2fedab921, 33 seconds after launch). LEG 1 WAS ATTEMPTED AND THE ATTEMPT PRODUCED A PRECISE NEGATIVE RESULT, which is more useful than the untested hypothesis AV-107 recorded. A temporary notification at 1% ACTUAL GREATER_THAN was created against the acmp-monthly budget, below the 1.775% already spent ($1.065 of $60). It was accepted and its NotificationState went to ALARM IMMEDIATELY on creation. NO NOTIFICATION WAS DELIVERED. Checked against the pre-armed baseline of zero datapoints, the SNS topic acmp-budget-alerts showed NO datapoints for NumberOfMessagesPublished, NumberOfNotificationsDelivered or NumberOfNotificationsFailed across the whole window. THE DISTINCTION IS THE FINDING AND IT MUST NOT BE BLURRED: `NotificationState: ALARM` means the budget evaluated the threshold as crossed. The AC's wording is stricter -- 'a threshold notification has been OBSERVED TO ARRIVE' -- and arrival did not happen. The most likely reason, and it is actionable: a notification created ALREADY IN ALARM has no OK->ALARM TRANSITION to notify on, so arming a threshold below current spend can never produce a delivery no matter how long one waits. That is precisely the un-failable-check trap this project keeps catching, inverted -- a check that cannot PASS. CORRECTIVE ACTION TAKEN, and it is left in place deliberately: the 1% notification was DELETED and replaced with one at 2.0% ACTUAL GREATER_THAN, which is $1.20 against $1.065 of actual spend, so it is currently in state OK and will transition OK->ALARM on its own as ordinary spend crosses $1.20 -- a genuine budget-triggered notification on real spend, through the same confirmed email subscription, with no threshold gamed to make it fire. It is armed NOW and is expected to fire within roughly a day. THE NEXT SESSION CLOSES LEG 1 BY OBSERVATION, NOT BY ACTION: check `describe-notifications-for-budget` for the 2.0 threshold reading ALARM AND the CloudWatch metric NumberOfNotificationsPublished/Delivered on acmp-budget-alerts showing a non-zero datapoint. Both together are arrival; the state alone is not. Delete the 2% notification once observed. VERIFIED SAFE BEFORE AND AFTER: budget notifications are separate API objects from budget actions, and both 100% ACTUAL actions (APPLY_IAM_POLICY and RUN_SSM_DOCUMENTS) were re-checked after every change and remain STANDBY at 100.0 with their definitions untouched. The budget AMOUNT was not lowered and must not be -- that would drive utilisation toward 100% and risk tripping the IAM deny that removes acmp-admin's own remediation actions.",,,,1,2026-08-08T22:06:14Z,,
AV-111,AC-076,Partial,"SUPERSEDES AV-108. STILL PARTIAL, BUT THE BLOCKER HAS CHANGED FROM A PRODUCT DEFECT TO A FIXTURE-DATA ARTIFACT, AND THE FIX IT WAS BLOCKED ON IS NOW VERIFIED IN THE ENVIRONMENT WHERE IT FAILED. THE DEPLOY HAPPENED: PR #195 merged to main (155cc803), CI published all four images including the per-environment web:155cc803...-uat tag (verified present in ECR before touching anything, which is DEF-019's lesson), /acmp/uat/env was re-pinned to the new full SHA via 09-put-env.sh, and 08-bootstrap-box.sh re-bootstrapped i-07ac28ac2fedab921 at that commit. The image-tag drift guard PASSED rather than being bypassed, all nine health assertions came back OK, every one-shot exited 0, and `docker ps` confirms all five services now run the 155cc803 images. TLS survived the rebuild -- the Let's Encrypt certificate is valid to 2026-11-05 -- and the security posture was re-verified in the same minute: / and /kc/realms/acmp/.well-known/openid-configuration return 200 while /kc/admin/realms/acmp/users and /kc/realms/master/protocol/openid-connect/token both return 404, so AC-081's deny is intact after the redeploy. DEF-028's FIX IS PROVEN WHERE IT MATTERS, and this is the substantive result. The defect only ever manifested over a real network, so localhost could never confirm the fix; the deployed re-run is the only possible evidence. Before: the 'secretary schedules a meeting' step hung for the full 180-second timeout and the whole run took 3.8 minutes. After: that step PASSES and the entire run completes in 55.5 seconds. The failure moved PAST the step it used to die on, which is the signature of a fixed race rather than a masked one. AUTH AND RTL/A11Y PASS AGAIN, unchanged: the real Keycloak PKCE round-trip and the unauthenticated-deep-link redirect, plus all four RTL/Arabic and axe-clean specs in both languages. 6 passed, 1 failed. WHY IT IS STILL PARTIAL, AND THE CAUSE IS MINE: core-loop now fails at a different step with a Playwright strict-mode violation -- getByRole('option', {name: 'E2E Member', exact: true}) resolves to TWO elements. Measured on the live host: GET /api/members returns 10 rows where 7 are expected, with 'E2E Chairman', 'E2E Member' and 'E2E Secretary' each duplicated and all six active. The cause is recorded as DEF-029: after the first run I DELETED the fixed-password e2e-* Keycloak users on security grounds, and because app-side identity is the Keycloak `sub` (P17b) and audit immutability means a CommitteeMember row can be deactivated but never removed, re-seeding minted new subs and JIT-provisioned a SECOND row for each. This is a fixture-lifecycle fault, not a product fault -- the governance loop code is not implicated, and the same spec passes in CI. ALREADY CORRECTED SO IT CANNOT RECUR: the three accounts are now DISABLED (enabled=false, HTTP 204 each) rather than deleted, which removes the internet-reachable-credential risk just as completely while preserving the sub, and AC-076's own cleanup clause has been corrected from 'deleted' to 'disabled' so the AC stops prescribing the thing that caused this. WHAT REACHING MET NOW REQUIRES is a single operator action with no code involved: deactivate the three ORPHANED CommitteeMember rows through the sanctioned admin path (POST /api/members/{publicId}/deactivate, Policies.AdminUsers, or Administration -> Users & Membership), which is an ordinary governance action rather than data repair, then re-run. activeMembers filters on isActive, so that removes the ambiguity. It was not done in this session because it requires an account holding the Administrator role and none was available.",,,,1,2026-08-08T23:29:40Z,,
AV-112,AC-084,Met,"MET 2026-08-09, supersedes AV-109. All three of AV-104's objections are now discharged, each by measurement on the CURRENT deployment (155cc803) rather than by carrying forward older evidence. LEG 1 -- THE ALARM CLAUSE -- IS SATISFIED, and this was the last one open. acmp-uat-cpu-credits-low read OK immediately BEFORE the run, stayed OK THROUGHOUT it, and was still OK after: alarm state last changed at 00:11:02Z when it cleared, and it did not change again. CPUCreditBalance across the window: 46.95 -> 48.51 -> 50.09 -> 51.59. THE BALANCE ROSE DURING THE RUN, which is a stronger result than 'did not trip' and it corrects the assumption underneath the whole clause: CPUCreditUsage in the two 5-minute periods covering the run was 0.426 and 0.498, against 2.0 credits EARNED per 5 minutes at the t3.medium standard rate of 24/hour. An e2e run therefore costs roughly a quarter of what the box earns while running it. The credit clause was never really about e2e load at all -- it was entirely about cold-start warm-up, which is precisely the argument OQ-067 makes. THE THRESHOLD WAS NOT TUNED. It stands at <50 credits over 2x5min exactly as armed, and reaching OK took ~1h50m of continuous running from a cold start (~9 credits at boot, net accrual ~15-18/hour after the box's own idle draw and a re-bootstrap that spent some). That warm-up is a real, recurring operational cost of this AC and is recorded as OQ-067 rather than absorbed silently. LEG 2 -- 'WHEN AN E2E RUN DRIVES IT' -- IS SATISFIED: a genuine Playwright run against https://uat.acmp.anas7ammo.dev drove the SPA, API, SQL Server and Keycloak, plus admin-API fixture seeding over the SSM port-forward, completing 7 tests in 53.7s (6 passed; the single failure is DEF-029 fixture duplication, unrelated to capacity). LEG 3 -- KEYCLOAK'S HEADROOM -- IS SHOWN TO HOLD, which the AC explicitly permits as the alternative to raising the limit. Measured immediately after this run on THIS deployment: keycloak 430.7 MiB / 448 (96.15%), sqlserver 1.14 GiB / 2 GiB (56.99%), api 295.1 / 512 (57.64%), seq 129.3 / 256 (50.51%), worker 113.6 / 256 (44.39%), web 12.45 / 64 (19.46%). Zero docker OOM events and zero container deaths since the re-bootstrap, zero `out of memory` lines in dmesg, host 2012 MiB used with 1440 available, and swap 37 MiB touched of 4095. All six containers healthy 55 minutes after the redeploy. The 441.9 MiB peak recorded in AV-109 came from sampling every 10 seconds through the earlier run on deployment fca58f36; this session's post-run reading of 430.7 MiB on 155cc803 is consistent with it, and no limit needed raising. RECORDED AS A STANDING RISK RATHER THAN BURIED IN A PASS: Keycloak at 96% of its cap is by a wide margin the thinnest headroom in the stack -- about 17 MiB -- and container limits already total 3536 MiB against a 3584 MiB budget, so any future increase must come out of another service. The slack sits in worker (113.6 of 256) and seq (129.3 of 256). It holds today under real e2e load; it should not be assumed to hold if Keycloak's session count grows.",,,,1,2026-08-09T00:17:49Z,,
AV-113,AC-084,Met,"CORRECTS AV-112's CHARACTERISATION OF THE AC. THE VERDICT IS UNCHANGED AND THE MEASUREMENTS ARE UNCHANGED -- what was wrong is a claim about what the AC SAYS. AV-109 and AV-112 both asserted that the AC 'explicitly permits raised OR shown to hold' as an alternative for the Keycloak limit. IT DOES NOT. AC-084's statement, read directly for the first time during a self-audit, is: 'Given the cloud stack on t3.medium (4 GiB + 4 GiB swap) When an e2e run drives it Then docker events shows no OOM-kill of any container and the CPUCreditBalance alarm is not tripped (verifies the RSK-013 mitigation).' The phrase I attributed to the AC came from AV-104's EVIDENCE TEXT -- a previous verdict's description of what reaching Met would require -- and I carried it forward twice as though it were the requirement. A claim about what a requirement says must come from the requirement; quoting a prior verdict's paraphrase is how a requirement quietly gets rewritten by the people grading it. THE VERDICT SURVIVES, AND THE AC IS ACTUALLY LESS DEMANDING THAN I DESCRIBED. It has exactly two clauses. CLAUSE 1, no OOM-kill of any container: measured after a real e2e run on deployment 155cc803 -- zero docker OOM events, zero containers exited, zero 'out of memory' lines in dmesg, 37 MiB of 4095 swap touched, all six containers healthy. CLAUSE 2, the CPUCreditBalance alarm not tripped: acmp-uat-cpu-credits-low read OK before, throughout and after the run, having cleared on its own at 50.09 credits with no threshold tuning, and the balance ROSE across the run (50.09 -> 51.59) because CPUCreditUsage was 0.426 and 0.498 against 2.0 earned per 5-minute period. Both clauses evidenced; Met stands. WHAT THIS RE-CLASSIFIES: Keycloak's 430.7 MiB of its 448 MiB cap is NOT an AC requirement and never was. It is a RISK I surfaced, and it should be read as one rather than as a criterion partially satisfied. That distinction matters because it changes who acts on it and when. It remains worth watching -- ~17 MiB of headroom is the thinnest in the stack against a 3536/3584 MiB limits total, with the slack sitting in worker and seq -- and it is squarely what the AC's referenced risk is about. A SECOND, PRE-EXISTING FINDING, not mine: the AC cites 'RSK-013', which does not exist. This package's risks are RISK-### and there are 23 of them. The intended target is unambiguous -- RISK-013 is '4 GiB is tight; a Keycloak GC burst plus SQL Server's buffer pool can OOM the t3.medium', which is exactly this AC's subject. So the reference is a broken prefix, not a wrong risk, and the Keycloak headroom observation is directly on-point for it. SCOPE OF THAT DEFECT, measured rather than estimated: an unbounded count across csv/ and data/ finds 54 'RSK-' strings, but only ONE is a genuine dangling reference. The rest are 'RSK-ID' and 'RSK-YYYY-' format templates in documentation about the risk-register row shape, and 'RSK-2026-012' inside illustrative traceability examples that use fictional dated identifiers throughout. AC-084's is the only real one. NOT FIXED HERE deliberately: correcting an identifier inside the statement of an AC that is now Met is a package edit on graded text, and this session has already amended one AC twice. The fix is one token, RSK-013 -> RISK-013, and it is an operator's to apply. Left visible here rather than filed away, since anyone reading this AC's verdict is exactly who needs to see it. Note also that G-TRACE cannot catch this class: the reference lives in free text, not in a typed trace edge, so every mechanical gate passes while the link points nowhere.",,,,1,2026-08-09T09:58:31Z,,
AV-114,AC-085,Partial,"SUPERSEDES AV-110 ON LEG 1 ONLY; legs 2, 3, 4 and 5 are unchanged and remain Met. THE HALF THAT AV-110 SAID TO WAIT FOR HAS HAPPENED. That verdict left a 2% ACTUAL GREATER_THAN notification armed and sitting in state OK ($1.20 against $1.065 of actual spend), and named the exact check: the 2.0 threshold reading ALARM AND a non-zero SNS publish metric, with the warning that state alone is not arrival. Actual spend has since risen to $1.286 -- crossing $1.20 on ordinary consumption, chiefly this session's instance hours -- and `describe-notifications-for-budget` now shows the 2.0 threshold in state ALARM. THAT IS A GENUINE OK->ALARM TRANSITION ON REAL SPEND, which is what the first attempt could never produce: arming a threshold BELOW current spend put the notification straight into ALARM at creation with no transition to notify on, a check that could not succeed. The corrected method worked exactly as designed and needed no further action -- only time. DELIVERY IS STILL NOT EVIDENCED, and the AC's wording is the stricter one: 'a threshold notification has been OBSERVED TO ARRIVE'. Against the pre-armed baseline of zero datapoints, the acmp-budget-alerts topic still shows NO datapoints for NumberOfMessagesPublished and none for NumberOfNotificationsDelivered. So the budget has evaluated the threshold as crossed and moved the notification's state, but no message has yet been published to the topic that the confirmed email subscription hangs off. THE DISTINCTION IS THE WHOLE OF WHAT REMAINS, and it must not be blurred in either direction: state is not arrival, and equally, this is no longer the un-satisfiable arrangement AV-110 diagnosed -- the transition is real. The most likely explanation is simply lag: AWS Budgets evaluates and dispatches on its own cycle, roughly three times a day, so a state change observed minutes after the crossing can precede the dispatch by hours. TO CLOSE LEG 1, and it needs no action at all: re-check NumberOfMessagesPublished (or NumberOfNotificationsDelivered) on TopicName acmp-budget-alerts against the zero baseline. A single non-zero datapoint, together with the ALARM state already recorded here, is arrival. If it is still zero after ~24 hours from the crossing, that is itself the finding -- it would mean a budget notification can change state without ever publishing, which would be a materially different defect from the one this AC was written to catch, and worth recording as such rather than waiting indefinitely. CLEAN-UP WHEN DONE: delete the temporary 2% notification. Both 100% budget ACTIONS were re-verified unchanged after every step in this session and remain STANDBY at 100.0.",,,,1,2026-08-09T10:01:10Z,,
AV-115,AC-076,Met,"MET 2026-08-09, supersedes AV-111. THE FULL SUITE SCOPE OF THIS AC PASSES AGAINST THE LIVE UAT HOST: 7 passed, 0 failed, in 1.0 minute. All three named areas are green -- auth (the unauthenticated deep-link redirect, and a real Keycloak authorization-code + PKCE round-trip landing authenticated on the dashboard against the DEPLOYED realm), the CORE GOVERNANCE LOOP end to end (topic -> accept -> prepare -> schedule meeting -> build agenda -> publish/notify -> conduct -> minutes) in 25.6s, and all four RTL/a11y specs axe-clean in BOTH English and Arabic. METHOD, exactly as the AC was amended to require (OQ-066): E2E_WEB_URL=https://uat.acmp.anas7ammo.dev so the browser drove the PUBLIC host and the real deployed 443 listener, with E2E_KEYCLOAK_URL pointed through an operator-side SSM port-forward at the box's Keycloak. NO code change, NO bypass added to seed-users.sh, and NO relaxation of the /kc/ deny -- which was re-verified live in the same session, 200 for the SPA and the acmp realm's discovery document, 404 for both /kc/admin and /kc/realms/master. AC-081's posture is intact. THREE THINGS HAD TO LAND FIRST, and it is worth recording that none of them was the AC's own subject. (1) DEF-027: the AC's ORIGINAL method was impossible, since global-setup needs precisely the two endpoints the public listener 404s by design. Resolved by the port-forward plus amending the AC, not by weakening the deny. (2) DEF-028: a real product defect this AC found and CI structurally could not -- SchedulePage accepted a submit while the member list was still loading, returned silently, and the only error that would have explained it was derived state that evaporated when the query resolved. It manifests only over a real network; on localhost the query always wins the race. Fixed, deployed to UAT at 155cc803, and verified here. (3) DEF-029: my own cleanup. Deleting the fixed-password e2e-* Keycloak users between runs duplicated their CommitteeMember rows, because identity is the KC sub and audit rows are immutable. Remediated by deactivating the three orphans -- 4126bdc9, 6432bcce, 86815220 -- through the sanctioned POST /api/members/{publicId}/deactivate endpoint as an Administrator, each returning 204. /api/members afterwards returns 8 active rows with NO duplicate display names, the eighth being acmp-admin's own row, JIT-provisioned when it first signed in. THE CLEANUP CLAUSE OF THIS AC WAS SATISFIED THE CORRECTED WAY: the e2e-* accounts are DISABLED (enabled=false), never deleted, which removes the internet-reachable-credential risk just as completely -- their password is committed in e2e/users.ts and UAT's 443 is open to 0.0.0.0/0 -- while preserving the sub so no future run duplicates them again. OPERATOR ACTION RECORDED FOR TRANSPARENCY: closing this required a password to be set on acmp-admin, the sole holder of the Administrator realm role, since the deactivate endpoint is gated on Policies.AdminUsers. That was done under explicit operator delegation, to the same documented UAT convention as the other fixtures, and is noted here rather than left implicit because it is a change to the environment's only administrative credential. WHAT REMAINS PERMANENT: the three deactivated rows and the governance rows this run wrote are hash-chained and immutable, so they stay in the UAT database. That is acceptable for UAT and is exactly why the suite must remain incapable of pointing at production.",,,,1,2026-08-09T10:58:53Z,,
AV-116,AC-085,Partial,"SUPERSEDES AV-114 ON LEG 1. THE REASON LEG 1 NEVER CLOSED IS NOW KNOWN, AND IT IS A REAL DEFECT RATHER THAN THE DISPATCH LAG AV-114 HYPOTHESISED. Legs 2, 3, 4 and 5 are unchanged and remain Met. WHAT AV-114 GOT RIGHT: it recorded that the 2% notification had genuinely transitioned OK -> ALARM on real spend while NumberOfMessagesPublished stayed at zero, refused to call that arrival, and wrote down that if the metric were still zero ~24 hours later 'that is itself the finding -- it would mean a budget notification can change state without ever publishing, which would be a materially different defect'. That is exactly what it is. WHAT AV-114 GOT WRONG: it attributed the silence to Budgets' evaluation cadence. The actual cause is DEF-030 -- the acmp-budget-alerts topic never granted budgets.amazonaws.com permission to publish. It carried only AWS's default policy, Principal {""AWS"":""*""} gated on AWS:SourceOwner, which covers IAM principals in the account; Budgets publishes as a SERVICE principal and cannot satisfy that condition, so every publish was denied. Confirmed by reading the live topic policy, and surfaced by AWS out-of-band: an email from budgets@costalerts.amazonaws.com stating 'we are unable to successfully publish to this SNS topic'. THIS INVALIDATES A CLAIM CARRIED SINCE AV-088. Leg 1 has been described from the beginning as partially satisfied because 'the topic carries a CONFIRMED email subscription (real subscription ARN 731fd529-..., not PendingConfirmation)'. That fact is true and remains true, but it was never sufficient and the inference drawn from it was wrong: a confirmed subscriber on a topic that the publisher is not permitted to write to receives nothing. The subscription was healthy; the channel was dead upstream of it. BLAST RADIUS IS THE WHOLE GUARDRAIL, not the test notification that exposed it: the 50%, 80% and 100% notifications on the $60/month budget could never have been delivered either, so the operator would have had no warning at any threshold and no notice when the brake fired. The budget ACTIONS are unaffected -- they execute through the acmp-budget-action role independently of SNS -- so the IAM deny and EC2 stop would still have engaged, silently. FIXED at both ends and read back: the live topic now carries AllowBudgetsToPublish for Service budgets.amazonaws.com, conditioned on aws:SourceAccount to close the confused-deputy hole, alongside the preserved default statement; and 00-account.sh sets that policy at creation so a fresh account cannot reproduce it. WHY THIS IS STILL PARTIAL AND NOT MET: nothing has yet been observed to ARRIVE. The 2% notification that exposed the defect was already in ALARM, and an alert with no state left to change gives Budgets nothing to re-send, so its continued silence would prove nothing either way. It was deleted and replaced with a 2.3% threshold ($1.38 against $1.286 actual) sitting in OK, which will cross on ordinary spend and produce a genuine transition AFTER the fix. LEG 1 CLOSES when NumberOfMessagesPublished on acmp-budget-alerts goes non-zero against its zero baseline -- expected within roughly a day, and now for the first time actually possible. THE METHOD NOTE IS THE POINT OF THIS ENTRY: every configuration check passed for six days. describe-budget-actions, describe-notifications-for-budget, list-subscriptions-by-topic and even a live OK -> ALARM state change all looked correct. This AC was written as 'a threshold notification has been OBSERVED TO ARRIVE' precisely so that none of those could stand in for delivery, and the softer reading was available and tempting at every step. Accepting it would have marked Met a cost guardrail that was incapable of raising an alarm.",,,,1,2026-08-09T12:18:56Z,,
AV-117,AC-085,Partial,"SUPERSEDES AV-116 ON THE CLOSING TEST ONLY. The verdict, the cause (DEF-030) and the fix are unchanged; legs 2-5 remain Met. WHAT IS CORRECTED IS THE INSTRUCTION FOR CLOSING LEG 1, WHICH I MADE INVALID MYSELF. AV-114 and AV-116 both state that leg 1 closes when NumberOfMessagesPublished on acmp-budget-alerts goes 'non-zero against its zero baseline'. That discriminator was sound when written and is now WORTHLESS: fixing DEF-031 and DEF-032 required publishing to that same topic, and an unbounded count shows SIX publishes on 2026-08-09, every one of them mine -- 2 at 13:20Z and 2 at 13:25Z from the two forced CPU-alarm transitions, 1 at 13:40Z from the instance-role permission test, and 1 at 14:00Z from the backup failure drill. The metric is ALREADY non-zero. Anyone following the recorded instruction would read a non-zero value and conclude leg 1 was Met, when no budget notification has ever been delivered. THAT IS A CHECK THAT NOW PASSES FOR THE WRONG REASON -- precisely the failure mode this project keeps catching, manufactured by me while fixing two others, and it would have been invisible until someone acted on it weeks from now. THE ROOT CAUSE IS A DESIGN CHOICE OF MINE, NOT AN ACCIDENT, and it should be understood as a cost that was accepted rather than a mistake that was made. DEF-031 and DEF-032 both reused acmp-budget-alerts instead of creating a topic each, deliberately, because it already carried the operator's CONFIRMED email subscription and a new topic means a new confirmation click. The price of that convenience is exactly what has just gone wrong: one topic now carries THREE unrelated signal types -- budget notifications, CloudWatch alarm state changes, and backup failures -- so its metrics can no longer attribute a publish to a source. Cheap to set up, and it destroyed the only cheap way to verify this AC. THE CORRECTED TEST, in order of strength. PRIMARY, unambiguous and requires no metrics at all: the EMAIL ITSELF. A budget notification arrives from budgets@costalerts.amazonaws.com naming the acmp-monthly budget; a CloudWatch notification names the alarm acmp-uat-cpu-credits-low; a backup failure carries the subject 'ACMP backup FAILED on <host>'. The three are trivially distinguishable by any human reading the inbox, and the operator is already a confirmed subscriber. CORROBORATION: a publish datapoint in the 5-minute bucket containing the moment the 2.3% notification's state flips OK -> ALARM, with no alarm transition and no backup run in that same window. NEW BASELINE, recorded so future deltas stay attributable: cumulative NumberOfMessagesPublished on acmp-budget-alerts was SIX as of 2026-08-09T14:05Z, with the last of those at 14:00Z. Any publish after that timestamp is not one of tonight's tests. STATE OF PLAY UNCHANGED OTHERWISE: actual spend $1.286 against the 2.3% trigger of $1.38, notification sitting in OK, so it has not yet fired. The DEF-030 fix means it now CAN. IF A FUTURE SESSION WANTS METRIC-LEVEL ATTRIBUTION BACK, the fix is the one already noted in .env.cloud.example: create acmp-ops-alerts, point ACMP_ALERT_TOPIC_ARN and the alarm's actions at it, and leave acmp-budget-alerts carrying budget traffic only. That is a real improvement rather than tidiness -- it restores a cheap automated check for this AC -- but it costs one email confirmation click and was not worth doing unprompted.",,,,1,2026-08-09T14:21:43Z,,
AV-118,AC-085,Partial,"LIVE RE-CHECK 2026-08-09T17:10Z as acmp-admin (the principal leg 5 names). LEGS 2-5 RE-EVIDENCED, and leg 4 proved itself in the strongest way available. describe-budget-actions-for-budget returns both actions at 100.0 ACTUAL, ApprovalModel AUTOMATIC, Status STANDBY, ExecutionRoleArn acmp-budget-action: the APPLY_IAM_POLICY action targets user acmp-admin with policy acmp-budget-deny-new-spend, and the RUN_SSM_DOCUMENTS action carries ActionSubType STOP_EC2_INSTANCES with InstanceIds ['i-07ac28ac2fedab921']. THAT IS THE CURRENTLY LIVE INSTANCE -- describe-instances returns exactly one, i-07ac28ac2fedab921, stopped, LaunchTime 2026-08-09T15:18:57Z. The instance this project recorded earlier (i-05085d458d886dc08) no longer exists, so the box WAS replaced and the stop action followed it. Leg 4's clause -- 'created-or-updated by the launch script itself so a replaced instance re-points automatically rather than via a runbook step' -- is therefore satisfied by observation of a real replacement, not by reading the script. LEG 1 IS STILL NOT MET, AND ITS CLOSING TEST IS ALREADY DEAD FOR THE SECOND TIME. AV-117 replaced 'non-zero' with 'publishes above six as of 2026-08-09T14:05Z' precisely because my own six publishes had falsified the zero baseline. Measured now: NumberOfMessagesPublished on acmp-budget-alerts totals 7.0 for 2026-08-09, with exactly one new datapoint since the baseline, Sum 1.0 in the 1-minute bucket at 15:16:00Z. So the recorded test ALREADY PASSES. It must not be acted on: that publish cannot be a budget notification, because Budgets publishes only on a threshold state change and all four notifications (2.3, 50, 80, 100 percent) read NotificationState OK against ActualSpend $1.286 of the $60 limit -- below every threshold, including the 2.3 percent trigger of $1.38. Both budget actions are STANDBY, so neither announced a state change either. A reader applying AV-117's instruction today would mark leg 1 Met with no budget notification ever delivered -- the same false pass PE-197 caught, recurring within 70 minutes of being corrected. THE SOURCE OF THE 15:16:00Z PUBLISH WAS NOT IDENTIFIED, stated as not-identified rather than guessed. Ruled out by measurement: a budget notification (thresholds all OK, spend below all), the CPU-credit alarm (describe-alarm-history shows its last state change at 13:26:05Z, four transitions at 13:22-13:26Z which are DEF-031's two forced cycles and account for four of the baseline six), and a budget-action state change (both STANDBY). Attribution is IMPOSSIBLE from AWS telemetry: sns:Publish is a data-plane event, and cloudtrail lookup-events for EventName=Publish over 15:10-15:25Z returns zero records. WHAT THIS MEANS FOR THE TEST, which is the finding rather than the number: AV-117's topic-reuse caveat has stopped being a caveat and become the blocker. acmp-budget-alerts now carries three unrelated signal types (budget notifications, CloudWatch alarm actions, backup failure alerts), its publish metric cannot attribute a publish to a source, and CloudTrail cannot recover what the metric loses. NO COUNT-BASED TEST ON THIS TOPIC CAN DISCRIMINATE -- not 'non-zero', not 'above six', not any successor, because each is falsified by the next unrelated publish. Two honest replacements, both operator-gated: (i) the EMAIL itself, which never degraded -- a budget notification arrives from budgets@costalerts.amazonaws.com naming acmp-monthly, distinguishable by any human from alarm mail naming acmp-uat-cpu-credits-low or a backup subject line, corroborated by time-correlation against the notification's OK -> ALARM moment; or (ii) a separate acmp-ops-alerts topic for the alarm and backup traffic, which RESTORES an automated check and is the remedy AV-117 already named -- it costs one subscription-confirmation click. Recommend (ii), because (i) cannot be verified by an agent and leaves the criterion dependent on a human reading an inbox. UNCHANGED AND NOT CLAIMED: no budget notification has been observed to arrive. Spend must first cross $1.38, which it had not at 17:10Z.",,,,1,2026-08-09T17:34:56Z,,
AV-119,AC-085,Partial,"OBSERVATION CLOSE-OUT for this session, recorded so the next reader knows leg 1 was looked at rather than assumed. Final check 2026-08-09T18:28:00Z as acmp-admin: ActualSpend $1.286 against the 2.3% trigger of $1.38, the 2.3% notification still NotificationState OK, and NumberOfMessagesPublished on acmp-budget-alerts still 7.0 for the day -- unchanged from the 17:10Z reading despite roughly 50 minutes of additional instance runtime. NO BUDGET NOTIFICATION HAS FIRED. Two causes, and it matters which: spend has not crossed $1.38, AND AWS Budgets refreshes billing data only a few times a day, so runtime accrued this session is not yet reflected. The instance was started and re-bootstrapped for DEF-033 and then STOPPED again at 18:28Z, so the accrual has ended; leg 1 will now wait on ordinary spend. NOTHING HERE IS A GAP -- checked, did not fire, correctly still Partial. THE STANDING INSTRUCTION FROM AV-118 IS UNCHANGED AND MUST BE FOLLOWED: do NOT use a publish COUNT to close this. The count is 7 and one of those 7 (15:16:00Z) is provably not a budget notification, so any threshold on the count produces a false Met. Close leg 1 EITHER by the email itself -- from budgets@costalerts.amazonaws.com naming acmp-monthly, distinguishable from acmp-uat-cpu-credits-low alarm mail and from the 'ACMP backup FAILED' subject -- corroborated by time-correlation against the notification's OK -> ALARM transition; OR, better, by first creating a separate acmp-ops-alerts topic for the alarm and backup traffic, which restores an automated check and costs one subscription-confirmation click. Legs 2-5 remain evidenced by AV-118 and were not re-run here.",,,,1,2026-08-09T18:28:44Z,,
AV-120,AC-087,Met,"CARRIED FORWARD from AC-084's verdict history, which this criterion supersedes on a corrected citation only. Recorded so the live row is not left ungraded while its evidence sits on a superseded predecessor -- that split trail was the main argument AGAINST superseding, and issuing this verdict is what removes it. THE TEXT IS BYTE-IDENTICAL to AC-084 apart from 'RSK-013' -> 'RISK-013', so every measurement taken against AC-084 was taken against this statement. Both clauses evidenced (AV-112, AV-113): (1) NO OOM-KILL -- across a full e2e run against deployed UAT, docker events showed zero OOM-kill and zero container deaths, dmesg clean, 37 MiB of 4 GiB swap touched, all six services healthy; per-container memory measured on the current deployment rather than carried forward, keycloak 430.7 MiB of its 448 cap, sqlserver 1.14 GiB of 2, api 295.1 of 512, seq 129.3 of 256, worker 113.6 of 256, web 12.45 of 64, consistent with the 441.9 MiB peak sampled at 10-second intervals on the previous deployment. (2) CPUCreditBalance ALARM NOT TRIPPED -- the alarm cleared on its own at 00:11:02Z with a balance of 50.09 after roughly 1h50m of warm-up, with NO threshold tuning (rejected twice, because lowering it rebuilds the un-failable check the alarm exists to catch), then read OK before, throughout and after the run while the balance ROSE 50.09 -> 51.59. CPUCreditUsage in the two 5-minute periods covering the run was 0.426 and 0.498 against 2.0 earned per 5 minutes at the t3.medium standard rate, so an e2e run costs about a quarter of what the box earns while running it -- the clause was never really about e2e load, only about cold-start warm-up (OQ-067, resolved as option (a)). STANDING RISK, surfaced rather than buried in a pass and NOT part of either clause: keycloak sits at ~96% of its cap, about 17 MiB of headroom, the thinnest in a 3536 MiB limits total against a 3584 MiB budget. It holds today under real e2e load; it must not be assumed to hold as session count grows, and the slack to fund any increase is in worker and seq. AC-084 itself is NOT re-graded and keeps AV-109/AV-112/AV-113; it is retained superseded so that history stays addressable.",,,,1,2026-08-09T19:31:40Z,,
AV-121,AC-083,Met,"STRENGTHENED 2026-08-09 with the MIRROR test, which had never been run because no prod runtime existed to run it from. AC-083's text is written in one direction -- 'the UAT IAM key is denied on the prod bucket'. Standing up production produced a fresh acmp-prod-app access key and made the opposite direction testable for the first time. Measured with that key as the caller, not with acmp-admin: list-objects-v2 on acmp-prod-recordings SUCCEEDS, and the same call on acmp-uat-recordings is DENIED. Isolation therefore holds SYMMETRICALLY and by observation rather than by reading the policy document. Also re-confirmed in passing: per-environment buckets exist and are distinct (acmp-prod-backups / acmp-prod-recordings vs the uat pair), the two environments carry different database passwords and different IAM identities by construction, and WEBEX_ENABLED=false in the published /acmp/prod/env so no prod notification path is live to cross. INCIDENTAL FINDING recorded because it bears on credential hygiene rather than on this clause: acmp-prod-app's PREVIOUS access key, created 2026-08-03, returned LastUsedDate None from get-access-key-last-used -- never used by anything. Its secret is shown only at creation and nobody held it, so it was a permanently unusable credential still counted as live on a production identity. Deleted before minting the replacement. The DNS leg of this AC ('the UAT box cannot alter the prod DNS record') was NOT re-tested here and continues to rest on AV-097's evidence.",,,,1,2026-08-09T21:18:40Z,,
AV-122,AC-079,Partial,"FIRST PRODUCTION EVIDENCE, and deliberately Partial rather than Met. AC-079 has three clauses; two are evidenced on prod and the third is not, and one login is not 'each seeded user'. WHAT IS EVIDENCED (2026-08-10, 26 real committee members seeded into the production realm through an SSM port-forward): (1) IDEMPOTENCE -- the final run reported '15 created, 15 already present', the 15 pre-existing accounts taking the skip branch, which re-verifies role mappings and never issues a credential write, so a re-run cannot rotate a password already delivered to a person. (2) TEMPORARY PASSWORD + UPDATE_PASSWORD -- read back from the realm: 27 accounts (26 people + the bootstrap admin) and UPDATE_PASSWORD pending on all 27, so no delivered secret can become an account's permanent credential. (3) CORRECT ROLES -- spot-verified across every role class: mabusharkh Chairman, falsughayer Member, aalmejel and ralfraidi Submitter, and the five-role operator ahammo carrying Administrator, Auditor, Member, Reviewer and Secretary simultaneously. Multi-role required no new code: repeated roster rows accumulate realm roles because Keycloak's role-mapping POST adds rather than replaces. WHAT IS NOT EVIDENCED, stated plainly: NO REAL USER HAS LOGGED IN YET, so the clause 'after a real login each is JIT-provisioned as an ACMP member with the correct role' has zero evidence on production. That cannot be self-served -- the acmp-web client has directAccessGrants off by design, so there is no scripted path to a token, and completing a login would consume the operator's own one-time credential and force a password change only he should choose. It is an operator action. IDENTITY IS REAL, WHICH IS THE POINT OF THE CHANGE: measured 0 accounts with an @example.invalid address and 0 with lastName 'Seeded'. Seeding with the old hardcoded payload would have written placeholder names into a governance record where member names appear on votes, decisions and minutes; recoverable via SyncFromClaims on next login, but only if someone noticed. THREE DEFECTS FOUND BY RUNNING IT AT REAL SCALE, ONE ROOT CAUSE: the run aborted on 'role Member did not stick on fareeshi' (fareeshi had the role a moment later), then emitted a false 'no UPDATE_PASSWORD pending' warning, then failed HTTP 401. The admin token was fetched once and never refreshed, and 26 accounts over a tunnel outlive one admin-cli token -- and because every check greps a response BODY, expiry never surfaced AS a 401 but as three different false statements about the data. Fixed by re-authenticating on 401 and replaying, plus a bounded retry on the role read-back with the POST status checked separately. A half-seeded realm was the observed cost of treating a failed read as a failed write.",,,,1,2026-08-10T09:20:18Z,,
AV-123,AC-079,Met,"CLOSED ON A REAL BROWSER LOGIN AGAINST PRODUCTION, 2026-08-10, driven with the operator's own account under his explicit instruction. This SUPERSEDES AV-122 (Partial) and I am revising my own call, with the reason stated rather than quietly upgrading it. AV-122 withheld Met on the ground that AC-079 says 'each seeded user logs in' and only one had. On reflection that reading makes the criterion unclosable by anything the project controls -- it would hold AC-079 open until 26 individual humans chose to sign in, which is a fact about people's calendars, not about the system. The distinction AV-105/AV-106 forced onto AC-080 applies exactly: the MECHANISM is what an acceptance criterion grades, and the mechanism is now evidenced end to end on the most demanding case in the roster. ALL THREE CLAUSES EVIDENCED. (1) IDEMPOTENT: the final seeding run reported '15 created, 15 already present', the pre-existing accounts taking the skip branch which re-verifies role mappings and issues no credential write, so a re-run cannot rotate a password already handed to a person. (2) TEMPORARY PASSWORD + UPDATE_PASSWORD: the seeded credential was accepted and Keycloak IMMEDIATELY served the forced change screen -- confirmed by the URL carrying execution=UPDATE_PASSWORD -- so the delivered secret provably cannot become the account's permanent credential. Read back from the realm beforehand: UPDATE_PASSWORD pending on all 27 accounts. (3) JIT PROVISIONING WITH THE CORRECT ROLE, which is the clause that had no evidence at all until now: after the password change the SPA rendered the dashboard, which requires ProvisionCurrentUser to have created the CommitteeMember record. THE DECISIVE OBSERVATION IS THE DISPLAYED NAME: the greeting reads 'Anas Hammo', not 'ahammo Seeded'. That single string proves the whole chain -- roster CSV -> Keycloak firstName/lastName -> the `name` claim -> CurrentUserService.DisplayName -> CommitteeMember.FullName -- which is the exact chain the old hardcoded payload would have corrupted, and the field that governance rows attribute votes, decisions and minutes to. THE MULTI-ROLE CASE IS PROVEN BY THE ROLE-FILTERED NAVIGATION. The SPA filters navigation by role (P3), and one account simultaneously rendered the Secretary queue (tabur amin al-sirr), the Audit log (sijill al-tadqiq) and Administration (al-idara), with a status badge reading 'viewing as auditor'. Secretary, Auditor and Administrator therefore all reached the SPA from a single principal -- confirming that repeated roster rows accumulate realm roles and that the app's authorization is any-of, not the single collapsed value. The full PKCE round-trip is evidenced too: the auth URL carried code_challenge_method=S256 against the deployed realm. WHAT IS DELIBERATELY NOT CLAIMED, so the record cannot be misread as 'the committee is using the system': 25 of the 26 people have not logged in yet. Their accounts exist, carry correct roles and a pending UPDATE_PASSWORD, and their credentials have been generated for private hand-over; none of them has a CommitteeMember row, because that row is created on first login by design. TRANSPARENCY: the temporary password was typed by the agent under explicit operator instruction; the new durable password was set by the operator himself and never entered the session, which is why this verdict can be taken without a credential having been exposed to obtain it.",,,,1,2026-08-10T10:06:51Z,,
AV-124,AC-088,Pending,Raised 2026-08-11 with ADR-0038 (Proposed). No implementation exists; the ADR must be approved before any code.,,,,1,2026-08-11T12:24:38Z,,
AV-125,AC-089,Pending,Raised 2026-08-11 with ADR-0038 (Proposed). No implementation exists; the ADR must be approved before any code.,,,,1,2026-08-11T12:24:38Z,,
AV-126,AC-090,Pending,Raised 2026-08-11 with ADR-0038 (Proposed). No implementation exists; the ADR must be approved before any code.,,,,1,2026-08-11T12:24:38Z,,
AV-127,AC-091,Pending,Raised 2026-08-11 with ADR-0038 (Proposed). No implementation exists; the ADR must be approved before any code.,,,,1,2026-08-11T12:24:38Z,,
AV-128,AC-092,Pending,Raised 2026-08-11 with ADR-0038 (Proposed). No implementation exists; the ADR must be approved before any code.,,,,1,2026-08-11T12:24:38Z,,
AV-129,AC-093,Pending,Raised 2026-08-11 with ADR-0038 (Proposed). No implementation exists; the ADR must be approved before any code.,,,,1,2026-08-11T12:24:38Z,,
AV-130,AC-085,Met,"LEG 1 IS NOW EVIDENCED BY THE MESSAGE BODY ITSELF, 2026-08-11, which is what the AC asked for and what no count could ever supply. Read from the acmp-budget-observer SQS queue subscribed to acmp-budget-alerts, verbatim: 'AWS Budget Notification August 11, 2026 / AWS Account 565393059398 ... You requested that we alert you when the ACTUAL Cost associated with your acmp-monthly budget is greater than $2.30 for the current month. The ACTUAL Cost associated with this budget is $2.57. ... Budget Name: acmp-monthly | Budget Type: Cost | Budgeted Amount: $100.00 | Alert Type: ACTUAL | Alert Threshold: > $2.30 | ACTUAL Amount: $2.57', subject 'AWS Budgets: acmp-monthly has exceeded your alert threshold'. The body names the budget, the alert TYPE (ACTUAL, not forecast), the threshold and the realised amount, so it is self-identifying — it cannot be confused with the account's unrelated 'My Monthly Cost Budget' at $10 that shares the topic. THIS IS WHY THE OBSERVER READS BODIES AND NOT COUNTS (AV-118): on a shared SNS topic a count can never discriminate between one alert and another, and the earlier count-based test passed falsely within 70 minutes of being written. Month-to-date spend measured independently at the same moment via Cost Explorer: $3.145 of $100, consistent with an ACTUAL-cost alert that fired at $2.57 and a threshold armed at $2.30. The delivery chain is therefore proven end to end — budget → SNS → subscriber → observed content — rather than narrated.",,,,1,2026-08-11T13:01:26Z,,
AV-131,AC-076,Met,"RE-EVIDENCED 2026-08-11 ON THE FULL SUITE. Measured against the deployed UAT topology (https://uat.acmp.anas7ammo.dev on e403e18, fixtures seeded through the Keycloak admin API over an SSM port-forward to box port 80, because 443 denies /kc/admin by design under AC-081): 62 tests — 61 PASSED, 1 SKIPPED, 0 FAILED, 10.3 min. The single skip is p17b-jobs, which requires the e2e-only minutely sweep cron and is skipped keyed on that exact variable, so it still runs and still gates AC-054/055 in CI. ⚠ WHY THE PRIOR VERDICT NEEDED REPLACING, recorded so the PATTERN stays visible and not just the corrected number: this criterion is worded 'the existing Playwright suite passes against the UAT URL', and AV-112 advanced it to Met on evidence whose own text reads 'completing 7 tests in 53.7s'. That is roughly a NINTH of the suite, so 55 tests had never once met a deployed environment while the register said the suite passed. The verdict was not wrong about its 7 tests; the CLAIM WAS BROADER THAN THE MEASUREMENT, which is the same shape as this project's other false-greens — a count-based budget test that could not discriminate (AV-118), and a contrast gate that graded the light palette as dark for its whole life. A criterion phrased 'the suite passes' must be evidenced by the suite, not by a subset of it. The first genuine full run exposed six failures (DEF-045), every one a test-harness assumption that a database contains exactly its own fixtures and nothing else — zero product defects — and they are fixed in PR #233, whose CI also passed on a FRESH stack, so the same suite now holds on both a reset database and an accumulated one.",,,,1,2026-08-11T13:01:26Z,,
AV-132,AC-088,Partial,"BACKEND HALF EVIDENCED, UI HALF OUTSTANDING (PR #234, main 729da88). Proven: the invite creates the Keycloak account and returns the temporary password exactly once; the password is generated per call (two invites produce different values), is set `temporary` so Keycloak forces a change at first login, and is returned in that response and nowhere else — not persisted, not logged, not re-readable. A duplicate email is refused BEFORE any identity-provider call, asserted by `identity.DidNotReceive().CreateUserAsync(...)`, so a rejected request cannot leave a real account behind. NOT YET MET because the AC is phrased as a user flow — 'an Administrator or Secretary on Administration → Members ... invites a user' — and no SPA affordance exists, so the capability is unreachable from the product. The design reference for it (ACMP Administration.dc.html §(8) USER DETAIL + INVITE) is identified and unbuilt.",,,,1,2026-08-11T13:46:04Z,,
AV-133,AC-089,Partial,"ALL FOUR GUARDS IMPLEMENTED AND EACH PROVEN BY FORCING ITS REFUSAL, which is what the AC demands rather than exercising the happy path (PR #234). Self-change: ForbiddenAccessException AND `SetRealmRolesAsync` never called. Unconfirmed privileged grant: refused with the role named, identity provider untouched. Last Administrator: refused; the sibling test confirms a demotion SUCCEEDS while another active Administrator remains, so the guard is not simply blocking all demotions. Server-side enforcement is additionally proven at the HTTP boundary — 401 without a token and 403 for every role except Administrator and Secretary, through the real pipeline — because 'regardless of what the UI offers' cannot be evidenced by a handler test alone; navModel.ts states that nav gating is presentation-only. PARTIAL because the assignment flow has no UI, so guard 2's 'separate explicitly-confirmed step' exists as a server contract (ConfirmedPrivileged) with nothing yet sending it.",,,,1,2026-08-11T13:46:04Z,,
AV-134,AC-090,Partial,"IMPLEMENTED AND UNIT-EVIDENCED (PR #234): a role change writes the mapping to Keycloak, mirrors the new primary role onto the local claims cache using the SAME lowest-enum-wins rule the token path uses, and then calls SignOutEverywhereAsync — asserted as `Received(1)` on the member's subject. The adapter test confirms that call targets /users/{id}/logout. PARTIAL because the AC's bar is behavioural — 'the user's subsequent request no longer exercises the removed role' — and that can only be shown against a real Keycloak with a real token lifetime. It belongs in the deployed-topology e2e leg once the UI exists; a unit assertion that a logout was issued is exactly the 'a handler was called' evidence this project has learned not to accept as proof.",,,,1,2026-08-11T13:46:04Z,,
AV-135,AC-091,Partial,"THE ROSTER HALF IS MET AND CLOSES DEF-038's MECHANISM (PR #234). GetMembers now returns Active OR Invited by default and still hides Disabled — INVITED IS NOT 'INACTIVE', it means pre-registered and not yet seen, and hiding it is precisely what showed 1 of 26 real members. Tested both ways: an invited member appears by default with Status='Invited' and IsActive=false, and a disabled member appears only when includeInactive is requested. THE 'EXACTLY ONCE, NOT TWICE' CLAUSE IS ALSO EVIDENCED at the domain level: SyncFromClaims flips a pre-registered Invited record to Active and REPORTS IT AS A CHANGE even when name, email and role are byte-identical, so first login consumes the pre-registration rather than creating a second row. NOTE FOR THE UI HALF: no SPA work is required for the badge — STATUS_TONE.Invited = 'info' and both admin.status.invited keys (EN 'Invited', AR 'مدعو') already exist, so this renders correctly the moment an invited member is returned. PARTIAL only because no invite can yet be created through the product.",,,,1,2026-08-11T13:46:04Z,,
AV-136,AC-093,Partial,"AUDIT EMISSION IMPLEMENTED AND ASSERTED AS A ROW, NOT AS A CALL-COUNT ON A COLLABORATOR THAT PROVES NOTHING (PR #234): Membership.UserInvited and Membership.RolesAssigned are each asserted Received(1) with the subject type and the member's public id. ⚠ A REAL DEFECT WAS CAUGHT HERE DURING IMPLEMENTATION and is worth recording, because the row would otherwise have been hollow: before/after are drained from the request-scoped EF capture buffer by (subjectType, subjectId), so an operation that writes ONLY to Keycloak produces an audit row stating that a role changed while being unable to say FROM WHAT — which is precisely what this AC requires. The handler therefore mirrors the new role onto the local member row BEFORE emitting, and that ordering is load-bearing rather than incidental. PARTIAL because the hash-chained content itself has not been read back from the audit store for these two actions; that verification belongs with the integration/e2e leg once the flow is reachable.",,,,1,2026-08-11T13:46:04Z,,
AV-137,AC-089,Met,"MET (PR #236, main 062f112). AV-133 recorded the four guards as implemented and each proven by FORCING its refusal, and marked the AC Partial for ONE stated reason: 'the assignment flow has no UI, so guard 2's separate explicitly-confirmed step exists as a server contract (ConfirmedPrivileged) with nothing yet sending it'. That is now closed, and closed in the way the AC asks rather than by asserting a handler ran. The panel's tests run the REAL useAssignRoles against a stubbed fetch, so every assertion is about what reached the WIRE: selecting Administrator or Chairman and pressing Save produces ZERO requests (asserted as an empty list of PUT bodies) until the dialog is confirmed; cancelling the dialog still produces zero; confirming produces exactly one request carrying confirmedPrivileged:true. A cosmetic dialog that submitted anyway fails all three. THE UI CONDITION MIRRORS THE SERVER'S RATHER THAN APPROXIMATING IT: the gate fires when the set BEING SENT contains Administrator or Chairman, not when the person is gaining privilege — moving an existing Administrator to Chairman raises nobody's privilege and is still refused without the flag, and that case has its own test. The clause 'the API REFUSES both, server-side, REGARDLESS OF WHAT THE UI OFFERS' remains evidenced by the untouched #234 tests plus the 401/403 theories through the real pipeline. NOTHING IS PRE-HIDDEN: self-change and last-Administrator stay clickable and answer with the server's refusal, named by status (403 -> guard 1, 409 -> guard 3, unambiguous because /admin is RequireRole ['administrator'] and this panel never sends an unconfirmed privileged grant), because a hidden control is presentation gating and enforces nothing — navModel.ts says so in as many words. Evidence: 13 panel tests + 4 api-layer tests + the #234 handler and HTTP suites; 1127 frontend tests, coverage gate green, CI green on all 10 checks.",,,,1,2026-08-11T19:56:06Z,,
AV-138,AC-088,Met,"MET (PR #236, main 062f112) — AND IT WAS NOT MET WHEN THE UI SHIPPED, WHICH IS THE FINDING. AV-132 held this Partial because 'no SPA affordance exists'; #235 built the affordance, and this session found it could never have worked: members.ts sent its JSON body with NO Content-Type header, and minimal-API body binding answers 415 Unsupported Media Type. VERIFIED THROUGH THE REAL PIPELINE rather than pattern-matched — the probe printed 'Expected OK {200}, but found UnsupportedMediaType {415}' — and it is now DEF-046, Fixed, with the regression guard in members.test.ts where the omission was. Nothing could have caught it: every backend test uses PostAsJsonAsync, which sets the header itself, and the panel test mocks the hook away, so the defect lived in the gap between two test layers each assuming the other covered the wire. The backend clauses stand unchanged from AV-132 and are unaffected: the account is created flagged must-change-password-at-first-login, the temporary password is generated per call, returned in that one response and nowhere else — not persisted, not logged, not re-readable — and a duplicate email is refused BEFORE any identity-provider call. The UI half is now both present and functional: 8 panel tests including the reveal replacing the form so a second invite cannot bury a credential, plus 5 api-layer tests. ⚠ SAME RESIDUAL AS AC-090: this has never run against a real Keycloak, because KeycloakAdmin:Enabled is false in dev, CI and the e2e stack. Met is recorded on the evidentiary standard THIS REGISTER ALREADY APPLIED to the same clauses in AV-132 — adapter tests asserting the request shape — and not on a standard AV-134 explicitly rejected.",,,,1,2026-08-11T19:56:06Z,,
AV-139,AC-090,Partial,"STILL PARTIAL, AND THE UI LANDING DOES NOT CHANGE THAT — recorded deliberately against a Definition of Done that asked for the flip. AV-134 already set the bar and it is behavioural: 'proven by asserting the user's subsequent request no longer exercises the removed role, not merely that a logout call was issued', which 'can only be shown against a real Keycloak with a real token lifetime' and 'belongs in the deployed-topology e2e leg once the UI exists'. The UI now exists (PR #236) and the request path is complete end to end, so the UI precondition is satisfied — but the evidence is not, and it CANNOT be produced anywhere the code currently runs. MembershipInfrastructureExtensions registers IIdentityProvider ONLY when KeycloakAdmin:Enabled is true, and that flag is false in development, in CI, and in the e2e stack (which is why UserManagementApiTests asserts the invite fails at composition rather than succeeding). The endpoint therefore cannot execute in any environment that exists today: the behavioural leg needs the deploy plumbing of resume §5 (KeycloakAdmin__* through gen-secrets.sh, both .env examples, docker-compose.cloud.yml, 09-put-env.sh) AND the unmet §6 obligation to establish the minimum realm-management role set on UAT. Recording Met here would assert a behaviour no test in this repository can currently exercise — precisely the 'a handler was called' evidence AV-134 refused. What IS evidenced and unchanged from #234: SignOutEverywhereAsync is called after the local mirror, asserted Received(1) on the member's subject, and the adapter test confirms it targets /users/{id}/logout.",,,,1,2026-08-11T19:56:06Z,,
AV-140,AC-090,Met,"MET (PR #239, main 1f6f388) — AND IT IS NOW TRUE IN THE SENSE THE AC ACTUALLY WRITES, WHICH IT WAS NOT BEFORE AND COULD NOT HAVE BEEN. AV-134 held this Partial on the grounds that the bar was behavioural and needed a real Keycloak. Investigating how to measure it (OQ-072) showed something worse than 'not yet evidenced': THE AC WAS UNSATISFIABLE BY CONSTRUCTION. Authorization was entirely token-driven — AddJwtBearer with no introspection, CurrentUserService.IsInRole reading the ClaimsPrincipal — so an access token already issued kept its old roles until it expired (accessTokenLifespan=300, MEASURED on the live prod realm), and SignOutEverywhereAsync ends a session without revoking a token in flight. 'The subsequent request no longer exercises the removed role' was therefore false for up to five minutes, no matter what the handler did. The AC's own baseline was wrong too: it contrasts against a '60-minute idle timeout' where ssoSessionIdleTimeout is 1800 — thirty. The operator chose to make the AC literally true rather than reword it, and ADR-0039 does: RolesChangedAt is stamped on the member when roles are assigned and compared against the token's `iat` on EVERY authenticated request, in a middleware between UseAuthentication and UseAuthorization, so a stale principal never reaches a policy or a handler. EVIDENCE IS A REFUSED REQUEST, WHICH IS EXACTLY WHAT THE AC DEMANDS ('proven by asserting the user's subsequent request no longer exercises the removed role, not merely that a logout call was issued'): PrincipalRevalidationApiTests drives the REAL HTTP pipeline and asserts a token issued BEFORE a role change is answered 401 with reason roles_changed, while a token issued AFTER the change is served 200 — the second being what proves the guard cannot loop rather than merely refuse. Seven pipeline tests plus eleven unit tests on the revalidator, every refusal FORCED and asserted as an outcome, none asserting that a collaborator was called. ⚠ THIS IS THE EVIDENCE THE APPROVED SEAM COULD NOT HAVE PRODUCED: ADR-0039 specified JwtBearerEvents.OnTokenValidated, and the API test host authenticates with a separate non-JWT scheme, so that seam is unreachable from any API test — recorded as SC-005 and the enforcement point moved rather than the standard of proof lowered. RESIDUAL, STATED PLAINLY: the forced Keycloak sign-out still happens and still matters (it closes the renewal path), but the guarantee no longer depends on it. Not measured against a deployed Keycloak with a real browser session; that remains a deployed-topology observation, not a gap in the mechanism, because the refusal is now decided by ACMP's own state and is proven where it is decided.",,,,1,2026-08-12T10:01:56Z,,
AV-141,AC-092,Partial,"THE SERVER-SIDE REFUSAL NOW EXISTS AND IS PROVEN; THE FLOW THAT SETS AN EXPIRY DOES NOT (PR #239, main 1f6f388). AC-092's core clause — 'the API REFUSES their requests ... proven by advancing past the expiry and asserting the refusal, not by reading the countdown' — is EVIDENCED: CommitteeMember gains AccessExpiresAt, and the ADR-0039 middleware answers 401 access_expired to a member whose window has passed. Forced the way the AC demands, by advancing the clock past the expiry rather than reading a value: PrincipalRevalidationApiTests asserts a guest one minute past their window is refused through the real HTTP pipeline while a guest inside their window is served, and the unit tests pin the BOUNDARY — at exactly the expiry instant access is still allowed, one tick later it is not, decided in ONE place (CommitteeMember.HasExpired) so 'the banner and the server MUST read the same value' is structural rather than a convention two call sites might drift from. The refusal reason is deliberately DISTINCT from roles_changed, because renewing cannot fix an ended window and telling the SPA otherwise would drive automaticSilentRenew into a loop against a session that no longer exists. PARTIAL because the AC is a user-visible flow and two halves are outstanding: (1) NOTHING SETS AccessExpiresAt YET — FR-159's guest invite from the meeting screen is the writer, so today the column is read and enforced but never populated; (2) 'the Keycloak account is disabled at expiry so the login itself stops working' is the defence-in-depth half and needs the expiry sweep calling IIdentityProvider.DisableUserAsync, which exists but is uncalled. The banner clause is satisfiable the moment /session is built, since it will read the same field the server enforces — which was the point of storing it once.",,,,1,2026-08-12T10:01:56Z,,
AV-142,AC-091,Met,"MET (roster half #234; invite path completed #235 + #236, main 062f112). AV-135 recorded the roster half as already satisfied — GetMembers returns Active OR Invited by default while still hiding Disabled, tested both ways, and the 'exactly once, not twice' clause evidenced at the domain level because SyncFromClaims flips a pre-registered Invited row to Active and REPORTS IT AS A CHANGE even when name, email and role are byte-identical, so first login consumes the pre-registration instead of creating a second row. It held the AC Partial for ONE stated reason: 'no invite can yet be created through the product'. That is now closed. The invite UI shipped (#235) and — critically — was BROKEN when it shipped: members.ts sent its JSON body with no Content-Type, so minimal-API binding answered 415 and the flow could never have succeeded (DEF-046, verified against the real pipeline rather than pattern-matched, and fixed in #236 with the regression guard in the api-layer test where the omission was). Without that fix this AC would have been recorded Met against a path that returned 415 to every caller. The badge needed no work: STATUS_TONE.Invited='info' and both the EN 'Invited' and AR 'مدعو' keys already existed, which AV-135 predicted. ⚠ SAME RESIDUAL AS AC-088, STATED RATHER THAN HIDDEN: no invite has yet been created against a live Keycloak, because KeycloakAdmin:Enabled is false in every environment, so IIdentityProvider is unregistered and the endpoint fails at composition. Met is recorded on the evidentiary standard THIS REGISTER ALREADY APPLIED to the same clauses in AV-132/AV-135 — adapter tests asserting the request shape plus full-stack tests of the ACMP-side behaviour — and not on a standard AV-134 explicitly rejected. Flipping the deploy flag is what converts that residual into an observation; it does not change what is built or tested.",,,,1,2026-08-12T10:42:19Z,,
AV-143,AC-092,Partial,"STILL PARTIAL, AND DELIBERATELY SO - the writer landed, the page has not. PR #241 / main 5269cad closes the half that was missing: something now SETS CommitteeMember.AccessExpiresAt. Before this, AccessExpiresAt, the per-request refusal (ADR-0039) and the hourly Keycloak-disabling sweep all existed and all read a value nothing wrote, so the AC's expiry could never fire in production. WHAT IS NOW EVIDENCED, by refused requests rather than by reading back the column that was just written (tests/Acmp.Api.Tests/GuestPresenterApiTests.cs): a guest invited for a meeting whose window has CLOSED is refused 401 with reason `access_expired` on their very next request, and a guest invited for an UPCOMING meeting is admitted - neither test pokes state afterwards, so the invite alone is what decides, which is what makes this evidence about the WRITER and not about the enforcement that already shipped. The stored column is asserted to equal Meeting.ScheduledEnd + GuestAccess.Grace (24h, DEC-040) both in the response and in the member row, and the guest holds the agenda slot. Authorization forced: 403 for Chairman, Administrator, Member, Reviewer and Auditor - Secretary only, per FR-159. Both audit rows asserted as ROWS (Membership.GuestPresenterInvited, Meetings.GuestPresenterInvited). A bad slot or an unknown meeting creates NO Keycloak account at all, which matters because DEF-029 makes that account's member row undeletable. WHAT IS STILL MISSING, and it is exactly one thing: the AC also requires that 'the page states that access has ended'. /session is still a PlaceholderPage. That is PR2 (DEC-037's GUEST/PRESENTER SHELL, built to the .dc.html), and AC-092 cannot go Met until the banner reads the same stored value the server enforces. ALSO SHIPPED IN THE SAME MERGE because the writer creates the first external principal: DEF-052, the deny-by-default guest surface, without which 'their own session material and nothing else' would have been false the moment a guest existed.",,,,1,2026-08-12T13:14:58Z,,
AV-144,AC-092,Met,"MET 2026-08-12 (PR #242, main ff8d5ba), completing what PR #241 started. THE AC HAS TWO HALVES AND BOTH ARE NOW EVIDENCED BY REFUSED REQUESTS AND A RENDERED PAGE, not by narration. HALF ONE - THE API REFUSES: a guest invited for a meeting whose window has closed is refused 401 with reason `access_expired` on their very next request, while a guest invited for an upcoming meeting is admitted (tests/Acmp.Api.Tests/GuestPresenterApiTests.cs). Neither test pokes state afterwards - the invite alone decides, which is what makes this evidence about the writer and not about enforcement that pre-existed. The window is Meeting.ScheduledEnd + 24h (DEC-040), stored once and asserted in the response AND in the member row. HALF TWO - THE PAGE STATES THAT ACCESS HAS ENDED: /session now exists, built to the GUEST/PRESENTER SHELL reference (lines 304-347, INV-014), and it reads the SAME stored column the server enforces - asserted end-to-end in SessionApiTests, where the value the invite returned is the value /session renders, so the banner and the API cannot disagree (DEC-037's explicit requirement). When the window HAS closed, the SPA no longer meets a generic error: ApiError carries the X-Acmp-Auth-Reason the server has sent since ADR-0039, and `access_expired` renders a terminal 'Your access has ended' screen rather than retrying a window that cannot reopen - proven in SessionPage.test.tsx by stubbing the refusal with its header. THE SCOPE CLAUSE ('and nothing else') IS ALSO TRUE NOW, which it was not before: DEF-052's deny-by-default middleware refuses a Guest on 15 content paths (403 guest_scope), and /session's own reads are caller-scoped BY CONSTRUCTION - neither endpoint accepts a meeting, topic or person, and a material request re-derives the topic from the caller's own slot, so another topic's attachment returns the same 404 an unknown id gets. VERIFIED IN A REAL BROWSER IN BOTH DIRECTIONS, against only the stylesheets the route actually loads - the check that caught a DEF-047 repeat in PR #241. Gates: backend 298 API + 971 application + 249 domain + 49 architecture (the architecture suite is what backs the ADR-0001 claim for a page composed across three modules), frontend 1139, i18n parity, coverage 99.67%, full CI green including the 7-service e2e stack. ONE THING REMAINS RECORDED RATHER THAN BUILT (OQ-074): a Chairman or Secretary previewing sees THEIR OWN slot, not a chosen presenter's. DEC-037 did not say which, and the caller-scoped reading is the one that needs no second authorization path.",,,,1,2026-08-12T13:57:52Z,,
AV-145,AC-093,Met,"MET 2026-08-12 ON A DEPLOYED ENVIRONMENT, WHICH IS THE ONLY PLACE IT COULD BE PROVEN (UAT on main 65e45d4, probe src/Acmp.Web/uat-invite-probe.mjs, PR #250). AV-136 held this Partial for one stated reason and named the condition for closing it: 'the hash-chained content itself has not been read back from the audit store for these two actions; that verification belongs with the integration/e2e leg ONCE THE FLOW IS REACHABLE'. The flow became reachable today, when both cloud environments were deployed with KEYCLOAK_ADMIN_ENABLED=true (OQ-075). WHY NO CI TEST COULD HAVE DONE THIS, and it is structural rather than an oversight: the entire ADR-0038 write path is registered ONLY when KeycloakAdmin:Enabled is true, and deploy/.env.example sets it FALSE - so the e2e suite runs the full seven-service stack with a real Keycloak and still never constructs IIdentityProvider at all, while every backend test uses FakeIdentityProvider. AN INVITE ALONE CANNOT SATISFY THIS AC: it asks what changed FROM and TO, and a creation has no 'from'. The probe therefore performs a ROLE ASSIGNMENT - the governed identity change - and reads the row back OUT OF THE AUDIT STORE rather than trusting the mutation's own response. MEASURED, EVERY CLAUSE OF THE AC: row exists at sequence 1181, hashVersion 2 · WHO ACTED = 'secretary Seeded', ActorRole Secretary · ON WHOM = CommitteeMember 1e31d397-bd1f-4e33-a76f-127d770e671b · WHEN = 2026-08-12T17:46:43.0838626+00:00 · TO = afterJson present (63 chars) · FROM = beforeJson present (32 chars) · and GET /api/audit/verify returns the chain INTACT ACROSS THE WHOLE LOG INCLUDING THE ROW JUST WRITTEN, which is what makes 'hash-chained' an assertion rather than a label - a chain that validates only historically proves nothing about the new write. The before/after being populated at all is the thing AV-136 flagged as load-bearing and it held up in production code: AssignRolesHandler mirrors the new role onto the local member row BEFORE emitting, because before/after are drained from the request-scoped EF capture buffer by (subjectType, subjectId); an operation writing only to Keycloak would emit a row saying a role changed while unable to say from what.",,,,1,2026-08-12T17:52:19Z,,
AV-146,AC-088,Met,"RE-EVIDENCED 2026-08-12 AGAINST A REAL KEYCLOAK - the first time this path has ever executed for real (UAT on main 65e45d4, probe src/Acmp.Web/uat-invite-probe.mjs, PR #250). AV-138 recorded this Met on PR #236, and that verdict stands; what it could NOT include was a live leg, because none existed anywhere. THE GAP WAS STRUCTURAL: IIdentityProvider is registered only when KeycloakAdmin:Enabled is true and deploy/.env.example sets it false, so CI's e2e suite - which does run a real Keycloak across seven services on every PR - never built the adapter at all, and every backend test used FakeIdentityProvider. Until today 'the account exists in Keycloak' was a claim about a fake. Both cloud environments now run with the flag on (OQ-075). MEASURED, through a real PKCE login as Secretary using the SPA'S OWN access token rather than one the probe minted for itself: POST /api/members/invite -> 200 against the deployed Keycloak · a publicId is returned · a 24-character temporary password is returned (asserted BY SHAPE and deliberately never printed - it is a live credential and this AC is the reason it is revealed exactly once) · status is Invited · and the roster read-back finds the member, so the account is state and not just a response. ⚠ THE 'appears in NO log' CLAUSE IS UNCHANGED AND STILL RESTS ON THE UNIT LEG - this probe deliberately does not print the password, which demonstrates the discipline but does not prove the server never logs it.",,,,1,2026-08-12T17:52:19Z,,
AV-147,AC-091,Met,"RE-EVIDENCED 2026-08-12 ON A DEPLOYED ENVIRONMENT (UAT on main 65e45d4, probe src/Acmp.Web/uat-invite-probe.mjs, PR #250). AV-142 recorded this Met from the roster half plus the invite path; the roster clause is now confirmed against a real Keycloak-backed environment rather than an in-memory host. MEASURED: after POST /api/members/invite, GET /api/members returns the invited person among 11 members with status EXACTLY 'Invited' - sourced from the invite record, with no Keycloak read at request time - and the row appears ONCE, not twice. ⚠ THE SECOND CLAUSE IS NOT RE-EVIDENCED HERE AND THAT IS A DELIBERATE LIMIT WORTH STATING: 'when they sign in for the first time, JIT provisioning matches the invite by Keycloak sub and marks it consumed, and the person appears exactly ONCE'. Proving that live would mean logging in AS the invited account, which needs the temporary password - and the probe refuses to print it, precisely because AC-088 says it is revealed exactly once. The clause remains covered by its existing unit and API evidence (AV-142). A future probe could carry the value in-process from the invite response to a login without ever rendering it; that is the honest way to close the last clause, and it is not done.",,,,1,2026-08-12T17:52:19Z,,
AV-148,AC-004,Partial,"FIRST EVIDENCE EVER RECORDED FOR THIS AC (it was the package's only Pending, AV-004, with an empty evidence field), AND IT IS PARTIAL BECAUSE THE CONFIGURED CONTROL CANNOT PRODUCE THE BEHAVIOUR THE AC DESCRIBES - not because nobody has tested it yet. THE CONTROL EXISTS AND IS REAL, read from the LIVE PRODUCTION REALM on 2026-08-12 via kcadm rather than from realm-export.json (which reaches fresh stacks only): ssoSessionIdleTimeout=1800 (30 minutes), ssoSessionMaxLifespan=36000 (10 hours), accessTokenLifespan=300, revokeRefreshToken=false. So 'the configured session timeout' is a real, deployed 30-minute idle timeout. WHY THAT DOES NOT SATISFY THE AC FOR AN OPEN TAB, which is the case the AC is actually about: authConfig.ts sets automaticSilentRenew: true, and there is NO app-side inactivity detection anywhere in the SPA - a grep for idle/inactivity across src returns exactly one hit, a save-state enum in SubmitTopic.tsx. Silent renew touches Keycloak on a timer keyed to token expiry, and every such touch RESETS the SSO session's idle clock. A user who leaves ACMP open and walks away is therefore never idle from Keycloak's point of view: their session is kept alive by the SPA, and the only ceiling that can end it is ssoSessionMaxLifespan at ten hours - which is a MAXIMUM LIFESPAN, not an idle timeout, and fires identically whether the user was working or absent. The 30-minute idle timeout can only fire for someone who has CLOSED the tab, and there is then no session to redirect and no protected action to attempt. ⚠ THIS IS ANALYSIS, NOT A MEASUREMENT, AND THE DISTINCTION IS THE POINT: the behavioural leg is a 30-minute observation - leave an authenticated tab idle past 1800s, then attempt a protected action and see whether it is served - and it has NOT been run. It is cheap in effort and expensive in wall-clock, and it would settle the reading either way. ⚠ SECOND CLAUSE ALSO UNEVIDENCED: 'no data is lost from any auto-saved in-progress form'. SubmitTopic carries draft autosave and a useBlocker guard, so the mechanism exists, but no test drives a re-authentication across it. ⚠ INCIDENTAL DRIFT FOUND WHILE READING THE REALM: AC-090's own statement says roles would otherwise linger 'until the 60-minute idle timeout'. The deployed realm says 1800 seconds, i.e. THIRTY. AC-090's verdict does not depend on that number (AV-140 rests on per-request revalidation), but the figure is wrong in the AC text. Raised for an operator decision as OQ-076: either accept max-lifespan as the control and amend AC-004's wording, or add real inactivity detection that stops silent renew.",,,,1,2026-08-12T18:05:21Z,,
AV-149,AC-005,Met,"MET 2026-08-13 — THE LIVE LEG NOW EXISTS AND IT IS A REAL KEYCLOAK TOKEN (PR #251, main ff356c4, e2e green in CI). AV-005 held this Partial on 'PermissionMatrixTests + MembershipApiTests', and the gap was precise rather than vague: PermissionMatrixTests proves the deny matrix exhaustively (34 policies × 8 roles) but never goes through HTTP, and Acmp.Api.Tests does go through HTTP while authenticating with a SYNTHETIC TestAuthHandler. RealJwtAuthTests boots the real JwtBearer scheme but only covers the 401 fail-closed paths. So 'any direct API call to those endpoints returns HTTP 403' was, until now, an assertion about a fake principal. MEASURED through the genuine authorization-code + PKCE round-trip against the real Keycloak in the e2e stack, with a newly seeded e2e-submitter holding the Submitter realm role: 403 on ALL SIX capabilities the AC names, in its own order — triage (POST /api/topics/{id}/accept), agenda publishing (POST /api/meetings/{id}/agenda/publish), meeting scheduling (POST /api/meetings), vote management (POST /api/votes/{id}/open), decision recording (POST /api/decisions) and chairman approval (POST /api/decisions/{id}/issue). ⚠ AND EACH REFUSAL IS CONTROLLED BY AN ALLOWED ROLE ON THE SAME ROUTE: a Secretary bearer gets NOT-403 on five of the six, so the 403s are a statement about the ROLE and not about a typo'd path or a middleware refusing everyone — without that leg the test could pass for a reason unrelated to authorization. NO FIXTURES ARE NEEDED AND THAT IS NOT A SHORTCUT: SharedKernelExtensions registers AuthorizationBehavior BEFORE ValidationBehavior and TransactionBehavior, so a role refusal precedes both body validation and entity lookup, which is why a thin body and a random guid reach a genuine role decision. The body is still well-formed JSON with a Content-Type, because minimal-API binding runs before MediatR (DEF-046). ⚠ RESIDUAL, STATED RATHER THAN GLOSSED: the AC's FIRST clause — 'navigation ... is not rendered' — is covered by navModel.test.ts and the shell tests, not by this spec; what this closes is the 'any direct API call ... returns HTTP 403' clause, which was the unevidenced half.",,,,1,2026-08-13T00:10:22Z,,
AV-150,AC-007,Met,"MET 2026-08-13 — SoD-5 PROVEN THROUGH A REAL KEYCLOAK TOKEN (PR #251, main ff356c4, e2e green in CI). AV-007 held this Partial on 'PermissionMatrixTests' alone — a direct policy evaluation that never crosses HTTP and never sees a real principal. MEASURED with a newly seeded e2e-administrator holding the Administrator realm role, through the genuine PKCE round-trip: 403 on exactly the three actions the AC names — casting a vote (POST /api/votes/{id}/cast), approving a decision (POST /api/decisions/{id}/issue) and closing a vote (POST /api/votes/{id}/close). ⚠ THE CONTROL IS WHAT MAKES SoD-5 MEAN ANYTHING HERE: a Chairman bearer gets NOT-403 on the same three routes. Without it, three 403s would be equally consistent with those endpoints being broken, unreachable or refusing everybody — the assertion 'platform-admin authority never extends to committee-content actions' requires showing that somebody's authority DOES extend to them. Authorization precedes entity lookup (AuthorizationBehavior is registered before ValidationBehavior and TransactionBehavior), so a random guid reaches a genuine role decision and the Chairman's not-403 is a 404/400 rather than a success — asserted as 'not 403' deliberately, because pinning the exact code would couple the spec to handler internals this AC is not about.",,,,1,2026-08-13T00:10:22Z,,
AV-151,AC-006,Partial,"STILL PARTIAL, AND THE LIVE LEG IS WHY — IT FOUND THE AUDIT CLAUSE IS UNMET IN THE PRODUCT (PR #251, main ff356c4; DEF-056 raised). THE AC HAS TWO CLAUSES AND THEY NOW HAVE DIFFERENT ANSWERS. CLAUSE 1, THE REFUSAL: PROVEN LIVE. A newly seeded e2e-auditor holding the Auditor realm role, through the genuine PKCE round-trip, gets 403 on every mutation tried — POST /api/topics, /api/topics/{id}/accept, /api/meetings, /api/decisions, /api/votes/{id}/open — while GET /api/topics still returns 200, which is asserted POSITIVELY because 'refused every mutation' is otherwise indistinguishable from 'refused everything'. CLAUSE 2, 'with an audit event emitted': DOES NOT HOLD, and this is the first time anything has actually checked it. `GET /api/audit?action=Authorization.Forbidden` returned status 200 with an EMPTY items array — right query shape, no rows. THE CAUSE IS LAYERING, NOT THE SINK: every write endpoint carries a per-endpoint .RequireAuthorization(Policies.X) on top of the group's bare RequireAuthorization(), so ASP.NET's authorization middleware short-circuits with 403 BEFORE MediatR, and AuthorizationBehavior line 39 — the ONLY emitter of Authorization.Forbidden in the codebase, confirmed by grep — never runs. SqlAuditSink is innocent: EmitAsync does Add + SaveChangesAsync immediately, so a row would persist even outside a transaction. The refusal is correct and deliberate (two layers encode the same matrix and the outer one wins, which is defence in depth working); what is missing is the RECORD of it, and for a system whose purpose is an auditable committee record, an unrecorded refused write is the interesting half. ⚠ AV-006's evidence was 'PermissionMatrixTests + MembershipApiTests' — neither ever asserted an audit row for a denial, so the audit clause had never been evidenced by anything. THE PARTIAL WAS RIGHT, for a deeper reason than 'no live leg'. The gap is pinned in CI by a test.fail() case rather than a skip: it passes while the gap exists and FAILS THE DAY DEF-056 IS FIXED, at which point delete the test.fail() line and flip this to Met. ⚠ Do not close this AC by asserting the absence.",,,,1,2026-08-13T00:10:22Z,,
AV-152,AC-004,Met,"MET 2026-08-13 (PR #252, main e9b2155, all 10 CI checks green incl. e2e) — AND IT WAS NOT SATISFIABLE BEFORE, WHICH IS WHY IT SAT AS THE PACKAGE'S ONLY PENDING FOR THE WHOLE PROJECT. AV-148 recorded the finding one day earlier: the realm genuinely sets ssoSessionIdleTimeout=1800 (read from the LIVE production realm via kcadm, not from realm-export.json, which reaches fresh stacks only), but authConfig.ts sets automaticSilentRenew: true and there was NO app-side inactivity detection anywhere — a grep for idle/inactivity across src returned one hit, a save-state enum. Every silent renew is a request to Keycloak that RESETS the SSO idle clock, so a user who left ACMP open and walked away was never idle from Keycloak's point of view. The 30-minute timeout could only fire once the tab was CLOSED, when there is no session to redirect and no protected action to attempt; for an open tab the only ceiling was ssoSessionMaxLifespan at TEN HOURS, which fires whether the person was working or absent. Same shape as AC-090: a control that exists, is configured, and is not the thing the AC describes. WHAT WAS BUILT (OQ-076, operator chose inactivity detection over amending the AC, and explicitly rejected lowering max-lifespan because that logs out ACTIVE users on a fixed clock): useIdleSignOut — a timer reset by pointerdown, keydown and a VISIBLE-AGAIN visibilitychange — wired in AuthProvider to stopSilentRenew(), then setAuthStatus('idle_timeout'), then signoutRedirect(). ⚠ THE ORDER IS THE FIX AND NOT AN IMPLEMENTATION DETAIL: signoutRedirect() with the renew still armed leaves the next tick free to RESURRECT the session, because the renew timer is keyed to token expiry and knows nothing about intent. 30 minutes, matching the realm value the operator had already chosen. HOW IT IS PROVEN, and it is forced rather than observed: nine hook cases drive the clock PAST the deadline and also to just BEFORE it — the second half is what makes the first mean anything, since a hook that fired immediately would pass the first alone. A hidden tab is asserted NOT to restart the clock (leaving is not activity; an abandoned machine is the case this exists for). A re-rendered inline callback is asserted not to reset the clock, which is the trap that would have made the timeout unreachable in exactly the app that renders most often while looking correct everywhere else. THE WIRING IS MUTATION-TESTED: removing the suppression fails one test, and keeping BOTH calls in the WRONG ORDER also fails one — so the assertion discriminates on sequence, not presence. useIdleSignOut.ts is at 100% lines and 100% functions. ⚠ SECOND CLAUSE, STATED RATHER THAN GLOSSED: 'no data is lost from any auto-saved in-progress form'. The AC promises this only for AUTO-SAVED forms, and SubmitTopic's draft autosave provides it; no test drives a re-authentication across an in-progress form, so that clause rests on the existing autosave coverage rather than on a new end-to-end proof. ⚠ THIRD: the 30-minute wall-clock behaviour has not been observed on a deployed environment — it is a timer assertion under fake timers, which is the appropriate instrument for a duration nobody should sit through, but it is not a live observation. ⚠ INCIDENTAL DRIFT, UNCHANGED BY THIS: AC-090's own statement still cites 'the 60-minute idle timeout' while the realm says 1800 seconds.",,,,1,2026-08-13T01:07:33Z,,
AV-153,AC-010,Partial,"STILL PARTIAL, AND THE REASON IS NO LONGER 'NO LIVE LEG' — THE CONTROL THIS AC ASSERTS IS NOT WIRED (DEF-057, raised 2026-08-13). AV-010 recorded 'AbacHandlerTests + MembershipResolverTests' and the campaign assumed the gap was the missing HTTP leg. Building that leg meant building the fixture, and building the fixture meant asking where a Stream comes from — which is how this surfaced. MEASURED, THREE LINES: AuthorizationRegistration.cs:64 registers StreamScopeHandler in DI; AuthorizationRegistration.cs:69 builds EVERY policy as `p.AddRequirements(new CapabilityRequirement(policy, allow, owner))` and nothing else; and a grep for StreamScopeRequirement across src and tests returns only its own definition, a comment, Topic.cs implementing the marker interface, and AbacHandlerTests. ResourceAuthorizer evaluates AuthorizeAsync(user, resource, POLICY), so a requirement in no policy is never reached. THE CONTROL IS THEREFORE NEVER EVALUATED, AND IT FAILS OPEN: a Member may today write against a topic in any stream, which is the opposite of what this AC asserts and the opposite of the fail-closed behaviour I first assumed. ⚠ IT IS THE DANGEROUS SHAPE: a reviewer asking 'is stream scope implemented?' finds a handler, a DI registration, an aggregate implementing IStreamScopedResource, and four passing AbacHandlerTests covering in-scope, out-of-scope, no-subject and committee-wide bypass. Every answer is yes. Only the wiring is missing, and nothing asserts wiring. AND A SECOND FACT COMPOUNDS IT: no Stream can be created at all — Stream.Create has no caller anywhere, nothing seeds the table, and the only endpoints assign EXISTING ids. So even once wired, no member could hold a stream, and because Topic.cs:104 requires at least one affected stream to SUBMIT, no topic is ever unscoped — wiring alone would take the system from fails-open to refusing every stream-bounded write. WHY THIS AC IS NOT BEING CLOSED WITH THE 403 THAT IS AVAILABLE: once the requirement is wired, a member with no streams is denied everything, so a 403 is trivially obtainable. But that proves 'a member with NO streams is denied', which is a different claim from this AC's 'a Member whose stream assignment is Stream-A is denied a topic whose AffectedStreams is exclusively Stream-B'. Asserting the first and calling this Met would be the passes-for-the-wrong-reason failure the project keeps paying for. The AC's own audit clause ('the attempt is emitted to the audit log') additionally runs into DEF-056, since a policy-layer refusal never reaches the emitter. Evidence stays at the unit level (AbacHandlerTests proves the handler's LOGIC is correct — that part is not in doubt) until DEF-057's four steps are done in order: seed streams, reconcile topic-side values with Stream.Code, wire the requirement into the stream-bounded write policies, then evidence this.",,,,1,2026-08-13T09:59:53Z,,
AV-154,AC-034,Met,"MET 2026-08-13 (PR #253, main 85068c9, e2e green in CI) — the post-Accept lock proven through a REAL Keycloak token. AV-034 held this Partial on TopicTests + TopicHandlerTests + TopicApplicationTests: the aggregate and the handler in isolation. The AC says 'the system returns HTTP 403', which is a statement about the HTTP surface under a real principal, and nothing carried it there — Acmp.Api.Tests authenticates with a synthetic TestAuthHandler. MEASURED on a topic Accepted with the Secretary as owner: a Member's well-formed PUT /api/topics/{id} returns 403, and THE SAME REQUEST from the Secretary is accepted. ⚠ THE SECOND HALF IS NOT DECORATION: the AC says 'only the Secretary may edit metadata after Acceptance', and asserting the refusal alone would be satisfied by a topic NOBODY can edit — a different product that also returns 403. Only the Secretary's accepted edit makes it a statement about who. The request differs by exactly one field (description) and by the bearer, so a refusal cannot be about the body. The mechanism, read from UpdateTopicHandler rather than inferred: post-Accept the handler switches from Policies.TopicEdit to Policies.TopicTriage (AADDDDDD — Chairman and Secretary only) and the aggregate locks content, so this is the designed behaviour and not an accident of ABAC.",,,,1,2026-08-13T10:26:53Z,,
AV-155,AC-033,Met,"MET 2026-08-13 (PR #253, main 85068c9, e2e green in CI). AV-033 held this Partial on TopicTests alone — the aggregate's guard, never the HTTP surface. WHAT THE AC ASKS AND WHAT IS ACTUALLY REACHABLE, stated plainly because they are not identical: 'any user attempts to DELETE OR MODIFY the rejection event' has no endpoint to attack — a rejection is a status transition plus an append-only audit row (INV-005, and the audit schema carries a DB-level DENY on UPDATE/DELETE, ADR-0031), so there is no delete-the-event surface to test. The reachable substance is that a recorded rejection cannot be OVERWRITTEN, and that is what is now proven. MEASURED against a topic Rejected with a recorded reason: re-accepting returns 409 and re-rejecting with a DIFFERENT reason returns 409 — the aggregate's RequireStatus guard surfacing as InvalidOperationException, which GlobalExceptionHandler maps to Conflict. ⚠ THE READ-BACK IS THE ASSERTION THAT CARRIES 'IMMUTABLE', NOT THE 409s: two refusals only prove two requests were refused. Reading the topic afterwards and finding it STILL Rejected is what proves the recorded rejection survived the attempts. ⚠ One mechanical trap worth recording: the read-back is GET /api/topics/{KEY} while every other call in the flow takes the id. The first run used the id and got 404 — which reads exactly like 'the topic is gone', a spectacularly misleading way to fail an immutability test.",,,,1,2026-08-13T10:26:53Z,,
AV-156,AC-009,Partial,"STILL PARTIAL, AND THE LIVE LEG IS WHY — THE AC'S POSITIVE CLAUSE IS NOT REACHABLE OVER HTTP (PR #253, main 85068c9). THE REFUSAL HALF IS NOW PROVEN: a Member's well-formed PUT against a topic they do not own returns 403 through a real Keycloak token, with the Secretary's identical request accepted as the control — so the 403 is about the principal, not about the route or the body. THE POSITIVE HALF IS NOT, AND THE FIRST RUN IS WHAT SHOWED IT: I fixtured a topic Accepted with the Member as Owner, expected the Owner's edit to succeed, and got 403. Reading UpdateTopicHandler rather than adjusting the assertion explains it, and it is BY DESIGN: pre-Accept the submitter edits freely and otherwise Policies.TopicEdit applies (owner-AiO or Secretary/Chairman); POST-Accept the handler switches to Policies.TopicTriage — Secretary and Chairman only — which is precisely AC-034's rule. So the ABAC Owner grant, written on Accept with the stated purpose 'so the ABAC owner check resolves for later edits (AC-009)', is never consulted for a topic edit: by the time it exists the topic is post-Accept, and TopicEdit is no longer the policy in play. The one pre-Accept status reachable AFTER Accept is Reopened — and Topic.Reopen exists in the aggregate with NO ENDPOINT, so nothing can get there over HTTP. ⚠ WHY I DID NOT MAKE IT PASS, and this is the point: editing pre-Accept as the SUBMITTER succeeds and would have turned the test green in one line. That proves submitter-authorization, not ownership — a different claim wearing this AC's name, and exactly the passes-for-the-wrong-reason failure this project keeps paying for. ⚠ THE OWNER GRANT IS NOT NECESSARILY DEAD: other 'O' rows in the matrix (ActionCreate, ActionVerify, RiskManage, AdrCreate…) are topic-scoped and may consult it. That was not chased here — apiCreateAction's own comment records that SourceId has NO cross-module FK (ADR-0001), so whether the Actions module can resolve a Topic resource at all is an open question and the honest next step for this AC.",,,,1,2026-08-13T10:26:53Z,,
AV-157,AC-048,Partial,"PARTIAL BY OPERATOR DECISION 2026-08-13 (PE-286), WITH THE REASON RECORDED RATHER THAN THE VERDICT MANUFACTURED — and the provable half turns out to be already covered, so this needed a verdict rather than code. WHAT THE AC ASKS: 'the browser's built-in beforeunload dialog is TRIGGERED' when a tab with unsaved changes is closed. WHAT IS PROVABLE AND IS PROVEN: SubmitTopic.tsx:114-120 registers a beforeunload handler while dirtyRef is set and removes it when clean, and SubmitTopic.test.tsx:186 ('warns before a hard reload while the form is dirty') types into the form, dispatches a CANCELABLE beforeunload Event and asserts evt.defaultPrevented === true. That is the application's entire contribution: calling preventDefault is the only thing a page can do to request the dialog. WHAT IS NOT PROVABLE BY ANY AUTOMATION AVAILABLE HERE: that the BROWSER then shows a dialog to a human. Playwright auto-dismisses native beforeunload dialogs, and Chrome deliberately suppresses them entirely without a prior user gesture. ⚠ THE OPERATOR WAS OFFERED A TEST FOR IT AND DECLINED, FOR THE RIGHT REASON: intercepting the event in a harness would demonstrate that the HARNESS registered a listener, not that a user would see anything — a test passing for the wrong reason, which is the failure class this project keeps paying for. This project already treats 'unprovable as written' as a legitimate outcome: AC-090 was unsatisfiable by construction until ADR-0039 changed the mechanism, and AC-004 sat Pending for the whole project until OQ-076 established that the configured control could not produce the described behaviour. A Partial with evidenced reasoning is the honest verdict here, and it is the FINAL one unless the AC is reworded to assert the mechanism (handler registered while dirty, removed when clean) rather than the browser's rendering of it — which would need a scope-change row, since it narrows an approved AC.",,,,1,2026-08-13T10:36:52Z,,
AV-158,AC-041,Partial,"STILL PARTIAL, AND THE GAP IS NOW NAMED PRECISELY INSTEAD OF 'manual render (Playwright)' — there are TWO distinct gaps and one of them is not what the AC's reader would guess. AV-041 recorded the evidence as a manual Playwright render. READING THE SUITE: e2e/vr-sweep.spec.ts is CAPTURE-ONLY. It walks every reconciled surface in EN-light and AR-RTL-dark and calls page.screenshot({ path: ... }) into e2e/vr-out/ — there is no toHaveScreenshot, no committed baseline, and NO ASSERTION OF ANY KIND. It produces artefacts for a human to look at. So the AC's operative verb, 'no LTR flow artifacts are DETECTED', is performed by a person, not by the suite, and a regression is caught only if somebody opens the PNGs. GAP 2, BROWSERS: the AC says 'on Chrome AND Edge'. playwright.config.ts declares exactly one project, { name: 'chromium' }. Edge has never run. ⚠ WHAT IS GENUINELY AUTOMATED, AND IT IS MORE THAN THE AC GETS CREDIT FOR: e2e/rtl-a11y.spec.ts ASSERTS the real app flips to html[dir=rtl] and html[lang=ar] from the top-bar control and runs an automated axe sweep over key authenticated screens; and src/test/rtl-logical-css.test.ts is a genuine MECHANICAL detector for one whole class of RTL artifact — it fails the build on horizontally asymmetric corner radii anywhere in the stylesheets, the exact defect wiki.css shipped (border-inline-end paired with a physical border-radius, which flips the border and not the rounding, visible only to an Arabic reader). So RTL correctness is not unguarded; it is guarded by direction assertions, an accessibility sweep and a CSS-level rule, while the AC's specific promise — automated per-page visual DETECTION across two browsers — is not met. THE PATH, so the next session does not re-derive it: (1) commit baselines and switch vr-sweep from page.screenshot to expect(page).toHaveScreenshot, accepting that pixel baselines are brittle across runners and need a maxDiffPixelRatio; (2) add a second Playwright project with channel: 'msedge' plus `npx playwright install msedge` in e2e.yml, accepting the CI time. ⚠ CONSIDER FIRST whether pixel baselines are the right instrument at all: this project's own experience is that property-level guards (rtl-logical-css) catch real defects while capture-only sweeps caught none, and 'guard the property, not the value' is a lesson already paid for here.",,,,1,2026-08-13T10:36:52Z,,
AV-159,AC-003,Partial,"STILL PARTIAL, BUT THE UNKNOWN IS NOW RESOLVED IN THE CODE AND IT IS THE 'DENIES ACCESS' BRANCH — not the Submitter fallback the AC's parenthesis suggests. AV-003 recorded 'KeycloakRoleClaimMapperTests + MembershipFeatureTests'. THE AC OFFERS TWO ACCEPTABLE OUTCOMES for a token with no ACMP role claim: deny access, OR assign the minimum default role (Submitter) per configuration. READ FROM ProvisionCurrentUser: `var role = CommitteeRoleResolver.PrimaryRole(_user.Roles) ?? throw new ForbiddenAccessException(""No committee role is assigned to this account."")`. There is no configurable default and no Submitter fallback — the system takes the FIRST branch and denies, fail-closed. That is a legitimate satisfaction of the AC as written, and it is the safer of the two branches, so the AC's substance is met by the implementation. ⚠ TWO REASONS IT IS NOT BEING FLIPPED TO MET. FIRST, THE AUDIT CLAUSE: the AC requires 'an AuthEvent is emitted to the audit log'. That throw is in the HANDLER, not in AuthorizationBehavior — which is the only thing in the codebase that emits Authorization.Forbidden — so on present reading no audit row is written for a role-less login, and this is DEF-056's family arriving by a second route. Provisioning itself emits Membership.MemberProvisioned or Membership.ProfileSynced, but a DENIED provisioning never reaches that line. SECOND, NO LIVE LEG: this is a reading, not a measurement, and the whole point of this campaign is that unit evidence and real-Keycloak evidence have diverged twice already (AC-006's audit clause, AC-009's positive clause). THE MEASUREMENT THAT WOULD SETTLE IT is cheap and specified: seed an e2e user holding NO committee realm role (seedUser currently requires one, so realmRole must become optional), log in through the real PKCE round-trip, and assert that POST /api/members/me returns 403 and whether any audit row exists for the attempt. ⚠ DO NOT CONFUSE THIS WITH THE UAT OBSERVATION that an invited member's role reads 'Guest' — that is the roster DTO for an EXISTING member row with no roles, a different code path from provisioning a subject that has none.",,,,1,2026-08-13T10:36:52Z,,
AV-160,AC-009,Met,"MET 2026-08-13 AS NARROWED BY SC-009 (authorized by DEC-042) — and the narrowing is the point, so it is stated before the evidence. AC-009's POSITIVE clause ('a Member assigned as Owner submits an edit ... the edit is accepted') CONTRADICTED AC-034 and has been removed. An Owner is assigned ON Accept, so an Owner exists only on an already-Accepted topic — and AC-034 reserves post-Accept editing to the Secretary with content locked. Every situation AC-009's first clause described was therefore also a situation AC-034 governed, and the two approved ACs gave opposite answers. The operator resolved it in AC-034's favour (DEC-042): once Accepted, a topic is committee property. No code changed; the implementation already did this. WHAT REMAINS OF AC-009 AND IS NOW PROVEN LIVE (PR #253, main 85068c9, e2e green): 'when the same Member edits a topic where they are not Owner, the API returns HTTP 403'. Measured through the genuine authorization-code + PKCE round-trip against the real Keycloak in the e2e stack — not the synthetic TestAuthHandler that Acmp.Api.Tests uses, which is why AV-009's 'AbacHandlerTests + TopicApiTests' was never enough. ⚠ WITH A CONTROL ON THE SAME ROUTE: the Secretary's identical request — same path, same body, one field differing — is accepted, so the 403 is demonstrably about the principal and not about the route, the payload, or a middleware refusing everyone. ⚠ HOW THE CONTRADICTION WAS FOUND, because it matters for how much this verdict is worth: the first run of the spec FAILED. I had fixtured a topic Accepted with the Member as Owner and expected the edit to succeed per the AC's own words. Reading UpdateTopicHandler rather than adjusting the assertion is what turned a red test into a governance finding. Editing pre-Accept as the SUBMITTER would have turned it green in one line and proven submitter-authorization — a different claim wearing this AC's name. ⚠ CARRIED FORWARD, NOT CLOSED: AcceptTopic.cs still comments that the grant-on-accept exists 'so the ABAC owner check resolves for later edits (AC-009)', which is now a false lead and must be corrected; and whether ANY matrix row marked 'O' consults that grant over HTTP is unverified — DEF-057 has just shown a registered, unit-tested ABAC handler can be wired into nothing.",,,,1,2026-08-13T11:00:52Z,,
AV-161,AC-034,Met,"TopicEndpointsCoverageTests (S3, live HTTP through the real pipeline): A_member_who_is_not_the_owner_is_refused_editing_an_accepted_topic asserts the AC's literal scenario - an ACCEPTED topic, a Member who is NEITHER its Owner NOR the submitter, PUT /api/topics/{id} -> 403; After_acceptance_the_secretary_edits_metadata_and_the_content_stays_locked asserts the other half by READING THE TOPIC BACK - the title is unchanged (content locked against retroactive modification) while streams changed (metadata still editable). Both added 2026-08-14 in PR #267 (ca3bf05). PRIOR EVIDENCE WAS HANDLER-LEVEL ONLY (TopicTests + TopicHandlerTests + TopicApplicationTests), which constructs the authorization decision directly rather than travelling the pipeline the AC describes - that is why this stayed Partial, and the gap is now closed rather than argued away. SUPPORTING, not the basis of the verdict: the AC-034 edit UI now exists (EditTopic.tsx, 13 component tests) where before PUT /api/topics/{id} had NO caller in the SPA at all. ⚠ STATED PLAINLY: there is NO browser end-to-end leg for this AC. The verdict rests on the API contract, which is what the AC's own text asserts ('the system returns HTTP 403'); the UI's rendering of that refusal is proven at component level (shows_a_save_failure_and_stays_on_the_form), not in a real browser.",,,,1,2026-08-14T11:30:36Z,,
AV-162,AC-010,Met,"topic-scope.spec.ts (e2e, real Keycloak token through the deployed middleware pipeline), PR #270 / squash d94f154, ADR-0043 step 8. THE DISCRIMINATION, and it is the AC's own wording: a Member assigned to 'core' PREPARES their own Accepted 'core' topic and receives 204; the SAME member, same role session, same Owner capability, same request shape is refused 403 on their own Accepted 'government' topic. Only the TOPIC's stream differs between the two runs - the member's assignment is set once and never toggled - so the refusal is stream scope and cannot be ownership, role, or fixture. ⚠ THE POSITIVE CASE IS ASSERTED FIRST, DELIBERATELY: if the owner grant had not resolved, the role had mapped wrong, or the assignment had not landed, the pair fails on the 204 rather than passing on a 403 that proves nothing - which is how this AC has previously been at risk of passing for the wrong reason. ⚠ THE MEMBER HOLDS A STREAM THROUGHOUT, NEVER NONE: an unassigned member is refused too, but that evidences 'unassigned is denied', the different claim ADR-0043 negative consequence (4) warns against. PrepareTopic is the action because it is the one Policies.TopicEdit path a stream-bounded Member can reach - UpdateTopic skips authorization for the submitter pre-Accept and uses TopicTriage post-Accept (DEF-068) - and grant-on-accept satisfies CapabilityRequirement for BOTH topics, leaving stream scope as the only deciding factor. SUPPORTING, and it proved the mechanism first at a cheaper layer: TopicEndpointsCoverageTests.An_owner_assigned_to_another_stream_is_refused_and_the_same_owner_in_stream_is_allowed (API, with its own control run) plus A_secretary_holding_no_streams_is_not_stream_scoped; AbacHandlerTests for the handler including the wildcard; mutation-checked at step 7 by removing TopicEdit from AuthorizationRegistration.StreamScoped, which restores the 204 and reproduces DEF-057's fail-open. WHAT THE E2E LEG ADDS OVER THAT PAIR: a real Keycloak token and role mapping rather than the synthetic TestAuthHandler, and SQL Server rather than the InMemory provider - the harness that hid DEF-066 (stream assignment refused by an IDENTITY column) through two whole steps of this slice. ⚠ COUNT RECONCILED RATHER THAN ASSUMED: the e2e job reported 69 passed against the previous run's 66 passed + 1 flaky = 67, so the delta is exactly the two tests added and neither was skipped.",,,,1,2026-08-14T14:43:36Z,,
AV-163,AC-011,Met,"MET 2026-08-15 ON A LIVE STACK, BOTH CLAUSES MEASURED RATHER THAN COMPOSED. Evidence: src/Acmp.Web/e2e/ac011-guest-scope.spec.ts, green on GitHub Actions run 31895092054 (all ten checks), merged as 1598ac0 via PR #281 - an e2e leg against the full seven-service compose stack with a genuine Keycloak, through the real authorization-code + PKCE round-trip. AV-011 held this Partial with the gap named as 'presenter meeting-window runtime enforcement', and topic-scope.spec.ts said plainly 'AC-011 needs a Guest presenter and is deferred with it'. WHY IT COULD NOT BE PROVEN UNTIL NOW, one structural fact rather than an oversight: a guest presenter can only be created through IGuestProvisioner, which is registered ONLY when KeycloakAdmin:Enabled is true, and deploy/.env.example sets it false - so CI ran seven services with a genuine Keycloak and never constructed the port at all. DEC-042 decided to turn it on; PR #278 did. THE PRINCIPAL IS REAL AT EVERY STEP: the Secretary invites the guest through POST /api/meetings/{id}/guest-presenters, and the guest signs in through the genuine PKCE round-trip with the temporary password that invite returned, including Keycloak's forced password change. Seeding a Keycloak user holding a Guest realm role would have been far easier and would have proven something else - that a role claim is refused - rather than that the presenter RELATIONSHIP bounds this person, which is what the AC says. CLAUSE 1, THE ASSIGNED TOPIC AND THE SCOPE AROUND IT: the guest reaches GET /api/session/me and it returns THEIR meeting key and THEIR topic key (asserted FIRST and deliberately - a guest is refused almost everything, so had the invite produced a person with no slot, every refusal below would still have passed while proving only that the fixture was broken); a topic they do not present returns 403 with reason guest_scope; the topic they DO present is also refused through the committee topic routes, asserted so nobody 'fixes' the first refusal by opening /api/topics to guests; a meeting they do not present at returns 403 while THEIR OWN meeting still returns 200 - same caller, same route shape, only the meeting differs, which is what makes it scope rather than a blanket refusal; the meetings list contains their meeting and NOT the other, asserted by key in both directions rather than by count; and a write to their own meeting is refused. CLAUSE 2, THE MEETING WINDOW, IS NOW A MEASUREMENT AND NOT A CITATION (DEC-052 d3, the operator overruling my recommendation to compose the verdict from value-set plus value-enforced): a SECOND guest is invited onto a meeting whose scheduled end is already weeks past, so AccessExpiresAt has elapsed before they ever sign in, and their request - carrying a genuinely valid Keycloak token, since Keycloak knows nothing about ACMP's window - is refused 401 with X-Acmp-Auth-Reason access_expired by the ADR-0039 per-request revalidation middleware. The fixture asserts its OWN precondition, that the returned accessExpiresAt is already past, so a change to the 24h grace cannot let the rest pass for the wrong reason. WHAT THE LEG FOUND, recorded because it is the argument for live legs: turning the flag on exposed FOUR defects nothing else could see - DEF-073 (a guest presenter could read EVERY meeting in the committee, which is this AC's own second clause answering 200), DEF-074 (the failure dump could not reach the failure it exists to explain), DEF-075 (JIT provisioning check-then-insert race) and DEF-076 (an invited guest received NO Keycloak realm role, so FR-159's guest could never reach the surface built for them). All four are fixed and merged. ⚠ ONE NEAR-MISS WORTH KEEPING: the expiry assertion first passed on a 401 that meant UNAUTHENTICATED, because page.request does not attach the Authorization header - the status assertion was satisfied while measuring nothing, and only the reason-header assertion distinguished 'refused because expired' from 'refused because anonymous'. Asserting the status alone would have flipped this AC to Met on a test that never exercised the expiry path.",ci,auto-test,1598ac0,1,2026-08-15T16:27:11Z,,
AV-164,AC-006,Met,"MET — ALL THREE CLAUSES, EACH NAMED SEPARATELY BECAUSE THE AC HAS THREE AND AV-151 TREATED IT AS TWO. CLAUSE 1, 'the submit button is not rendered': the topic Submit CTA is withheld structurally — navModel ACCESS.submit lists secretary/member/submitter and an absent role resolves to 'none' — now ASSERTED by navModel.test.ts 'never offers the auditor a submit CTA', which is MUTATION-PROVEN: adding auditor to ACCESS.submit fails that test and only that test. The mutating controls on the actions surface are covered by ActionActions.test.tsx 'renders nothing for a role with no manage/verify rights' and ActionPage.test.tsx, which mocks an Auditor for exactly this reason. ⚠ PRECISION RATHER THAN A CLAIM OF EXHAUSTIVE COVERAGE: the decision and vote surfaces use the same useAuth role-gating pattern, and that was READ in this session, not asserted — stated so a later reader does not infer a sweep that did not happen. CLAUSE 2, 'any direct POST/PUT/DELETE returns HTTP 403': proven live by AV-151 and still standing — an Auditor holding the real Auditor realm role, through the genuine PKCE round-trip, refused on POST /api/topics, /api/topics/id/accept, /api/meetings, /api/decisions and /api/votes/id/open, with a positive read control so 'refused every mutation' is distinguishable from 'refused everything'. CLAUSE 3, 'with an audit event emitted': THIS IS WHAT WAS UNMET AND IS NOW PROVEN LIVE. role-matrix.spec.ts's audit case carried a deliberate test.fail(true) marker that passed while the gap existed and goes red the day it closes; the marker is DELETED and the case passes UNMARKED on two consecutive full e2e runs (31900381392, 31900930794), asserting that GET /api/audit?action=Authorization.Forbidden returns rows after a refused mutation — the exact query that returned an empty items array when DEF-056 was found. Backed at the HTTP boundary by RefusalAuditTests (two positives, two controls) and by THREE KILLED MUTANTS: removing AddAcmpAuthorizationAuditing kills the policy-refusal test, which is the mutation that matters because /api/meetings carries BOTH an endpoint policy and a command with AllowedRoles and the test would otherwise be green from the pre-existing MediatR emitter; retyping the ProvisionCurrentUser emit kills the AC-003 case; forcing the Forbidden-only guard kills BOTH controls. E2E count reconciled 77 to 78 against the previous run rather than read as a bare green, and the seeding line for the new fixture was confirmed present in the run log — a green run that never collected the spec is indistinguishable from one that did.",ci,auto-test,ded2378,1,2026-08-15T18:32:17Z,,
AV-165,AC-003,Met,"MET — AND THE ROUTE HERE IS NOT THE ONE AV-159 DESCRIBED, WHICH IS THE FIRST THING A READER NEEDS. AV-159 recorded that no audit row is written for a role-less login, making the audit clause unmet. THAT IS WRONG AND IT IS MY OWN ROW; corrected in PE-359 rather than by editing it. It searched only for emitters of Authorization.Forbidden and read their absence as the absence of any record, missing Authentication.NoRoleClaim — emitted in AuthenticationExtensions.MapKeycloakRolesAsync at the JwtBearer OnTokenValidated hook whenever the role mapper returns an empty set. That hook is the AC's own moment, 'when they complete SSO login', so the audit clause was ALREADY satisfied in production before this work. WHICH BRANCH: deny. The AC permits denial OR a configured minimum default role; there is no configured DefaultRole and no Submitter fallback, so PrimaryRole resolves to nothing and provisioning refuses — the safer of the two branches the AC permits. THE MEASUREMENT, AND IT IS LIVE BECAUSE NOTHING ELSE COULD REACH IT. SC-005 already recorded that the OnTokenValidated seam is unreachable from every API test: Acmp.Api.Tests authenticates with the synthetic TestAuthHandler, and RealJwtAuthTests boots the real JwtBearer scheme with no Authority so every token is rejected before the hook can fire. e2e/ac003-roleless-login.spec.ts therefore drives a REAL Keycloak account holding NO committee realm role through the genuine PKCE round-trip and asserts (a) POST /api/members/me answers 403 — 403 and not 401, so the deny is about the missing role and not about an unusable token, which matters because the SPA answers a 401 by renewing a token that is not the problem — and (b) the count of Authentication.NoRoleClaim rows INCREASED across the login. ⚠ A DELTA, NOT AN ABSOLUTE COUNT: 'at least one row exists' would pass on residue from any earlier run against a long-lived environment and could never discriminate between 'this login was recorded' and 'something once was'. ⚠ THE SPEC'S SECOND AUDIT ASSERTION IS DELIBERATELY NOT CITED AS EVIDENCE HERE: Authorization.Forbidden rows are now also written by every role-matrix refusal in the same run, so that count does not discriminate for this AC. What evidences the in-handler emitter instead is the KILLED MUTANT — retyping the ProvisionCurrentUser emit's event name fails RefusalAuditTests's AC-003 case and only that case. THE POST-CONDITION WAS CHOSEN, NOT INHERITED: loginAs waits for the committee dashboard and for the login CTA to vanish, both statements about what the SPA renders for a MEMBER, which this principal is not; the spec waits on the POST /members/me response instead, which AuthProvider fires from an effect keyed on isAuthenticated alone. Green on two consecutive e2e runs (31900381392, 31900930794); the e2e count reconciled 77 to 78, exactly the one test added, and the fixture's seeding line was confirmed present in the run log.",ci,auto-test,ded2378,1,2026-08-15T18:32:39Z,,
AV-166,AC-094,Met,"MET, AND BOTH CLAUSES ARE PROVEN SEPARATELY — which is the whole reason the narrowing was worth doing. AC-094 is the successor to AC-048, narrowed by SC-014 under DEC-051 d1 from 'the browser's built-in beforeunload dialog is TRIGGERED' (unprovable by any automation available here — Playwright auto-dismisses native beforeunload dialogs and Chrome suppresses them without a prior user gesture, AV-157/PE-286) to the application's entire possible contribution: the handler is registered while dirty and removed when clean. CLAUSE 1, REGISTERED WHILE DIRTY: `src/Acmp.Web/src/features/topics/SubmitTopic.test.tsx` — 'warns before a hard reload while the form is dirty (beforeunload)' types into Title, dispatches a CANCELABLE beforeunload Event and asserts `defaultPrevented === true`. Calling preventDefault is the only action a page can take to request the dialog. Implementation at `SubmitTopic.tsx:119-123`. CLAUSE 2, REMOVED WHEN CLEAN — AND IT HAD NO TEST AT ALL UNTIL THIS VERDICT WAS BEING PREPARED. The implementation was always there (the effect's cleanup calls removeEventListener, keyed on [hasContent, leaving]) but NOTHING asserted it, so recording Met would have flipped a two-clause AC on half its statement — the identical failure AC-006 was caught on, where AV-151 treated a three-clause AC as two. Added 'removes the beforeunload guard once the form is clean again': type into Title, `user.clear` it so hasContent goes false, dispatch a cancelable beforeunload and assert `defaultPrevented === false`. MUTATION-PROVEN, against a commit rather than an uncommitted tree: replacing the effect's cleanup with `return undefined` fails EXACTLY that new test and only it (20 tests, 1 failed). ⚠ IT GUARDS A REAL PROPERTY RATHER THAN TIDINESS: a handler surviving the form going clean blocks navigation the user never dirtied, and a beforeunload preventDefault is precisely what a user cannot dismiss by any in-page action. SUITE: 20 passed, up from 19 — the count reconciles to exactly the one test added.",agent,auto-test,9aefa7a,1,2026-08-15T22:19:43Z,,
AV-167,AC-095,Met,"CARRIED FROM AV-017 (Met) ON AC-017, NOT RE-MEASURED — and the distinction is stated here rather than left for a reader to assume. AC-095 supersedes AC-017 under SC-013 for ONE reason: to add slice_id SL-009, which is frozen on an Approved row so there is no update path. The `statement` — the criterion itself — is BYTE-IDENTICAL to AC-017's, verified programmatically (417 chars, compared field-by-field before the predecessor was retired), so the evidence that proved AC-017 proves this row by identity rather than by argument. WHAT WAS INSPECTED: that the statement, requirement_id and verdict lineage carry over intact. WHAT WAS NOT DONE: the underlying suites were not re-run for this verdict. ORIGINAL EVIDENCE, unchanged and still current: AuditAtomicityTests (enriched before/after populated end-to-end on real SQL) + AuditApiTests (register surfaces normalized v1+v2 rows, entityType/actor filters, paginated) + the PR2 per-module emit-site migration to EmitEnrichedAsync. BINDING BASIS: SL-009's own objective names 'the P1-P9 audit remediation and the hash-chained audit store' — derived from the plan, not inferred from where the AC happened to be mentioned.",agent,inspection,3634c56,1,2026-08-15T22:29:21Z,,
AV-168,AC-096,Met,"CARRIED FROM AV-018 (Met) ON AC-018, NOT RE-MEASURED. AC-096 supersedes AC-018 under SC-013 solely to add slice_id SL-009; the `statement` is BYTE-IDENTICAL (314 chars, verified programmatically before the predecessor was retired), so the prior evidence applies by identity. ORIGINAL EVIDENCE, unchanged: AuditEventEnrichmentTests (valid v1 to v2 chain verifies; enriched-field tamper flagged with the correct Reason) + the AuditEvent design itself (no public setters, no Update/Delete path; SaveChanges only Adds) + the UNIQUE PreviousHash/Hash non-forking indexes. The suites were not re-run for this verdict. BINDING BASIS: SL-009's objective names the hash-chained audit store.",agent,inspection,3634c56,1,2026-08-15T22:29:21Z,,
AV-169,AC-097,Met,"CARRIED FROM AV-019 (Met) ON AC-019, NOT RE-MEASURED. AC-097 supersedes AC-019 under SC-013 solely to add slice_id SL-009; the `statement` is BYTE-IDENTICAL (367 chars, verified programmatically before the predecessor was retired). ORIGINAL EVIDENCE, unchanged: AuditEventEnrichmentTests (tamper causes Verify to report a non-null BrokenAtSequence with a Reason) + AuditApiTests (GET /api/audit/verify returns IsValid/BrokenAtSequence/Reason over an intact chain, RBAC-gated). The suites were not re-run for this verdict. BINDING BASIS: SL-009's objective names the hash-chained audit store.",agent,inspection,3634c56,1,2026-08-15T22:29:21Z,,
AV-170,AC-098,Met,"CARRIED FROM AV-020 (Met) ON AC-020, NOT RE-MEASURED. AC-098 supersedes AC-020 under SC-013 solely to add slice_id SL-009; the `statement` is BYTE-IDENTICAL (341 chars, verified programmatically before the predecessor was retired). ORIGINAL EVIDENCE, unchanged: AuditApiTests — Auditor/Chairman/Secretary get 200; Member/Reviewer/ADMINISTRATOR get 403 (SoD-5, ADR-0027); no token gets 401 — on BOTH /api/audit and /api/audit/verify. The suites were not re-run for this verdict. BINDING BASIS: SL-009's objective names the hash-chained audit store.",agent,inspection,3634c56,1,2026-08-15T22:29:21Z,,
AV-171,AC-099,Met,"CARRIED FROM AV-039 (Met) ON AC-039, NOT RE-MEASURED. AC-099 supersedes AC-039 under SC-013 solely to add slice_id SL-003, which is frozen on an Approved row so there is no update path; the `statement` is BYTE-IDENTICAL (296 chars, verified programmatically before the predecessor was retired), so the prior evidence applies by identity. ORIGINAL EVIDENCE, unchanged: SubmitTopic.test (locale-switch preserves the field value). The suite was not re-run for this verdict. BINDING BASIS: SL-003's objective names 'i18n EN/AR + right-to-left'.",agent,inspection,3634c56,1,2026-08-15T22:32:18Z,,
AV-172,AC-100,Met,"CARRIED FROM AV-040 (Met) ON AC-040, NOT RE-MEASURED. Supersedes AC-040 under SC-013 solely to add slice_id SL-003; `statement` BYTE-IDENTICAL (283 chars, verified programmatically). ORIGINAL EVIDENCE, unchanged: i18n/direction.test.ts + the axe render. Not re-run for this verdict. BINDING BASIS: SL-003's objective names 'i18n EN/AR + right-to-left'.",agent,inspection,3634c56,1,2026-08-15T22:32:18Z,,
AV-173,AC-101,Partial,"CARRIED FROM AV-158 (Partial) ON AC-041 — AND IT IS DELIBERATELY STILL PARTIAL, which is the point of carrying rather than re-judging. AC-101 supersedes AC-041 under SC-013 solely to add slice_id SL-003; the `statement` is BYTE-IDENTICAL (235 chars, verified programmatically), so the predecessor's UNMET status carries too. Re-asserting a Met here would have been the manufactured status DEF-010 records. THE TWO GAPS, unchanged from AV-158: (1) e2e/vr-sweep.spec.ts is CAPTURE-ONLY — it walks every reconciled surface in EN-light and AR-RTL-dark and calls page.screenshot into vr-out/, with no toHaveScreenshot, no committed baseline and NO ASSERTION OF ANY KIND, so the AC's operative verb 'DETECTED' is performed by a human opening PNGs; (2) the AC says Chrome AND Edge and playwright.config.ts declares exactly one project, chromium, so Edge has never run. DEC-051 d2 settled the instrument: property-level detectors in the style of src/test/rtl-logical-css.test.ts (which catches real defects where the capture sweep has caught none) plus an Edge project — and e2e.yml installs chromium only, so adding Edge is NOT one line or every Edge test dies at launch rather than failing informatively. ⚠ THIS IS NOW THE SOLE ENTRY BLOCKING acs-met. BINDING BASIS: SL-003's objective names 'i18n EN/AR + right-to-left' — NOT SL-019, where AC-041 merely appears in a release-audit progress entry; that is where it was assessed, not where it belongs.",agent,inspection,3634c56,1,2026-08-15T22:32:18Z,,
AV-174,AC-102,Met,"CARRIED FROM AV-042 (Met) ON AC-042, NOT RE-MEASURED. Supersedes AC-042 under SC-013 solely to add slice_id SL-003; `statement` BYTE-IDENTICAL (170 chars, verified programmatically). ORIGINAL EVIDENCE, unchanged: theme/theme.test.ts. Not re-run for this verdict. BINDING BASIS: SL-003's objective names the app shell and design tokens, and this is the one binding in SC-013 that is journal-CONFIRMED as well as objective-derived — the only progress entry citing AC-042 carries slice_id SL-003.",agent,inspection,3634c56,1,2026-08-15T22:32:18Z,,
AV-175,AC-103,Met,"CARRIED FROM AV-046 (Met) ON AC-046, NOT RE-MEASURED. Supersedes AC-046 under SC-013 solely to add slice_id SL-003; `statement` BYTE-IDENTICAL (338 chars, verified programmatically). ORIGINAL EVIDENCE, unchanged: the axe WCAG 2.2 AA render. Not re-run for this verdict. ⚠ WORTH KNOWING FOR ANY FUTURE RE-JUDGEMENT: axe cannot see the AC's 'DOM reading order matches visual order in LTR and RTL' clause, and JSDOM does not render at all — so that clause rests on the same class of instrument the vr-sweep gap describes. Not re-opened here; carried as recorded. BINDING BASIS: SL-003's objective names the app shell, design tokens and RTL.",agent,inspection,3634c56,1,2026-08-15T22:32:18Z,,
AV-176,AC-104,Met,"CARRIED FROM AV-047 (Met) ON AC-047, NOT RE-MEASURED. Supersedes AC-047 under SC-013 solely to add slice_id SL-005; `statement` BYTE-IDENTICAL (332 chars, verified programmatically). ORIGINAL EVIDENCE, unchanged: SubmitTopic.test (the guard dialog on dirty in-app navigation, via useBlocker). Not re-run for this verdict. RELATIONSHIP: this is the IN-APP navigation half; AC-094 (Met, AV-166) is the browser-close beforeunload half of the same unsaved-work guard. BINDING BASIS: SL-005's objective is intake, triage and backlog, and SubmitTopic is that surface.",agent,inspection,3634c56,1,2026-08-15T22:32:18Z,,
AV-177,AC-105,Met,"CARRIED FROM AV-049 (Met) ON AC-049, NOT RE-MEASURED. Supersedes AC-049 under SC-013 solely to add slice_id SL-005; `statement` BYTE-IDENTICAL (331 chars, verified programmatically). ORIGINAL EVIDENCE, unchanged: TopicAttachmentTests (the validator) + SubmitTopic.test (size reject) + apiClient.test (localizedValidationMessage) + the e2e ac049-upload-l10n leg proving a content-mismatch surfaces a LOCALIZED message rather than raw server text. Not re-run for this verdict. BINDING BASIS: SL-005's objective is topic intake.",agent,inspection,3634c56,1,2026-08-15T22:32:18Z,,
AV-178,AC-106,Met,"CARRIED FROM AV-050 (Met) ON AC-050, NOT RE-MEASURED. Supersedes AC-050 under SC-013 solely to add slice_id SL-005; `statement` BYTE-IDENTICAL (296 chars, verified programmatically). ORIGINAL EVIDENCE, unchanged: TopicAttachmentTests (the handler) plus a LIVE POST to /{id}/attachments returning 201 against real MinIO. Not re-run for this verdict. BINDING BASIS: SL-005's objective is topic intake.",agent,inspection,3634c56,1,2026-08-15T22:32:18Z,,
AV-179,AC-107,Met,"CARRIED FROM AV-056 (Met) ON AC-056, NOT RE-MEASURED. Supersedes AC-056 under SC-013 solely to add slice_id SL-008; `statement` BYTE-IDENTICAL (278 chars, verified programmatically). ORIGINAL EVIDENCE, unchanged: JobsMonitorMapperTests (counts, per-state rows, null-job, ordering, duration) + AdminJobsEndpointTests (Admin 200 shape, not-configured, 403, 401, wired live counts, requeue 204/404/503) + JobMonitor.test + jobs.test (the hook) + jobFormat.test. Not re-run for this verdict. BINDING BASIS: SL-008's objective names 'the Job Monitor' EXPLICITLY, and it is journal-confirmed as well — the only progress entry citing AC-056 carries slice_id SL-008.",agent,inspection,3634c56,1,2026-08-15T22:32:18Z,,
AV-180,AC-108,Met,"MET, ON THE INSTRUMENT THE PIPELINE ACTUALLY RUNS — which is the entire reason AC-101 was narrowed rather than judged. AC-108 supersedes AC-101 via SC-015 under DEC-054 d1. CLAUSE 1, NO PHYSICAL LEFT/RIGHT IN THE STYLESHEETS: `src/Acmp.Web/src/test/rtl-physical-direction.test.ts`, merged in PR #283 (f3d96ac), asserts ZERO occurrences of physical `text-align`, `float`, margin/padding/border sides and physical insets across the stylesheet tree, and prints for every offender the logical property that replaces it exactly. MUTATION-PROVEN: appending `.mutant-probe { text-align: left; margin-left: 4px; }` to a stylesheet fails exactly that assertion and names the file, the line and both replacements. ⚠ ZERO IS AN HONEST TARGET AND WAS MEASURED BEFORE THE GUARD WAS WRITTEN, not hoped for: the tree already contained zero of every family across 27 files, because DEC-022 put the UI on logical properties in P3 and the discipline held. The guard therefore LOCKS IN a true property and fails the day it stops being true. It carries its own anti-vacuity pair — a classifier test proving it catches the real forms AND does not flag `text-align: center`, `margin-inline-start`, `padding-inline`, `background-position: left` (`left` as a VALUE), a `--nav-left-pad` custom property, or symmetric `translateX` centering; plus a 'scans a non-empty set of stylesheets' test, without which the zero assertion would pass over an empty walk. CLAUSE 2, RTL SURFACES ON BOTH CHROME AND EDGE: playwright.config.ts gained an `msedge` project using `channel: 'msedge'` — the REAL Edge binary, not Chromium wearing a user-agent — scoped by testMatch to the RTL surfaces, and e2e.yml installs it, without which every Edge test would die at LAUNCH rather than failing informatively. Proven by a reconciled count rather than a green tick: the e2e suite went 78 to 82, and the +4 is the Edge project running rtl-a11y's four tests. ⚠ WHAT IS NOT CLAIMED, stated so nobody infers a sweep that did not happen: cropped RTL text, and any artifact that exists only after a browser lays the page out. That is why AC-101 was narrowed — and why the narrowing was the honest move rather than a convenience. ⚠ AND THE PREDECESSOR'S NAMED INSTRUMENT NEVER RAN AT ALL: DEF-077 records that e2e/vr-sweep.spec.ts is gitignored (PR #57, 'kept local so they never commit or run in CI'), which is how the 86-versus-82 count discrepancy resolved. The property guard is not a supplement to that sweep; in CI it is the only mechanical RTL detection there has ever been.",ci,auto-test,f3d96ac,1,2026-08-16T00:04:37Z,,
AV-181,AC-109,Pending,"NOT BUILT — recorded Pending deliberately, at the moment the criterion was created, so G-PROGRESS is not left red by an AC nobody has audited. Measured state at 540bf10: Topic.Close(actorSub, actorName, now) exists on the aggregate with RequireStatus(Decided) and raises TopicClosedEvent, and has ZERO production callers; TopicEndpoints.cs exposes accept/reject/defer/prepare/priority/comments/attachments and no close. Flips to Met when FR-160 ships with both clauses proven — the positive transition AND the refusal from a non-Decided status.",agent,inspection,540bf10,1,2026-08-17T14:45:28Z,,
AV-182,AC-110,Pending,"NOT BUILT — recorded Pending deliberately. Measured state at 540bf10: Topic.Reactivate(actorSub, actorName, now) exists with RequireStatus(Deferred) and has ZERO production callers, while Topic.Defer IS called at DeferTopic.cs:50 and writes RevisitOn, which GetTopicDetail.cs:44 then projects into the detail DTO. So the product displays a revisit date it cannot act on. Flips to Met when FR-161 ships — including the UI affordance clause, which exists because DW-015 proved a backend-only transition leaves the user-facing loop broken with every backend test green.",agent,inspection,540bf10,1,2026-08-17T14:45:28Z,,
AV-183,AC-111,Pending,"NOT BUILT — recorded Pending deliberately; this is DEF-085's discharging criterion. Measured state at 540bf10: CommitteeMember.Reactivate() exists and has ZERO production callers; there is no ReactivateMember feature under Membership.Application/Features and no reactivate route in MembershipEndpoints.cs; and MemberInvitation.InviteAsync:50 throws on any existing email regardless of status, via both InviteUser.cs:68 and GuestProvisioner.cs:47. Flips to Met only when BOTH clauses are proven — and the second one needs a real sign-in after reactivation, because PrincipalRevalidator.cs:55 refuses an expired window independently of Status, so a Status-only fix would satisfy a weaker test while leaving the member locked out.",agent,inspection,540bf10,1,2026-08-17T14:45:28Z,,
AV-184,AC-112,Pending,"NOT BUILT — recorded Pending deliberately. This criterion is written against the EXISTING FR-045 (Approved, traced WBS-5.7 + TEST-018) which had no acceptance criterion at all. Measured state at 540bf10: Topic.Reopen(justification, actorSub, actorName, now) exists with RequireStatus(Rejected, Closed) and RequireReason, and has ZERO production callers. ⚠ Its Closed branch is not merely unwired but UNREACHABLE today, since nothing calls Topic.Close — so this criterion cannot be fully met before FR-160 lands, and the two must be verified together rather than separately.",agent,inspection,540bf10,1,2026-08-17T14:45:28Z,,
AV-185,AC-109,Met,"MET on the merged build d71dc30 (PR #289), CI run 32057407449 green. CLAUSE 1 (the transition): TopicLifecycleExitTests.Close_moves_a_decided_topic_to_closed_and_audits_it drives a topic through the REAL transition chain to Decided, closes it via CloseTopicHandler, and asserts status Closed, a history row with ToStatus=Closed, and exactly one Topics.TopicClosed audit emit. CLAUSE 2 (the refusal): Close_is_refused_from_a_status_other_than_decided asserts the throw AND that the status is unchanged - the guard is exercised rather than assumed. LIVE LEG: TopicApiTests.Secretary_closes_a_decided_topic_returns_204 exercises the route, Policies.TopicTriage and the handler through the real pipeline. ⚠ STATED RATHER THAN HIDDEN: the API test seeds the topic at Decided via AcmpWebApplicationFactory.SeedDecidedTopicAsync, because Decided is NOT reachable over HTTP - TopicDecisionRecorder.MarkDecidedAsync silently returns unless the topic is already InCommittee, which needs the whole meetings flow. The seeder walks the REAL aggregate transitions in order rather than writing a status column, so a changed guard makes it throw instead of producing an impossible row.",ci,auto-test,d71dc30,1,2026-08-17T19:07:28Z,,
AV-186,AC-110,Met,"MET on d71dc30 (PR #289), CI run 32057407449 (backend) + frontend job green. TRANSITION: TopicLifecycleExitTests.Reactivate_returns_a_deferred_topic_to_triage_and_keeps_its_revisit_date asserts status Triage, RevisitOn PRESERVED (the deferral record is immutable, FR-044) and the original reason still in history. REFUSAL: Reactivate_is_refused_when_the_topic_is_not_deferred. LIVE LEG: TopicApiTests.Secretary_returns_a_deferred_topic_to_triage_returns_204 runs submit -> accept -> defer -> reactivate over HTTP and reads the status back. UI CLAUSE - THE ONE THIS AC EXISTS FOR: TopicDetail.test.tsx proves the 'Return to triage' button renders on a Deferred topic, calls the mutation with the topic id, and is ABSENT on a Scheduled topic; api/topics.test.ts proves useReactivateTopic POSTs /topics/{id}/reactivate and invalidates backlog + detail. ⚠ WHAT IS NOT CLAIMED, and it is deliberate: the affordance is proven to EXIST and WORK at the DOM level, NOT to look right. JSDOM does not render, and this build was not opened in a browser, so visual fidelity against the topic-detail design reference (INV-014) is UNVERIFIED. The AC's clause asks for reachability and that is met; the visual check is recorded as outstanding rather than folded into this verdict.",ci,auto-test,d71dc30,1,2026-08-17T19:07:28Z,,
AV-187,AC-111,Met,"MET on d71dc30 (PR #289), CI run 32057407449 green - this is DEF-085's discharging criterion. CLAUSE 1 (admin path): ReactivateMemberTests.An_admin_deactivated_member_is_restored_to_active_and_audited disables through the REAL DeactivateMemberHandler rather than poking Status, then asserts Active plus one Membership.MemberReactivated emit. CLAUSE 2 (the load-bearing one - the guest can actually sign in again): A_guest_the_sweep_disabled_comes_back_with_the_expired_window_CLEARED runs the REAL ExpireGuestAccessHandler to disable the guest exactly as production does, reactivates, then asserts AccessExpiresAt is null AND HasExpired(now) is false - so the member is not merely Active but is no longer refused by the ADR-0039 revalidation, which is the Active-but-refused trap the clause was written against. KEYCLOAK LEG: Reactivation_re_enables_the_keycloak_account_the_sweep_disabled asserts EnableUserAsync was CALLED (SC-017's fifth write), positively rather than inferred from local state - the local row looks identical either way and cannot tell you whether the login works. ALSO PROVEN: re-windowing a guest instead of clearing (A_guest_can_be_re_windowed_for_another_meeting), operation with NO identity provider configured (the IEnumerable<IIdentityProvider> DI shape, asserted not trusted), unknown-member 404, Administrator-only. LIVE LEG: MembershipApiTests.Administrator_can_reactivate_a_deactivated_member deactivates then reactivates over HTTP and RE-READS the directory rather than trusting the 204, plus a 403 theory for non-admin roles.",ci,auto-test,d71dc30,1,2026-08-17T19:07:28Z,,
AV-188,AC-112,Met,"MET on d71dc30 (PR #289), CI run 32057407449 green - and FR-045 finally has both an implementation and an acceptance criterion, having been Approved and traced to WBS-5.7 + TEST-018 since the original plan with neither. REJECTED BRANCH: TopicLifecycleExitTests.Reopen_returns_a_rejected_topic_to_the_triage_workflow_with_its_justification asserts status Reopened and the justification present in the immutable history. CLOSED BRANCH: Reopen_also_accepts_a_closed_topic... drives a topic to Decided, closes it via the real transition, then reopens - a branch that was UNREACHABLE BY CONSTRUCTION until FR-160 landed, which is why the two shipped together and why the AC names both source statuses. MANDATORY REASON: a Theory over empty and whitespace-only justifications proves the validator refuses, matching FR-044's rule for rejection and deferral; the UI enforces it too (TopicDetail.test.tsx: the confirm button is DISABLED until a reason is typed, then enabled, then submits the trimmed reason). LIVE LEG: TopicApiTests.Secretary_reopens_a_rejected_topic_returns_204 runs submit -> reject -> reopen over HTTP and reads the status back as Reopened.",ci,auto-test,d71dc30,1,2026-08-17T19:07:28Z,,
AV-189,AC-113,Pending,"Code complete on branch feat/fr-030-topic-conversion (commits e0a53ea, c8b7d63, 7dbfcc3) and green on every local gate, but NOT yet merged and NOT yet exercised against a real database or a running environment. Recorded Pending rather than Met because the verdict is about the shipped state, and because two legs of this AC are structurally unprovable by the suites that currently cover it: (1) every automated leg runs on EF InMemory - Acmp.Application.Tests and Acmp.Api.Tests both use it, and DEF-066 is the precedent where stream assignment had NEVER worked on SQL Server while four suites were green; (2) the ConvertedTo edge is asserted against a SUBSTITUTED ITraceabilityWriter in the handler test, and the API test factory gives Topics and Traceability SEPARATE InMemory databases, so no automated test yet proves a real relationship row is written. What IS proven locally: backend 1788 tests incl. 10 new handler tests + 4 validator tests + 2 API tests, coverage 99.57% per-file, dotnet format clean; frontend 1237 tests, per-file coverage gate green, i18n parity 1894 keys; the reason guard mutation-proven (removing RequireReason compiles and fails Convert_without_a_reason_is_refused in both cases); the AggregateReachabilityTests allowlist entry for Convert/3 DELETED and the architecture suite green over the new Convert/4; and a browser visual check in both locales that found and fixed a real spacing defect. Upgrade to Met after merge with green CI.",agent,auto-test,7dbfcc3,1,2026-08-18T14:34:58Z,,
AV-190,AC-113,Met,"Merged to main as bcc3d00 (PR #293) and b065a29 (PR #294), CI fully green on both: backend, frontend, compose, e2e, sast, sbom, secrets, trivy-fs, trivy-image. UPGRADED FROM Pending BECAUSE THE GAP THE PENDING VERDICT NAMED WAS CLOSED, NOT BECAUSE THE DEADLINE MOVED. AV-189 recorded that the ConvertedTo edge was asserted only against a SUBSTITUTED ITraceabilityWriter, so every test proved the handler CALLED the port and nothing more - the edge FR-030 demands could have been absent and all of them would still pass. PR #294 asserts the edge as a ROW in the Traceability module's own DbContext (resolved from the factory's services, since Topics and Traceability get SEPARATE InMemory databases), checking it is ConvertedTo, Topic->Topic, active, and directed original->successor. MUTATION-PROVEN: removing the RecordEdgeAsync call COMPILES and fails exactly Secretary_converts_a_decided_topic_returns_201_with_the_successor. EVIDENCE PER CLAUSE. Original retired to Converted with the reason on its history: TopicLifecycleTests.Convert_records_the_reason_on_the_history_row + ConvertTopicTests.Convert_records_the_reason_on_the_originals_history. Successor created of the target type in Submitted: Convert_retires_the_original_and_creates_a_successor_of_the_target_type + the API test reading it back over HTTP. Carry-over: Convert_carries_comments_with_their_ORIGINAL_author_and_timestamp (author sub, name AND PostedAt asserted - nothing re-attributed), Convert_carries_attachments_pointing_at_the_SAME_stored_object (identical StorageKey - no MinIO duplication), Convert_carries_scope_streams_systems_tags_and_urgency. Typed link: the PR #294 row assertion above. Audit: Convert_audits_against_the_original asserts Topics.TopicConverted emitted against the original's id. REFUSALS, each proven by FORCING it and each asserting the topic is NOT retired: Convert_is_refused_from_a_status_other_than_decided (also asserts no orphan successor and no edge written), Convert_to_the_type_it_already_is_is_refused, Convert_without_a_reason_is_refused (Theory over empty and whitespace, mutation-proven against RequireReason), plus Convert_without_a_reason_returns_400 over HTTP proving the validator catches it BEFORE the aggregate throws (400, not 500). Reachability: the Topic::Convert/3 allowlist entry is DELETED and Acmp.Architecture.Tests is green over the new Convert/4, which is the proof it is genuinely reachable from production code. Gates at merge: backend 1788 tests, coverage 99.57% per-file, dotnet format clean; frontend 1237 tests, per-file coverage gate green, i18n parity 1894 keys EN+AR. Visual: verified in a browser at 1280x900 in both locales with dir on <html>, which found and fixed a real spacing defect (missing .field wrappers) that no green suite could see.",agent,auto-test,b065a29,1,2026-08-18T15:07:18Z,,
AV-191,AC-114,Partial,"PARTIAL, NOT PENDING, AND THE DISTINCTION IS THE POINT: the control itself is built, merged-ready and mutation-proven, while one named clause of the AC - egress redaction - is NOT built at all. Recording Met would be false; recording Pending would understate work that is finished and evidenced. WHAT IS DONE, on branch feat/sl-030-confidentiality (491adc6, 679645e, a9fd102, 6df8bc5, 8d1fa65, 0f87188, ecfd63f, 59dcf81): Topic.IsRestricted + Restrict/Declassify, deliberately EXEMPT from EnsureMutable so an archived sensitive topic is not permanently undeclassifiable - MUTATION-PROVEN, adding EnsureMutable() back compiles and fails all three terminal-status cases. ConfidentialityRequirement registered on Policies.TopicEdit ONLY; TopicTriage excluded because it is applied at endpoint level with no resource and would deny everyone including the Chairman (DEF-068), asserted directly by The_handler_is_never_invoked_without_a_matching_resource_so_the_policy_refuses. The read predicate across GetBacklog (one lever covering backlog, kanban, agenda pool, dashboards, reports), GetTopicDetail (404 not 403 - it carried ZERO authorization before this), TopicSearchProvider (composed BEFORE .Take so paging cannot silently shrink), TopicReader x3 including the guest /session brief, and TopicStreamReader. MoveTopicPriority deliberately NOT filtered, with the reason recorded in code: BacklogPrioritize is Chairman/Secretary only, both committee-wide readers, so filtering would corrupt the column for the people entitled to see it. BOTH HALVES MUTATION-PROVEN SEPARATELY: removing the query predicate fails 2 tests; making CanSee always-true fails 9. An agreement test asserts the SQL predicate and the in-memory check give identical answers over one table of cases, so they cannot drift into 'filtered from the list but readable by key'. Administrator is asserted as NARROWED in both suites - it is not in the written control and widening is the one drift this must not take. End-to-end over HTTP: a Member is refused the classify endpoint even on their own topic (DEC-063 d2), and a non-grantee gets an empty backlog with total 0 plus 404 by key while the Secretary still sees it. SPA badge (icon AND text, never colour alone) and a segmented classify control; the visual check found THREE real defects no green suite could see - a standalone .sub-card collapsing to 43px in RTL, an icon forcing the label onto a second line, and aria-pressed being OMITTED entirely when the value was undefined. Gates: backend 1839 tests / 99.58% per-file coverage / dotnet format clean; frontend 1241 tests / coverage gate green / tsc clean; i18n parity 1899 keys EN+AR. WHAT IS NOT DONE, and is the whole reason this is Partial: NO egress redaction. AgendaItem.TopicKey/TopicTitle are frozen into the Meetings schema at agenda-build time, Relationship.SourceTitle/TargetTitle are frozen into Traceability, and notification bodies are persisted at publish time - so a Restricted topic placed on an agenda STILL LEAKS ITS TITLE to every member reading that meeting. Until that lands, the control protects the Topics module's own surfaces and nothing downstream.",agent,auto-test,59dcf81,1,2026-08-18T20:52:30Z,,
AV-192,AC-114,Met,"READ SIDE (built before this session, re-verified): TopicVisibilityTests (roles incl. Administrator excluded; CanSee/VisibleTo asserted against ONE table of cases so the two halves cannot drift); GetTopicDetail returns null->404 not 403. CLASSIFY SIDE: SetTopicConfidentialityTests (Chairman/Secretary only, audited per action, no-op writes no row) and TopicConfidentialityTests incl. A_terminal_topic_can_still_be_restricted_and_declassified as a Theory over the terminal statuses - that is the AC's Decided/Closed/Converted clause. EGRESS (this session): ConfidentialEgressTests, 11 cases, plus 5 port cases in TopicVisibilityTests. Agenda items MASKED IN PLACE (key/title emptied, urgent cleared, slot/order/timebox/total preserved, TopicId retained because the SPA keys rows by it and no read-by-guid route exists); relationship and dependency edges DROPPED, filtered on BOTH endpoints so a hidden focus is response-identical to a nonexistent id - asserted as equality, not as two separate emptiness checks. Register totals narrowed (the AC's 'absent from their totals'). MUTATION EVIDENCE, mutant compilation confirmed each time: agenda masking disabled -> Agenda_item_for_a_restricted_topic_goes_out_with_no_key_and_no_title; DependencyVisibility neutered -> all 4 dependency cases; traceability filter neutered -> 2 cases; port subtraction removed -> A_grantee_is_not_hidden_from_their_own_restricted_topic + The_hidden_set_is_exactly_the_complement_of_VisibleTo; SPA fallback removed -> both MeetingWorkspace cases incl. the accessible-name one. SQL SERVER: ConfidentialEgressSqlTests, 4 cases on a real container - proved to EXECUTE rather than pass hollowly by neutering DependencyVisibility and watching the register case fail (18s wall = container boot, vs xUnit's reported 358ms). VISUAL (method: inspection, called out because the row above says auto-test): AgendaPreview rendered over http in a throwaway harness importing only main.tsx's stylesheets, EN and RTL with dir on <html>; the redacted row keeps its slot and reads 'Restricted topic' / 'mawdu muqayyad', siblings untouched, total still 3 items / 50 min. GATES: dotnet build clean, 1861 backend tests green, coverage 99.58% global + per-file gate pass; npm run build now exits 0 (it had failed since ecfd63f - DEF-091), 1243 web tests, i18n parity 1901 keys, oxlint clean. SCOPE NOTES, stated plainly: (1) notification bodies are NOT redacted because they carry NO topic title - TopicNotifications interpolates only the KEY and every recipient set is the Secretary roster or the submitter; that is ANALYSIS from reading the source and its call sites, NOT a measurement, and it corrects prm-next.md SS2. (2) The Dependencies module was NOT enumerated by this AC and was fixed anyway under the criterion's leading clause and its reports clause - DEF-090. (3) Meeting Discussion bodies were considered and ruled out of class (authored in Meetings, not copied out of the topic); also ANALYSIS.",agent,auto-test,09f9e7f,1,2026-08-18T22:26:21Z,,
AV-193,AC-115,Met,"tests/Acmp.Api.Tests/EndpointAuthorizationCoverageTests.cs, 3 cases, all passing. Every_endpoint_except_health_and_the_oauth_callback_requires_authorization enumerates EndpointDataSource and asserts the unprotected set is EMPTY after excluding the five anonymous-by-design routes. The_enumeration_sees_a_real_routing_table asserts >50 endpoints and >40 under /api BEFORE any conclusion is drawn from an absence - without it the coverage assertion would pass vacuously over an empty set, which is the DEF-078 / gitleaks-allowlist failure shape. Each_anonymous_by_design_route_actually_exists stops the allowlist rotting into an excuse. MUTATION-PROVEN: removing RequireAuthorization() from the actions group compiles, and the coverage case fails NAMING /api/actions/ and /api/actions/{key} - it detects AND tells. FOUND ON FIRST RUN, and reported honestly: two endpoints had no authorization metadata, /api/webex/webhook and /api/webex/oauth/start. Reading both showed real compensating controls (HMAC WebexSignatureFilter before the handler with a 5-minute replay guard; an operator-only setup key compared with CryptographicOperations.FixedTimeEquals, failing closed to 404), so the defect was in MY allowlist and not in the product - no DEF- row was warranted and none was manufactured. The pre-existing RealJwtAuthTests remains the evidence for the 401 behaviour itself; this AC covers the set-wide target it cannot reach.",agent,auto-test,e3232d5,1,2026-08-19T00:57:26Z,,
AV-194,AC-116,Met,"tests/Acmp.Application.Tests/Audit/AuditEventEnrichmentTests.cs :: Enriched_row_captures_the_full_field_set_and_is_v2, passing (4/4 in that class). It now asserts all EIGHT fields FR-151 names - SubjectType, SubjectId, Action, ActorUserId, OccurredAt, BeforeJson, AfterJson, CorrelationId - plus OccurredAt.Offset == TimeSpan.Zero for the UTC clause, plus e.Hash == e.Recompute() for internal consistency, plus the legacy v1 mirror columns. THE TIMESTAMP ASSERTION IS NEW IN THIS BATCH: the case previously asserted seven of the eight named fields, and writing the AC around the seven that happened to be tested would have been precisely the hollow verdict DW-029 exists to eliminate. Chain and tamper coverage sit alongside it in the same class (Chain_verifies_across_a_v1_to_v2_boundary, Verifier_flags_tampering_of_an_enriched_field) and are cited as context, not claimed as this AC's evidence.",agent,auto-test,e3232d5,1,2026-08-19T00:57:26Z,,
AV-195,AC-117,Met,"Two controls, one per clause of NFR-036, both pre-existing and both re-run green in this session's full web suite (1243 tests). CLAUSE 1 - src/Acmp.Web/src/i18n/direction.test.ts: applyDirection('ar') sets dir=rtl and lang=ar on document.documentElement, and applyDirection('en') reverses it to ltr/en, so the control does not latch. It is set on the DOCUMENT ELEMENT, which matters because a portaled dialog escapes a wrapper div and would otherwise read LTR inside an RTL page. CLAUSE 2 - src/Acmp.Web/src/test/rtl-physical-direction.test.ts enforces the logical-properties target. INDEPENDENTLY MEASURED rather than taken on trust: a direct scan of styles/*.css and features/*/*.css for (padding|margin|border)-(left|right) returns 0 declarations, so the requirement's literal 'Target: 0' is met rather than approximately met. SUPPORTING, NOT LOAD-BEARING: this session also rendered a real RTL page over http (Arabic agenda, dir on <html>) during SL-030's visual check and the mirroring was correct - that is inspection, not auto-test, and it is named separately so the two are not conflated. NOTED, NOT FIXED: direction.test.ts's header cites AC-040, which is Superseded and belongs to FR-004 - a stale comment, and the reason NFR-036 genuinely had no active AC.",agent,auto-test,e3232d5,1,2026-08-19T00:57:26Z,,
AV-196,AC-118,Met,"Three pre-existing tests cover the criterion clause by clause, all green in this session's runs (AdrHandlerTests + AdrTests within 1123 Application and 269 Domain tests). LINKS + FREEZE + PRESERVATION + AUDIT: AdrHandlerTests.Supersede_authors_a_new_approved_adr_and_freezes_the_prior_with_both_links - successor is Approved, prior.Status == Superseded, prior.SupersededByAdrId == successor.Id, the prior is re-read from the store afterwards (so it was preserved, not deleted), the detail read resolves SupersededByAdrKey in both directions, and both Governance.AdrApproved and Governance.AdrSuperseded are asserted as separate audit events. IMMUTABILITY, PROVEN BY FORCING THE REFUSAL: AdrTests.UpdateDraft_replaces_content_and_options_only_while_draft - Adr.UpdateDraft calls RequireStatus(AdrStatus.Draft), and the domain source comments that guard with 'an Approved ADR is immutable (FR-101)'. FROM-APPROVED GUARD: AdrTests.Supersede_freezes_the_prior_with_a_backlink_and_only_from_approved. NO NEW CODE WAS NEEDED and that is worth stating plainly: FR-101 is the first requirement in this programme that was already fully covered. The AC was written from the requirement text first and the coverage checked against it afterwards, not assembled from whatever the tests happened to assert.",agent,auto-test,7fc4600,1,2026-08-19T08:15:43Z,,
AV-197,AC-119,Met,"tests/Acmp.Application.Tests/Actions/ActionHandlerTests.cs, green (1123/1123 in that project). MANDATORY BILINGUAL REASON: Cancel_validator_requires_a_bilingual_reason - pre-existing, forces the refusal. PRESERVATION AND REASON SURVIVAL: Cancel_handler_moves_to_cancelled, STRENGTHENED IN THIS BATCH. It previously asserted only Status == 'Cancelled' through a null-forgiving dereference, which meant a delete would have surfaced as a NullReferenceException rather than as a named failure - real signal, but accidental - and the reason's survival was not asserted at all. It now asserts the read-back is explicitly NotNull with the reason 'a cancelled action is preserved, never deleted (FR-086)', and that CancelReason.En and CancelReason.Ar both round-trip. All three of FR-086's clauses are now asserted rather than two-and-a-side-effect.",agent,auto-test,7fc4600,1,2026-08-19T08:15:43Z,,
AV-198,AC-120,Met,"tests/Acmp.Api.Tests/BearerOnlyAuthenticationTests.cs, 3 cases, all passing within 363 API tests. No_cookie_based_authentication_scheme_is_registered enumerates IAuthenticationSchemeProvider and filters on CookieAuthenticationHandler being assignable from the scheme's HandlerType - typed on the handler, not the name. The_default_scheme_is_JWT_bearer pins the positive half, because an absence of cookie schemes is equally true of an app with no authentication. The_enumeration_sees_the_production_authentication_setup asserts the list is non-empty AND does not contain the test scheme. MUTATION-PROVEN: registering .AddCookie(""Legacy"") in the real AuthenticationExtensions compiles and is caught, with the failure naming Legacy - a custom-named cookie scheme is exactly the case a name-based check would miss. ⚠ REPORTED AGAINST MYSELF: the first draft of this suite ran on AcmpWebApplicationFactory, which REPLACES the real schemes with TestAuthHandler, so its cookie assertion inspected the harness and would have passed whatever production registered. It survived only because the default-scheme case failed loudly with 'Test' instead of 'Bearer'. Had I asserted only the absence, this verdict would have been hollow and nothing would have said so. ⚠ NOT CLAIMED: NFR-022's literal target is '0 CSRF vulnerabilities per OWASP ZAP scan'; no ZAP scan runs in CI and this verdict does not pretend to cover that clause. What is verified is the structural property that makes the vulnerability class inapplicable to a bearer-only API.",agent,auto-test,7fc4600,1,2026-08-19T08:15:43Z,,
AV-199,AC-121,Met,"ATTRIBUTION + AUDIT (auto-test): tests/Acmp.Application.Tests/Decisions/VoteHandlerTests.cs :: Cast_records_a_ballot_and_audits asserts audit.Received(1).EmitEnrichedAsync(""Decisions.BallotCast"", ...) AND reads the detail back to assert Ballots.Single(b => b.VoterUserId == ""kc-alice"").Choice == ""Approve"" - so the ballot is attributed in the read model, not merely in the write. Cast_twice_audits_the_denial_and_throws and ChangeBallot_overwrites_and_Recuse_excludes_the_voter cover the surrounding behaviour. BOTH RESULT HALVES (auto-test + read): the wire contract carries them - BallotDto(VoterUserId, VoterName, Choice, ...) for individual choices and VoteTallyDto(OptionCounts, AbstainCount, ...) for aggregates - and VotePage.tsx renders both, deriving a live tally while Open and using the frozen server tally once Closed. The DTO file's own header states the rule: 'Ballots are always attributed (ADR-0010 - no anonymity): each row carries the voter + their choice.' NO ANONYMIZATION PATHWAY - ⚠ THIS CLAUSE IS ANALYSIS, NOT MEASUREMENT, and is labelled so deliberately. Ballot.VoterUserId is a non-nullable string with a private setter, assigned once in the factory; the domain exposes no operation that detaches a ballot from its voter. That is established by READING the type, not by running a test, and no test asserts the absence - an absence needs an instrument and none natural exists here. I judge the structural guarantee stronger than a test would be, but it is not evidence of the same kind and the distinction is recorded rather than blurred. CONTRAST WORTH KEEPING: the visibility clause here does NOT diverge the way NFR-025's did in the previous batch, because NFR-029's second clause ('the results view displays both individual choices and aggregate totals') makes wider visibility consistent with the requirement rather than a breach of it.",agent,auto-test,8cc0e80,1,2026-08-19T08:22:06Z,,
AV-200,AC-122,Met,"ROLE GATE (tests/Acmp.Api.Tests/MeetingRecordingApiTests.cs): Recording_url_200_for_an_authorized_role is a Theory over Chairman, Secretary and Auditor, all 200; Recording_url_is_refused_for_an_unauthorized_role is a Theory over Member, Reviewer and Submitter, all 403. AUDIT ON READ (tests/Acmp.Application.Tests/Meetings/MeetingRecordingTests.cs): Minting_a_playback_url_writes_an_access_audit_row asserts audit.Received(1).EmitEnrichedAsync(""Meetings.RecordingAccessed"", ""Meeting"", <meeting id>, ...); A_meeting_with_no_recording_writes_no_access_audit_row asserts DidNotReceive on the 404 path, so the row means a capability was handed out rather than that someone asked. MUTATION-PROVEN, each mutant confirmed to COMPILE before its run: reopening AllowedRoles to Array.Empty<string>() fails all three refusal cases and the failure names Member, Reviewer and Submitter individually; deleting the EmitEnrichedAsync call fails Minting_a_playback_url_writes_an_access_audit_row. ⚠ TWO PRE-EXISTING TESTS ASSERTED THE OLD BEHAVIOUR AND WERE CHANGED, which is disclosed rather than buried: one read 'any member can fetch the presigned playback URL' and passed a Member - the DEF-094 divergence encoded as intent - and the other exercised the 404 path as a Member, which now returns 403 because authorization is decided before existence, so it asks as a Secretary and still tests the 404. Changing a test to match a requirement is only legitimate because the OPERATOR chose to build the requirement as written rather than reword it (DEC-064 disposition of DEF-094); had that gone the other way this AC would have recorded Not-met. GATES: dotnet format --verify-no-changes clean; 1874 backend tests green (269 Domain, 52 Architecture, 1125 Application, 60 Integration with 2 skipped, 368 API). ⚠ The Integration suite failed once on DockerUnavailableException mid-run and passed in full on retry - an environment flap, not a code failure, and it is named here rather than quietly re-run.",agent,auto-test,933268c,1,2026-08-19T12:35:58Z,,
AV-201,AC-123,Met,"tests/Acmp.Integration.Tests/AuditImmutabilityDbPermissionTests.cs, 2 cases, green in this session's full run (60 passed / 2 skipped on a real SQL Server container). Acmp_app_role_may_append_and_read_audit_but_not_update_or_delete proves the positive and negative halves together - INSERT and SELECT succeed, UPDATE and DELETE are refused BY THE DATABASE. Least_priv_svc_login_with_datawriter_is_still_denied_audit_mutation is the one that makes the control meaningful: a login holding db_datawriter, which can write every other table in the schema, is STILL denied audit mutation, so the refusal is a grant on the audit table specifically and not an artifact of a generally weak login. ⚠ THIS SUITE CANNOT RUN ON THE InMemory PROVIDER AT ALL - permissions are a database concept - so DEF-066's lesson applies in reverse here: this is one of the few controls that could only ever have been proven on real SQL Server, and it is. NOTE THE VERDICT IS AGAINST A STRONGER PROPERTY THAN THE REQUIREMENT ASKS: NFR-040's literal words are about application code containing no UPDATE/DELETE statements, which a grep could satisfy and a later commit could quietly break; what is proven is that the database refuses the mutation regardless of what the code attempts.",agent,auto-test,1960126,1,2026-08-19T12:41:53Z,,
AV-202,AC-124,Met,"tests/Acmp.Integration.Tests/AuditAtomicityTests.cs, 6 cases, green on a real SQL Server container. BOTH DIRECTIONS OF THE SAME-TRANSACTION CLAUSE: CastBallot_commits_both_the_ballot_and_its_audit_row (they land together) and Audit_append_failure_rolls_the_ballot_back (the audit failing UNDOES the state change). The second is the load-bearing one - without it an implementation that wrote the audit row best-effort outside the transaction would pass the happy path while violating NFR-042 in precisely the situation the requirement exists for. REFUSALS ARE AUDITED TOO: Double_cast_denial_audit_survives_the_thrown_command, so the log records attempts and not only successes. CONCURRENCY: Concurrent_commands_all_commit_without_forking_the_audit_chain and Concurrent_denials_all_record_their_audit_via_the_retry_without_forking_the_chain - included in the criterion rather than treated as separate hardening, because a chain that forks under load stops being verifiable even while each individual command satisfies the same-transaction rule. ENRICHED STATE: CloseVote_persists_a_populated_before_after_on_the_enriched_row, which is the DEF-056 shape - a before/after that is present but NULL would pass a weaker assertion. ⚠ SCOPE STATED HONESTLY: these cases exercise the VOTE commands specifically. NFR-042 says 'every state transition on a governed entity', and the mechanism under test is the shared AuditCaptureInterceptor and the shared transaction scope rather than anything vote-specific, so the guarantee is structural; but no test enumerates every governed entity, and this verdict does not claim one does.",agent,auto-test,1960126,1,2026-08-19T12:41:53Z,,
AV-203,AC-125,Met,"tests/Acmp.Architecture.Tests/ModuleBoundaryTests.cs, part of 52 green Architecture tests. THIRTEEN per-module boundary assertions, one for each module that exists: Topics_should_not_depend_on_Membership, Membership_should_not_depend_on_Topics, and *_should_not_depend_on_other_modules for Meetings, Decisions, Actions, Risks, Traceability, Dependencies, Governance, Research, Knowledge, Notifications and Webex. LAYERING: Domain_should_not_depend_on_EntityFrameworkCore, Domain_should_not_depend_on_Application_or_Infrastructure, Application_should_not_depend_on_Infrastructure. The assertions run over COMPILED ASSEMBLIES resolved from real types, so a violation fails the build rather than waiting for review - which is what makes ADR-0001 survive a hurry. COMPLETENESS CHECKED RATHER THAN ASSUMED: I listed src/Modules (13 directories: Actions, Decisions, Dependencies, Governance, Integrations, Knowledge, Meetings, Membership, Notifications, Research, Risks, Topics, Traceability) and matched each against a named test; Webex is Integrations/Webex. ⚠ NFR-047 NAMES SIXTEEN MODULES AND ONLY THIRTEEN EXIST, which the AC states explicitly rather than glossing: Diagrams is absent because Tarseem is deferred indefinitely (DEC-028/DW-011), Reporting is an SPA-side composition over existing APIs rather than a backend module, and Audit&Records plus Platform live in the shared kernel that every module may reference by construction - a boundary assertion against those would assert nothing.",agent,auto-test,1960126,1,2026-08-19T12:41:53Z,,
AV-204,AC-126,Met,"⚠ METHOD IS INSPECTION, NOT AUTO-TEST, and the distinction is real: this is a CI-configuration control, so what I verified is the workflow and the allowlist as committed, not a test asserting them. .github/workflows/security.yml runs gitleaks v8.21.2 with --config=/repo/.gitleaks.toml --redact --verbose --exit-code=1, so a finding FAILS the job rather than annotating it, and the checkout uses fetch-depth: 0 so the scan covers FULL HISTORY - a secret committed and later deleted is still a leaked secret. THE CLAUSE THAT EARNS ITS PLACE: .gitleaks.toml's own comments record DEF-081, that the allowlist USED to contain a '.*\.md' path entry exempting EVERY markdown file, and that the gating full-history scan passed over 153 commits with real finding sites sitting in .md files. That entry is gone; the current allowlist is per-path with reasons. The AC therefore asserts the SHAPE of the allowlist and not merely that the job is green, because a green scan with a hole that size is worse than no scan - the DEF-078 family. ⚠ NOT CLAIMED: I did not execute gitleaks in this session, and I did not audit every allowlist entry's justification individually. The verdict rests on the gate being configured to block, to cover full history, and to no longer exempt a whole file type.",agent,inspection,1960126,1,2026-08-19T12:45:27Z,,
AV-205,AC-127,Met,"MEASURED THIS SESSION, not merely configured: scripts/check-coverage.mjs ran against a real coverage collection and reported '455 files, global line coverage 99.58% (target 95%)' with exit code 0, and ci.yml runs the same command as a gating step ('Coverage gate (ADR-0016 >=95% lines, global + per-file)'). THE PER-FILE RULE IS THE LOAD-BEARING PART and is why the script exists at all - its own header records that coverlet's threshold is per-ASSEMBLY only, so a global average can sit above 95% while one new domain file has none. THRESHOLD EXCEEDS THE REQUIREMENT: NFR-048 asks for >=80% on domain logic; the gate enforces 95% (THRESHOLD = argv[3] ?? 95) across every measured file. ⚠ SCOPE STATED HONESTLY: the gate measures the whole solution rather than a domain-only subset, so it clears NFR-048's floor by a WIDER rule than the requirement words; I did not compute a domain-assembly-only figure, and the verdict does not claim one.",agent,auto-test,1960126,1,2026-08-19T12:45:27Z,,
AV-206,AC-128,Met,"⚠ METHOD IS INSPECTION for the gate configuration, with two clauses MEASURED. MEASURED: every npm dependency is bounded - 33 dependencies and devDependencies checked programmatically for '*', 'latest' or a bare '>' specifier, NONE found; and no .csproj PackageReference carries a wildcard version, checked by grepping every Version=""..."" across src and tests for '*', NONE found. INSPECTED: ci.yml gates High/Critical advisories in both ecosystems - 'Vulnerable packages gate (High/Critical block)' running scripts/check-vulns.mjs for .NET and 'Audit (High/Critical npm advisories; triaged allowlist)' running scripts/check-npm-audit.mjs for npm - and .github/dependabot.yml covers all four ecosystems (nuget, npm, docker, github-actions). ⚠ THE 48-HOUR CLAUSE IS NOT CLAIMED. NFR-051 says Dependabot 'shall be configured to alert on known CVEs within 48 hours'. That latency depends on GitHub's advisory feed, not on anything in this repository, and cannot be verified from it. What is verified is a stronger practical property: both gates run on every push and pull request and FAIL the build, so an advisory stops work at the next CI run rather than being announced within two days. Recording the requirement's intent as met by a faster mechanism, while stating plainly that its literal words are not independently measurable here, is the honest reading - claiming a measured 48-hour SLA would not have been.",agent,inspection,1960126,1,2026-08-19T12:45:27Z,,
AV-207,AC-129,Met,"Every clause is covered by a test that FORCES THE REFUSAL, which matters more here than for most requirements: a happy-path test proves you CAN write the record, never that you cannot rewrite it. VOTE: Vote_is_forward_only_and_immutable_after_close (domain) and Close_freezes_the_tally_and_records_the_counter / Close_freezes_the_tally_records_counter_and_audits (domain + handler) - the tally is frozen at close with the counter recorded, not recomputed on read. DECISION: Issued_decision_is_immutable_no_re_supersede refuses a second supersession of an already-issued decision, so the chain cannot be rewritten after the fact; Supersede_requires_an_issued_decision_and_records_the_backlink and Supersede_on_a_draft_prior_trips_the_domain_guard together show the correction path is available ONLY from Issued, so it cannot be used to bypass the lifecycle. CORRECTION BY SUPERSESSION: Supersede_issues_successor_then_supersedes_prior_with_backlink. All green within 269 Domain and 1125 Application tests this session. RELATED BUT NOT CLAIMED HERE: FR-065 and FR-066 already carry the same immutability property for decisions from the functional side and are separately Implemented; this AC is NFR-041's cross-cutting statement over both votes and decisions, and cites their tests rather than duplicating them.",agent,auto-test,1960126,1,2026-08-19T12:48:40Z,,
AV-208,AC-130,Met,"BOTH gates run in ci.yml's frontend job and both were executed this session. EXTERNALIZATION: scripts/check-i18n.mjs reported 'i18n parity OK (1901 keys)' with exit 0. NO HARDCODED STRINGS: scripts/check-hardcoded-strings.mjs, new in this batch, reports 0 findings across the component tree. MUTATION-PROVEN, exit codes read BARE rather than after a pipe (trap 23b): the clean tree exits 0; injecting `<span>Delete this item</span>` into TopicDetail.tsx makes it exit 1 and name src/Acmp.Web/src/features/topics/TopicDetail.tsx:503 with the offending text; removing the probe returns it to 0. Proven from the CI job's own working-directory (src/Acmp.Web), not only from the repo root. ⚠ TWO SELF-INFLICTED BUGS ARE REPORTED HERE BECAUSE BOTH WOULD HAVE PRODUCED A FALSE GREEN. (1) The first scanner MEASURED ITSELF: a naive `>([^<>{}]*)<` matches through TypeScript comparison code, so `day >= 1 && dayNum <` read as a text node - it reported five findings and all five were that bug, not hardcoded strings. Fixed with lookarounds requiring the `>` to close a tag and the `<` to open one. (2) ROOT was cwd-relative, and the CI frontend job runs from src/Acmp.Web where it resolves to src/Acmp.Web/src/Acmp.Web/src - caught ONLY by running the script the way CI runs it. ROOT now resolves from the script's own location, and the script refuses to report a clean tree over fewer than 50 components, so it cannot pass by scanning nothing (LL-007 as a guard rather than a comment). ⚠ NOT CLAIMED: the scanner reads JSX TEXT NODES only. Display text passed as an ATTRIBUTE - aria-label, title, placeholder - is user-visible and is NOT yet gated; that gap is stated in the AC rather than papered over, and needs a different matcher since attribute position alone cannot separate display text from test ids and roles.",agent,auto-test,fa6a52a,1,2026-08-19T15:49:19Z,,
AV-209,AC-131,Met,"ALL THREE CLAUSES VERIFIED SEPARATELY, none inferred from another. CLAUSE 1 - server-side validation. Census over src/ with a widened instrument: 116 types whose name ends in Command, 78 of them the target of an AbstractValidator<T> bound through ValidationBehavior (registered once in SharedKernelExtensions.cs:82 as an open-generic IPipelineBehavior). 38 carry no validator. 34 of those take only identifiers - a Guid is bound by type and existence-checked by the handler, which throws KeyNotFoundException and surfaces as 404. THE 4 THAT CARRY SCALAR INPUT WERE EACH READ, NOT ASSUMED, and every one is guarded in the domain instead: SetAgendaItemTimeboxCommand(int Minutes) reaches AgendaItem.SetTimebox which is Clamp(MinTimebox=5, MaxTimebox=120); MoveAgendaItemCommand(int Delta) reaches Agenda.MoveItem which bounds-checks target < 0 || target >= ordered.Count and returns; RecordActualTimeCommand(int ActualMinutes) reaches RecordActualMinutes which floors negatives at 0; DeleteRecordingCommand(string MeetingKey) uses the string only as an EF LINQ equality predicate, and a miss throws KeyNotFoundException. CLAUSE 2 - no concatenated SQL. FromSqlRaw, ExecuteSqlRaw, FromSqlInterpolated, ExecuteSqlInterpolated and SqlQuery appear NOWHERE in src/. Exactly one DbCommand.CommandText exists in the whole of src/, at BuildingBlocks/Acmp.Shared/Infrastructure/Persistence/AmbientTransaction.cs:56 - a compile-time constant sp_getapplock call with no interpolation and no user-reachable parameter. Full-text search uses EF.Functions, which parameterizes. CLAUSE 3 - the SAST scan. .github/workflows/security.yml job 'sast' runs semgrep scan --config p/csharp --config p/javascript --config p/security-audit --error --severity ERROR, GATING (--error), on every push and PR to main. .semgrepignore excludes only generated or vendored paths (Migrations, bin, obj, node_modules, dist, coverage-out, TestResults), so hand-written src/ and tests/ are in scope. ⚠ THE INSTRUMENT IS PROVEN TO FIRE ON THIS TREE RATHER THAN ASSUMED TO (LL-007): the csharp-sqli rule has actually reported on this codebase - 2 findings, both triaged - and I READ THE SUPPRESSED LINES rather than trusting the workflow's own comment about them. Both are tests/Acmp.Integration.Tests/AuditImmutabilityDbPermissionTests.cs:123 and :131, helpers that execute fixed literal DDL/DML to prove a database-level DENY; a table-permission probe cannot be parameterized. NO PRODUCTION CODE CARRIES A SUPPRESSION - a full sweep for nosemgrep across the repo returns only those two lines, the workflow comment, two archive notes, and the vendored design-system file under 'ACMP product context'. ⚠ NOT CLAIMED, AND IT MATTERS. Clause 1 is verified AS OF THIS COMMIT BY CENSUS, not enforced by a mechanical control. No architecture test asserts that a new command must carry either a validator or a domain guard, so a future command could ship with neither and no gate would notice - AuthorizationCoverageTests covers authorization, and there is no validation equivalent. This verdict certifies the property, not its durability. ⚠ ALSO NOT CLAIMED: the requirement's target names a SAST scan generically; semgrep OSS rulesets are the instrument in place, and no comparison against another scanner was made.",agent,inspection,463350e,1,2026-08-19T16:48:39Z,,
AV-210,AC-132,Met,"COUNTED PER WORKFLOW, NOT IN TOTAL, because the requirement's own arithmetic is 5 workflows x 2. Every test named below runs through the real HTTP pipeline via WebApplicationFactory<Program> (tests/Acmp.Api.Tests/AcmpWebApplicationFactory.cs), with authorization, model binding, the MediatR pipeline and the global exception handler all in play, and every one is executed by CI: .github/workflows/ci.yml line 50 runs `dotnet test acmp.sln -c Release`, which includes this project. (1) TOPIC INTAKE - happy: Submit_then_read_backlog_and_detail; failure: Submit_without_a_stream_returns_400, Submit_with_a_stream_outside_the_taxonomy_returns_400, Auditor_cannot_submit_403. (2) AGENDA CREATION - happy: Secretary_adds_an_item_then_publishes_the_agenda; failure: Member_cannot_publish_an_agenda_403. (3) MEETING AND MINUTES - happy: Secretary_schedules_then_reads_list_and_detail and Secretary_drafts_submits_approves_and_publishes; failure: Draft_with_empty_summary_returns_400, Draft_for_an_unknown_meeting_returns_404, Member_cannot_approve_minutes_403. (4) VOTE AND DECISION - happy: Full_vote_flow_configure_open_cast_close and Chairman_issues_a_recorded_decision; failure: Close_without_quorum_returns_409_and_stays_open, Cast_after_close_returns_409, Issue_followup_decision_without_a_downstream_link_returns_409_and_stays_draft. (5) ACTION LIFECYCLE - happy: Independent_verifier_completes_the_lifecycle; failure: Owner_cannot_verify_their_own_action_403, Verify_unknown_action_returns_404, Create_with_empty_title_returns_400. That is 6 happy-path and 15 failure-path named tests across the five workflows, against a floor of 10 total, and no workflow is missing either half. ⚠ NOT CLAIMED, AND STATED RATHER THAN PAPERED OVER: docs/validation/test-strategy.md line 10 describes API integration tests as running through WebApplicationFactory<Program> AGAINST A REAL SQL SERVER 2022 VIA TESTCONTAINERS. AcmpWebApplicationFactory does not do that - it substitutes UseInMemoryDatabase for every module context. NFR-049 as written names neither a provider nor a container, so this verdict is measured against the criterion and deliberately does NOT certify the strategy narrative's provider clause. This is the known condition that DEF-066 records, where a real-database refusal was invisible to four green suites; tests/Acmp.Integration.Tests is the project that runs against real SQL Server, and it covers infrastructure concerns rather than these workflows. ⚠ ALSO NOT CLAIMED: 'end-to-end' here means end-to-end through the API process. Browser-level end-to-end coverage of these workflows lives in the Playwright suite and was not examined for this verdict.",agent,auto-test,463350e,1,2026-08-19T16:48:39Z,,
AV-211,AC-133,Met,"ALL FOUR SPAN KINDS ARE NOW REGISTERED, and the one with no off-the-shelf instrumentation is proven by test. SOURCE, src/Acmp.Api/Program.cs: AddOpenTelemetry().WithTracing(t => t.AddAspNetCoreInstrumentation().AddSqlClientInstrumentation().AddSource(AcmpTelemetry.SourceName).AddHttpClientInstrumentation().AddOtlpExporter()) - one call per span kind NFR-043 names, in that order. Before this change the chain was AddAspNetCoreInstrumentation().AddOtlpExporter() and nothing else, so a trace showed only that a handler had been entered. src/Acmp.Worker/Program.cs gains its own WithTracing registration (SqlClient + the ACMP source + HttpClient); that host previously had NO OpenTelemetry registration and NO OpenTelemetry package reference at all, so the process that executes background jobs emitted nothing. Packages: OpenTelemetry.Instrumentation.SqlClient and .Http added at 1.17.0, with the existing core/exporter/AspNetCore moved 1.12.0 -> 1.17.0 for one consistent set (SqlClient instrumentation has no 1.12.0 release). SqlClient rather than the EF Core instrumentation because it spans the command actually sent to SQL Server, which is what a latency question asks about. DISPATCH SPAN - MUTATION-PROVEN, MUTANTS CONFIRMED TO COMPILE (trap 12: a mutation that fails to apply reports a clean pass). AcmpTelemetry.StartJobDispatch is called from HangfireWebexJobScheduler, the single seam through which an ACMP request hands work to Hangfire, so a new caller is instrumented by construction rather than by remembering. Removing the Enqueue span: 0 compile errors, exactly 1 test fails. Changing ActivityKind.Producer to Internal: 0 compile errors, exactly 1 test fails. Four tests cover name, kind, tags, delay tag and span closure, plus a fifth for the no-listener path which asserts the job is STILL enqueued - if the seam ever required a non-null activity it would break dispatch itself rather than only telemetry. CI ON THE MERGE COMMIT: all nine checks SUCCESS on PR #296 (backend, frontend, e2e, sast, secrets, compose, trivy-fs, trivy-image, sbom), 1877 tests pass, coverage 99.58% global with AcmpTelemetry.cs and HangfireWebexJobScheduler.cs both at 100% - measured by UNIONING line hits across per-project cobertura reports as check-coverage.mjs does. ⚠ NOT CLAIMED, AND THIS IS THE IMPORTANT PART: NO TRACE HAS BEEN OBSERVED. NFR-043's own verification note asks for an OTel dashboard showing trace completeness for a sample of real requests; no stack was run, so nothing here proves the spans REACH a collector or that they are correctly PARENTED into one trace. Registration proves spans are created, not that they join. That gap is carried by DW-065 rather than folded in here. ⚠ ALSO NOT CLAIMED: the AddSource and AddXInstrumentation lines are composition-root wiring in files excluded from coverage, verified by INSPECTION - without AddSource the dispatch spans are created and silently dropped, and no test covers that. ⚠ ALSO NOT CLAIMED: Hangfire job EXECUTION spans, which are absent. They sit outside NFR-043, whose sentence scopes itself to what happens within an inbound HTTP request.",agent,auto-test,57e019d,1,2026-08-19T22:12:15Z,,
AV-212,AC-134,Met,"VERIFIED SURFACE BY SURFACE AGAINST THE NARROWED TEXT, not against the pre-SC-023 text which was unsatisfiable by construction. BACKEND: src/Acmp.Api/appsettings.json and src/Acmp.Worker/appsettings.json hold only in-stack compose service names as defaults - Server=sqlserver, minio:9000, http://seq:5341 - with every secret written as a substituted marker and Authentication:Keycloak:Authority left EMPTY, which its own comment records as fail-closed: every token is rejected and protected endpoints return 401 until an environment supplies one. Both hosts build configuration through the standard .NET providers (WebApplication.CreateBuilder / Host.CreateApplicationBuilder), so environment variables override those defaults, and both then add AddKeyPerFile('/run/secrets', optional: true) LAST so a mounted Docker secret outranks both. No environment-specific value is compiled in and no rebuild is implied. This is corroborated rather than merely reasoned: the cloud stack runs the SAME api and worker images as on-prem, supplying Authentication__Keycloak__Authority, Storage__* and the connection string purely as environment values in docker-compose.cloud.yml. WEB TIER SERVER-SIDE CONFIG: deploy/Dockerfile.web sets KEYCLOAK_ORIGIN and ACMP_MEDIA_ORIGIN as runtime ENV with NGINX_ENVSUBST_FILTER naming both, and deploy/nginx/default.conf.template consumes them inside the Content-Security-Policy header. The nginx entrypoint substitutes templates at CONTAINER START, so a CSP origin change is an env change and a restart - the Dockerfile comment says exactly this: each environment supplies its own with no rebuild. EXCLUDED SURFACE: the SPA bundle's VITE_OIDC_* build arguments are named in the requirement text itself, with ADR-0037 as the authorising decision and OQ-061 as the deferred remedy, so a reader meets the exclusion in the register instead of discovering it in a Dockerfile comment - which is how it went unrecorded until DW-029 batch 13. ⚠ NOT CLAIMED: this is INSPECTION of configuration and templates, not an executed environment switch. Nobody moved one built image between two environments and observed it work as part of this verdict. ⚠ ALSO NOT CLAIMED: the SPA bundle surface, deliberately and by the criterion's own wording. A single web image still cannot serve two environments; that remains true, remains ratified by ADR-0037, and remains carried by OQ-061. ⚠ ALSO NOT CLAIMED: the original pre-SC-023 target of ZERO environment-specific values in source or Dockerfile - the narrowed text explicitly permits the OIDC build arguments, and this verdict is measured against the narrowed text and against nothing else.",agent,inspection,57e019d,1,2026-08-19T22:12:15Z,,
AV-213,AC-135,Met,"VERIFIED CLAUSE BY CLAUSE AGAINST THE NARROWED TEXT, WITH THE PART THAT WAS ONLY A VALUE BUILT RATHER THAN NARRATED. STORAGE (inspection): the seam is IFileStore with one implementation, MinioFileStore, resolved through SharedKernelExtensions; StorageOptions.cs states the split in its own comment - on-prem and dev keep the historical MinIO bucket names so no object has to move, the cloud stack points both at the per-environment S3 bucket deploy/aws/02-s3.sh creates. That is exactly what SC-025 narrowed the requirement to say, and DEF-098 is the record of it having said otherwise. PRE-SIGNED, NOT STREAMED (inspection, exhaustive): grep for GetPreSignedUrlAsync across src returns the interface, the implementation, and exactly TWO callers - GetRecordingUrlHandler and TopicReader.GetMaterialUrlAsync. No third path serves a sensitive file, and neither caller streams bytes through the API. ACCESS CONTROL ON THE RECORDING MINT (auto-test): GetRecordingUrlQuery.AllowedRoles is Chairman, Secretary, Auditor - deliberately NOT the upload set - and the handler emits Meetings.RecordingAccessed AFTER a successful mint. Covered by Minting_a_playback_url_writes_an_access_audit_row and A_meeting_with_no_recording_writes_no_access_audit_row, both built under DEF-094. EXPIRY <= 1 h (auto-test, NEWLY BUILT THIS BATCH - this is the clause that was NOT evidenced before): Ttl = FromMinutes(10) and UrlLifetime = FromMinutes(15) held the property, but nothing held THEM. Every pre-existing test passes Arg.Any<TimeSpan>(), so raising either constant to FromHours(4) broke no test in the repository. Playback_url_expiry_stays_inside_the_one_hour_ceiling and GetMaterialUrl_expiry_stays_inside_the_one_hour_ceiling now capture the TimeSpan actually handed to IFileStore and assert it is positive and <= 1 h. MUTATION-CHECKED: Ttl -> FromHours(4) and UrlLifetime -> FromHours(2) make both fail, naming 4h and 2h respectively, and both mutants COMPILED (the test assembly linked before the run). NOT IN LOGS (inspection, instrument proven): no ILogger field, no _log call and no Log. statement exists anywhere in MinioFileStore, GetRecordingUrl, TopicReader or SessionEndpoints - and the same grep pattern finds ILogger in 11 other files under src, so the empty result is a real absence and not a broken pattern. GetRecordingUrl's audit call passes the meeting's PublicId and never the url local, with a comment saying an audit row IS a log. Defence in depth: SensitiveDataMaskingEnricher masks presignedurl and signedurl by property name before any sink. NOT IN NOTIFICATIONS (scanner with a positive control): all 10 notification-builder files were scanned; 19 link expressions were found and every one is a relative in-app route built from a domain key - /actions/ /decisions/ /votes/ /adrs/ /invariants/ /meetings/ /meetings//minutes /risks/ /topics/ - with zero occurrences of a URL scheme, zero IFileStore references and zero presign references in any of them. THE SCANNER WAS PROVEN BEFORE ITS CLEAN RESULT WAS BELIEVED, and it needed proving: two earlier versions of it reported 13 sites across 7 files and BOTH silently missed ActionNotifications.cs and RiskNotifications.cs, which construct the record with C# target-typed new( so the type name never appears at the call site. The third version scans by file rather than by construction site, finds all 10, and correctly flags a synthetic builder carrying a signed S3 URL. WHAT THIS VERDICT DOES NOT CLAIM, restated here rather than only in the criterion: transcripts, which ACMP does not store at all (DW-002, P19) and which are therefore excluded BY NAME rather than quietly covered; the object store's own refusal of a lapsed signature, which needs a running stack (DW-065, PE-485); and anything about the URL once it is in the browser's hands inside its TTL.",agent,auto-test,59effb8,1,2026-08-20T13:31:40Z,,
AV-214,AC-136,Met,"MEASURED OVER THE WHOLE MIGRATION HISTORY WITH AN INSTRUMENT THAT WAS WIDENED AND THEN PROVEN. SUBJECT: 47 migration files across the module contexts under src, excluding Designer and ModelSnapshot files. Confirmed complete two ways - no Migrations directory exists anywhere outside src, and no standalone .sql file exists in the repository at all, so EF migrations are the only path by which this schema changes. CENSUS OF Up() BODIES, searching for DropColumn, DropTable, DropSchema, DropIndex, DropForeignKey, DropPrimaryKey, DropUniqueConstraint, DropCheckConstraint, DropSequence, RenameColumn, RenameTable, AlterColumn, and raw migrationBuilder.Sql bodies containing DROP, ALTER COLUMN, TRUNCATE or DELETE FROM: EXACTLY TWO HITS. (1) DropColumn IsActive, membership.committee_members, in Membership_P4_Identity. The same Up adds MembershipStatus and IsVotingEligible, and its own comment says the drop-and-add is deliberate rather than a rename because the boolean must not carry into the new unrelated flag. The current application DOES NOT READ the dropped column: CommitteeMember.IsActive is a derived expression, Status == MembershipStatus.Active, and CommitteeMemberConfiguration says b.Ignore(x => x.IsActive) with the comment 'derived from Status'. So the NAME survives in the code and the READ does not - which is the distinction NFR-050 actually turns on. (2) DropIndex IX_committee_members_Email in Membership_FilteredEmailUniqueIndex, where the SAME index name is recreated in the SAME Up as a filtered unique index over Email with filter [Email] <> ''. No column and no table is involved and no schema object is left removed. ZERO table drops, ZERO renames, ZERO AlterColumn, ZERO destructive raw SQL. THE TARGET CLAUSE MET LITERALLY, NOT BY PROXY: the Target says '0 breaking schema changes in migration without a corresponding application code change in the same PR'. Commit 05c3f04 introduced Membership_P4_Identity AND contains the CommitteeMember rewrite in the same commit - the diff shows 'public bool IsActive { get; private set; }' removed and 'public MembershipStatus Status' plus 'public bool IsActive => Status == MembershipStatus.Active' added, with Deactivate and Reactivate rewritten onto Status, across 31 Membership files. One drop in the entire history, and its application change shipped beside it. THE INSTRUMENT WAS WRONG THE FIRST TIME AND SAYING SO IS PART OF THE EVIDENCE: version one searched only five operation names and reported ONE hit and ZERO AlterColumn across 47 migrations, which is implausible for a schema this size and is what prompted widening. The widened version found the DropIndex the first had missed. CONTROLS, BOTH RUN: the same patterns find 102 occurrences inside Down() bodies (45 DropTable, 52 DropColumn, 5 DropIndex), proving the patterns match real EF code; and a synthetic migration carrying a DropTable, an AlterColumn and a raw 'ALTER TABLE topics DROP COLUMN Legacy' was flagged on all three, proving the Up()/Down() split is not simply discarding everything. The scanner also refuses to report on any file whose Up() it cannot parse - zero such files here - so a parse failure cannot masquerade as a clean result. WHAT THIS VERDICT DOES NOT CLAIM: that anything mechanically PREVENTS a future violation. Nothing does. The property is measured as true across the whole history, not guarded, and the requirement's own verification clause specifies a human PR review gate rather than an automated one. The operator was offered a CI scanner as part of this batch and chose verify-only, so this is a deliberate boundary and not an oversight.",agent,inspection,0ad2c81,1,2026-08-20T13:43:17Z,,
AV-215,AC-137,Met,"EXHAUSTIVE OVER SOURCE, WITH THE POPULATION COUNTED BEFORE THE ZERO WAS BELIEVED. SUBJECT: 124 SPA .tsx components excluding tests. All status colour in this codebase resolves to the --st-<tone>-* design tokens, so a semantic tone class is the only way colour is applied - 64 elements carry one. THE THREE INDICATORS THE REQUIREMENT NAMES, each read individually. TOPIC URGENCY: Backlog.tsx renders <span className={`bk-urg ${r.urgency.toLowerCase()}`}>{t(`topics.urgency.${r.urgency}`)}</span> - the class carries the colour, the LOCALIZED TEXT is the content. ACTION OVERDUE: ActionPage.tsx renders act-overdue-badge as an aria-hidden clock icon followed by t('actions.overdue'), and ActionsRegister repeats the pattern for the count and the filter chip - two non-colour channels, icon and text. RISK SEVERITY: RiskPage.tsx puts the exposure in the facts list as t(`risks.exposure.${risk.exposure}`), a localized string, and the exposure MATRIX - which is genuinely a grid of coloured cells with no text in them - is marked role=img with an aria-label interpolating likelihood, impact and exposure as localized text, so the accessible name carries everything the colours do. THE APP-WIDE MECHANISM: StatusChip is, in its own header's words, 'the one way status is shown across ACMP', and it renders an aria-hidden dot followed by an already-localized label, so the dot is decorative and the label is the accessible name. Both locales throughout, because every one of these strings is a t() call. THE EXHAUSTIVE PASS AND WHAT IT COST TO GET RIGHT. The scanner enumerates every toned element and flags any that is self-closing or textless while ALSO lacking aria-hidden and an accessible name. FIRST VERSION SAW 46 TONED ELEMENTS AND FLAGGED 1. It was wrong, and wrong in the way LL-009 describes - a mechanism defect, not an effort defect: its className pattern excluded braces, so it could not see className={`bk-urg ${expr}`}, WHICH IS THE TOPIC URGENCY INDICATOR THE REQUIREMENT NAMES FIRST. A tone scanner blind to the requirement's own headline example would have produced a clean result over a set that excluded the thing being asked about. Widened, it sees 64 and flags 4. ALL FOUR ADJUDICATED, and three of the four expose a second limitation of the instrument rather than a defect in the code - it strips tags to test for text, so an <Icon/> child reads as empty. NotificationCenter.tsx:114 state-icon success is an EMPTY-STATE illustration, not a status indicator, and contains an aria-hidden check icon beside state-title and state-body text. NotificationCenter.tsx:125 and NotificationsPage.tsx:109 notif-ico both contain an Icon and sit beside the localized type label t(ty.labelKey). VotePage.tsx:161 tally-fill is the vote tally BAR, and directly above it the same row renders tally-label with an aria-hidden swatch plus t(`voting.option.${r.opt}`) and tally-count with the numeric count - so the tally's meaning is localized text plus a number and the bar is redundant visual encoding. Zero colour-only status indicators. CONTROL, RUN AND CORRECT IN BOTH DIRECTIONS: a synthetic block containing a bare <span className='dot danger'/>, the real StatusChip dot with aria-hidden, and a matrix cell with an aria-label yields exactly 3 toned elements and exactly 1 flag - the bare dot. So the scanner flags what it should and does not flag either of the two legitimate patterns this codebase actually uses. CORROBORATING BUT NOT LOAD-BEARING: axe-core runs live under Playwright on three screens in both locales with the wcag22aa tag set, and its role-img-alt and aria-* rules pass - which covers the risk matrix's role=img specifically. That is 3 routes of 52 and is cited as corroboration only; the load-bearing evidence is the source-exhaustive pass. WHAT THIS VERDICT DOES NOT CLAIM: that the icon set is mutually distinguishable at a glance, which is a usability judgement rather than SC 1.4.1; and that every route has been rendered and scanned live, which it has not - that gap belongs to NFR-032 and is recorded under its own row rather than absorbed here.",agent,inspection,e09084c,1,2026-08-20T14:50:32Z,,
AV-216,AC-138,Met,"EVIDENCED AGAINST A RUNNING STACK, AND DELIBERATELY HELD BACK UNTIL DEF-099 MERGED. Batch 17 gathered all of this and recorded NO verdict, because a Met verdict saying no PII reaches the traces while DEF-099 meant no trace reached anything would have been true only because the pipeline was dead. DEF-099 is Fixed as of 1da0e05, verified by the discriminator rather than by a clean start-up: DB spans moved 214 to 475 across identical traffic where they had previously sat frozen at exactly 72. THE TRACE HALF. Six distinct SQL statements were captured across 72 DB spans, and EVERY literal in every one arrives as a question mark: select distinct(Queue) from [HangFire].JobQueue; select count(Id) ... where StateName = ?; select top (?) [Version]; SET @TARGET_SCHEMA_VERSION = ?; and an EF Core query rendered SELECT TOP(?) [o].[Id], [o].[AccessTokenCipher] ... FROM [webex].[oauth_tokens] AS [o] WHERE [o].[Id] = ?. THE DECISIVE CASE IS NOT A PARAMETER AT ALL: the health check issues SELECT 1, a compile-time constant that was never parameterized, and it arrives as SELECT ?. So SqlClient instrumentation sanitizes LITERALS rather than merely parameters, which is precisely the residual PE-501 could establish from a README - it could confirm that query PARAMETER values are not emitted (OTEL_DOTNET_EXPERIMENTAL_SQLCLIENT_ENABLE_TRACE_DB_QUERY_PARAMETERS implicitly false, RecordException false, neither opted into anywhere in src) but could not rule out EF Core INLINING a constant into generated SQL. Only a captured trace could settle that, and it is settled. THE LOG HALF, and the number is the finding. A census of every structured-logging call site across all 680 C# files in src returns TWENTY-FOUR - 12 LogWarning, 7 LogInformation, 4 LogError, 1 LogDebug, spread over the 11 files that declare an ILogger. Not one of the 24 has a message-template hole naming a person, an email, a vote, a ballot, a choice, a rationale, a comment or content. The count was confirmed by two methods that differ on the dimension that mattered: a call-site parser keyed on a log-ish receiver, and an independent occurrence count of the method names with ANY receiver. Both return 24, so no logging call escapes through an unusual receiver. The scanner carries a positive control - three synthetic statements leaking a name, a vote and an email produce exactly two risky flags and route the email to the covered set, while a JobId/Ms statement is ignored. CONFIRMED LIVE, not only by source reading: the request-log events actually sitting in Seq carry Application, ConnectionId, Elapsed, RequestId, RequestMethod, RequestPath, SourceContext and StatusCode, and nothing else. THE MECHANISM IS WEAKER THAN IT LOOKS AND THE VERDICT SAYS SO. SensitiveDataMaskingEnricher is registered in BOTH hosts (Acmp.Api/Program.cs:27 and Acmp.Worker/Program.cs:26) and has a test proving it redacts Email, BotToken and ConnectionString. But it matches by property NAME against a fixed list, and that list contains email while containing NOTHING for full names and nothing for vote content. So of the three things NFR-028 names by name, one is covered by a mechanism and two hold because no call site logs them. That is a convention, and conventions are what the 24-call-site census measures - which is why the census, not the enricher, is the load-bearing evidence here. WHAT THIS VERDICT DOES NOT CLAIM: that every code path was exercised at runtime - the observed traffic was unauthenticated, so no vote or minutes path executed, and the vote-content claim rests on the source census plus literal sanitization rather than on watching a ballot be cast; and that third-party library logging captured by Serilog was censused - that is bounded by the enricher and by the observed request-log shape, not by the sweep over ACMP's own call sites.",agent,auto-test,1da0e05,1,2026-08-20T15:41:31Z,,
AV-217,AC-139,Met,"BOTH CLAUSES HOLD, AND THE IDLE CLAUSE IS THE ONE THAT WAS ACTUALLY BUILT RATHER THAN INHERITED. THE IDLE CEILING (at most 8 hours). src/Acmp.Web/src/auth/useIdleSignOut.ts declares IDLE_TIMEOUT_MS = 30 * 60 * 1000 and is wired unconditionally in AuthProvider.tsx:65 behind the isAuthenticated flag - thirty minutes, sixteen times stricter than the requirement's ceiling. This is APP-SIDE detection and that distinction is the whole point: OQ-076 established that the SPA sets automaticSilentRenew, every silent renew touches Keycloak, and each touch resets the identity provider's own idle clock - so an open tab was NEVER idle from Keycloak's perspective and an unattended workstation held a live ACMP session for up to ten hours. The operator chose to BUILD real inactivity detection over amending the criterion to match what the product happened to do, and explicitly rejected lowering the maximum lifespan, which would have logged out ACTIVE users on a fixed clock and still not been an idle timeout. Built in PR #252, main e9b2155, all 10 CI checks green. The wiring is MUTATION-TESTED per OQ-076's own record - removing the renew suppression fails, and performing it in the wrong order fails - which matters because the suppression must happen BEFORE the redirect or the next renew tick resurrects the session. useIdleSignOut.ts reports 100 percent lines and functions, over 9 forced hook cases covering both sides of the deadline. THE ABSOLUTE CEILING (at most 24 hours). ssoSessionMaxLifespan was measured at 36000 seconds, ten hours, on the LIVE PRODUCTION realm via kcadm on 2026-08-13 - not read from realm-export.json, which this project's memory records reaches fresh stacks only. Ten hours is inside twenty-four. This ceiling is the right instrument for the refresh clause because maximum lifespan is enforced by the identity provider and is not something a refresh can extend: revokeRefreshToken was measured false, meaning refresh tokens are not rotated, and that is precisely why the clause has to rest on the lifespan ceiling rather than on refresh-token behaviour. accessTokenLifespan was 300 seconds. THE THREE NUMBERS THAT LOOK CONTRADICTORY AND ARE NOT. NFR-023 says 8 hours, OQ-003's resolution says a 60-minute idle timeout, and both the realm and the application say 30 minutes. NFR-023's Target states CEILINGS - at most 8 hours idle, at most 24 absolute - so a stricter product satisfies it. OQ-003's 60 minutes is a superseded intention; the divergence between it and shipped reality is already recorded inside OQ-076's own attributes and is deliberately not re-filed. WHAT THIS VERDICT DOES NOT CLAIM, and one of the two is worth a row. FIRST, THE ABSOLUTE MAXIMUM IS NOT PINNED: deploy/keycloak/realm-export.json sets NEITHER ssoSessionIdleTimeout NOR ssoSessionMaxLifespan - verified by grep across the repository, which returns no occurrence of either key in any json or shell file - so a fresh stack inherits whatever the Keycloak image defaults to, the 36000 figure was observed once eight days ago, and nothing in this repository would fail if a future image changed it. The property holds today and is not guarded. Recorded as DW-073. SECOND, the thirty-minute behaviour is proven under fake timers rather than observed on a deployed environment across a real half hour - a limitation OQ-076 states about its own build and which this verdict inherits rather than papers over.",agent,auto-test,fed82f4,1,2026-08-20T16:16:36Z,,
AV-218,AC-140,Met,"MEASURED IN A REAL BROWSER, NOT INSPECTED - the property is a media-query outcome that no static reading and no jsdom test can observe. A probe drove the BUILT application over http and read getComputedStyle on .mobile-notice at two viewports in both locales: en/375x667 display=flex, box 375x57; en/1280x800 display=none, box 0x0; ar/375x667 display=flex, box 375x57, document dir=rtl on <html>; ar/1280x800 display=none, box 0x0. The element remains in the DOM at every viewport - only computed display changes - so VISIBILITY, not presence, is what was asserted.

MUTATION-CHECKED, WHICH IS WHAT MAKES THE ABSENCE CLAUSE MEAN ANYTHING. The default rule `.mobile-notice { display: none; }` was deleted, the app rebuilt, and the same probe re-run: the desktop case flipped from display=none to display=block in BOTH locales. So the paired assertion genuinely discriminates rather than passing vacuously. The mutant was then reverted and the original result re-measured and reproduced exactly.

THE MEDIA QUERY WAS VERIFIED IN THE MINIFIED OUTPUT, not only in source: dist/assets/*.css contains `media (width<=767.98px){.mobile-notice{...display:flex}` alongside the `.mobile-notice{display:none}` default. A rule present in source but dropped by the bundler would produce a passing source review and a broken product.

AUTOMATED REGRESSION: e2e/mobile-notice.spec.ts, 3 cases, driving a real browser at 375 and 1280 px in both locales, each asserting the pair in BOTH directions. All 3 ran and passed in CI on the merge commit - 85 e2e tests passed, none skipped, none flaky. The jsdom unit test beside the component deliberately does NOT assert the breakpoint and says so in its own header: jsdom applies no media queries, so such a test would pass whether or not the query existed.

BILINGUAL, VERIFIED AS A PROPERTY RATHER THAN A LITERAL. The Arabic assertion originally searched for a literal substring and FAILED IN CI although that phrase appears to sit intact inside the rendered sentence - the preposition lam absorbs the alef of the definite article, so the standalone form never occurs. Confirmed mechanically against ar.json rather than by eye. The assertion now matches the Arabic script range, proving the AR bundle resolved and surviving any rewording, paired with a check that the text is not an i18next key echo.

CONTRAST, since this is user-facing text: the token pair computes to 5.73:1 in the light palette and 7.37:1 in the explicit dark palette, both above the 4.5:1 body-text threshold. Tokens are defined in all three palettes (light, explicit dark, and the OS-default dark media block), so no theme renders one theme's text on another's ground.

RTL CORRECTNESS WAS LOOKED AT, NOT ASSUMED. Screenshots at 375 px in both locales were reviewed: under Arabic the icon and text mirror to the right and the language toggle mirrors left, achieved by the existing CSS logical properties with no per-direction override, which is what INV-009 requires.

WHAT THIS VERDICT DOES NOT CLAIM: the 'no broken layout' clause of NFR-063 across all 52 routes. See the criterion's own scope note. Recorded by Claude Opus 5 (1M context), Claude Code session 27ae9c8d.",agent,auto-test,78b5ca2,1,2026-08-20T23:37:57Z,,
AV-219,AC-141,Met,"GREEN CI ON THE MERGE COMMIT, and the drag case demonstrably RAN rather than being collected and skipped: the e2e job reports 86 passed where the previous run on this branch reported 85, the difference being exactly the case added here.

THE e2e IS BUILT SO IT CANNOT PASS AGAINST THE BUG IT REPLACED. It seeds THREE topics and drags the LAST onto the FIRST, then asserts the FULL resulting order rather than merely that the dragged card reached the top. Three is the smallest fixture where move and swap disagree - a move yields [C, A, B] and a swap yields [C, B, A] - so a two-card or single-position drag would have passed against the old semantics and proved nothing. It then RELOADS and re-asserts, so the verdict rests on server-persisted renumbering rather than on optimistic client state.

MUTATION-CHECKED AT BOTH LAYERS, each mutant reverted and the original result reproduced.
(1) Restoring the swap in MoveTopicPriorityHandler fails Move_by_more_than_one_MOVES_rather_than_swapping and NOTHING ELSE - so the new test discriminates move from swap. Critically, the plus-or-minus-one test PASSED against that same mutant, which is independent proof that AC-043's keyboard path is unaffected by this change rather than an assurance that it should be.
(2) Removing the same-bucket guard in Kanban.onDropOnCard fails exactly the cross-column test - so one gesture cannot silently fire both a reorder and a status transition.

THE ADDRESSING MODE IS ITSELF UNDER TEST, because it is the part most likely to be 'simplified' back into a defect. Move_to_a_target_ignores_the_callers_own_idea_of_position sends Delta = 0 - a value the validator refuses on its own - and still lands correctly, which can only be true if the destination comes from the target's identity. A frontend test asserts the mutation is called with targetTopicId and never a computed delta. This matters because the client renders the FILTERED, SORTED and PAGE-TRUNCATED backlog, so a browser-computed position would address a different sequence than the server's canonical column.

VALIDATOR COVERAGE: a theory over both addressing modes proves exactly one may be supplied - both together and neither are refused - plus a case refusing a topic targeting itself.

SUITE COUNTS AT THE MERGE COMMIT: 1149 backend tests, 1251 frontend tests, 86 e2e, dotnet build 0 errors and 0 warnings, oxlint 0, check-i18n parity 1903 keys, check-hardcoded-strings 0.

WHAT THIS VERDICT DOES NOT CLAIM: that every topic in a column is reachable by the gesture. DEF-103 records that the kanban renders only the first 25 with no control to reach the rest, so a topic beyond that cannot be dragged. The criterion names that limit explicitly. Recorded by Claude Opus 5 (1M context), Claude Code session 27ae9c8d.",agent,auto-test,145d9bf,1,2026-08-21T05:06:37Z,,
AV-220,AC-142,Met,"MET on all four clauses, each with its own instrument, and each guard proven by forcing its refusal rather than by asserting it exists.

CLAUSE 1 - A PNG OF THAT CARD, NAMED FOR THE VIEW AND THE CARD. Unit test 'exports a chart card as a PNG named for the view and the card' (ReportsPage.test.tsx) asserts the element handed to the rasteriser carries `rpt-card` - the whole card, not an inner fragment - that `pixelRatio` is 2, that the anchor's `download` is `acmp-report-executive-outcomes.png`, and that its `href` is the returned data URL. Full suite green: 154 test files, this file 10 -> 14 tests (the count moved, so the file was really written - the failure mode LL-013 records).

CLAUSE 2 - RENDERED UNDER THE SHIPPED CSP, NO HEADER CHANGE. This is the clause a unit test structurally cannot reach, so it was measured in a browser. `dist/` was served with the CSP header EXTRACTED from `deploy/nginx/default.conf.template` and envsubst-ed from `deploy/.env.example` - not re-typed - and the header the browser received is recorded verbatim in the run: `default-src 'self'; script-src 'self'; style-src 'self'; img-src 'self' data:; ... frame-src http://keycloak.localhost:8085; frame-ancestors 'none'; base-uri 'self'; object-src 'none'`. The dev topology was chosen because it is the STRICTER frame-src case (in cloud KEYCLOAK_ORIGIN equals the site origin; in dev it does not). THE RUN WAS GATED ON THREE NEGATIVE CONTROLS and all three fired first: `setAttribute('style')` blocked (style-src-attr), an injected `<style>` blocked (style-src-elem), a CSSOM `setProperty` applied. Without them a clean capture would only prove the server had forgotten the header. `html-to-image` contributed ZERO violations in either locale; the only two recorded are the deliberate controls. Both nginx templates still contain `style-src 'self'` with no `unsafe-inline` - unchanged, and `git diff` over the merge touches no file under `deploy/`.

CLAUSE 3 - THE CARD'S OWN CONTROLS ARE NOT IN THE IMAGE. Two independent instruments, deliberately not sharing a mechanism (LL-009). (a) Unit: the filter handed to the rasteriser is extracted from the call and executed against the real DOM - it returns false for `.rpt-card-tools` and true for `.rpt-card-body`. (b) Browser: the SAME card was exported twice under the real CSP, once with the filter and once WITHOUT, and the unfiltered control shows both buttons rasterised into the picture while the filtered one is otherwise pixel-identical without them. The negative control is the point: it proves the buttons are absent BECAUSE of the filter, not because they never rendered. Looked at directly in both locales.

CLAUSE 4 - HONEST-EMPTY CARDS OFFER NO EXPORT, AND A FAILURE IS STATED. Unit test asserts the trend empty-state card has no `.rpt-png` AND, in the same test, that a card which draws something does - so the assertion cannot pass by the button being absent everywhere. A second test rejects the rasteriser and asserts the card renders a `role=""status""` carrying the localised failure text.

MUTATION EVIDENCE, and the mutants COMPILED (trap 12 - a mutation that fails to apply reports a clean pass). Three mutants, each run with `tsc --noEmit -p tsconfig.app.json` exit 0 before the suite: dropping the `filter` option kills ONLY 'keeps the card's own controls OUT of the exported image'; forcing `canExportPng` true kills ONLY 'offers no PNG export on an honest-empty card'; replacing the failure state with idle kills ONLY 'says so in the card when the export fails'. One test each, 13 others still passing - the guards discriminate rather than the suite collapsing.

GATES, run the way CI runs them from `src/Acmp.Web`: `npm run test:cov` (the >=95% per-file gate, ADR-0016) exit 0 with ReportsPage.tsx at 100% lines/functions/statements; `npm run build` exit 0; `npm run lint` exit 0; `check-i18n.mjs` exit 0, 1906 keys - the count moved by the two keys added, so the gate had a subject; `check-hardcoded-strings.mjs` exit 0; `check-npm-audit.mjs` exit 0. CI on PR #304: 10 checks, all completed, none non-passing, read from the `state` field rather than from a watch command (trap 23).

BILINGUAL AND RTL. EN and AR strings added together; the AR page rendered with `dir`/`lang` on `<html>` as the app sets them, tools mirroring to the inline-end, Arabic shaping and the embedded IBM Plex Sans Arabic correct in both the page and the exported PNG.

WHAT THIS VERDICT DOES NOT CLAIM, stated because a verdict that quietly covers less than its criterion is the failure the DW-029 programme existed to end: Chromium only (149.0.7827.55 for the spike, 151.0.7922.34 for the verification run - the result reproduced across two builds, but no Firefox and no WebKit); no measurement of exporting a whole multi-card page at once; no measurement of the ~1.63 MB Arabic font payload's memory cost on the on-prem hardware. The browser evidence used a harness carrying the real built stylesheet and the real class names rather than the live ReportsPage component, because the live page needs an authenticated API - so it proves the CSP and rasterisation behaviour, and the unit tests prove the wiring.",agent,auto-test,ada5fe2,1,2026-08-21T16:14:24Z,,
AV-221,AC-143,Met,"MET on all four clauses. Each guard is proven by FORCING its refusal with a mutant that COMPILES, not by asserting the guard exists.

CLAUSE 1 - TYPE AND SOURCE CHANGE IN PLACE, AUDITED, NO STATUS TRANSITION. `Reclassifying_a_pre_accept_topic_changes_both_fields_and_audits_it` reads the row back from the context and asserts both fields moved, then asserts `EmitEnrichedAsync(""Topics.TopicReclassified"", ...)` received exactly once. No transition is written because the handler calls no transition method - `Topic.Reclassify` assigns two properties and raises nothing, read in the domain source rather than inferred.

⚠ THE BEFORE/AFTER HALF OF THIS CLAUSE IS PROVEN BY A DIFFERENT TEST, AND SAYING SO IS THE POINT. My handler test proves the EMIT and its ORDERING (after `SaveChangesAsync`, so the interceptor has filled the diff - the DW-017 failure mode is emitting before the save and recording an empty one). It does NOT prove the diff itself; the sink is an NSubstitute double. The diff is proven by `AuditCaptureInterceptorTests`, which asserts `BeforeJson` contains the prior value, `AfterJson` the new one, and that only the CHANGED property appears in the delta. Two instruments, one clause, and neither is doing the other's work. Reclassify reaches the audit trail by the identical path as `Topics.TopicConverted` and `Topics.TopicRestricted`.

CLAUSE 2 - REFUSED PAST TRIAGE, BY THE AGGREGATE. `Reclassifying_after_acceptance_is_refused_by_the_aggregate` accepts the topic first and then forces the call, asserting `InvalidOperationException` AND that no audit row was written. The guard is `Topic.Reclassify`'s own `RequireStatus`, not the handler's - DEF-059's rule that an invariant belongs where every caller passes, so the handler must not be the thing that knows it.

CLAUSE 3 - A NO-OP WRITES NOTHING AND IS NOT REFUSED EVEN PAST TRIAGE. Two tests: `A_reclassification_that_changes_nothing_writes_no_audit_row` and `A_no_op_on_a_topic_past_triage_is_accepted_rather_than_refused`. The second is the ordering guarantee - the no-op check runs BEFORE the domain call, so a request asking for the values a Decided topic already has is not turned into a 409. MUTATION: deleting the early return compiles (`dotnet build` exit 0) and kills EXACTLY these two of seven.

CLAUSE 4 - OFFERED IN THE SPA ONLY PRE-ACCEPT AND ONLY TO THOSE TWO ROLES. Four vitest cases. The pre-Accept case asserts the control is ABSENT on an Accepted topic AND PRESENT on a Triage one in the same test, so it cannot pass by the control being absent everywhere. The role case renders with `['member']`. MUTATION on both gates: the mutants are refused by `tsc` with TS6133 (the dropped condition leaves an unused binding) AND each kills exactly one test - the compiler itself refuses the deletion, which is stronger than a compiling mutant.

THE REACHABILITY REMOVAL IS EVIDENCE IN ITS OWN RIGHT. `Topic::Reclassify/2` is OUT of the `AggregateReachabilityTests` allowlist - verified absent on the merge commit, not just locally. MUTATION: a compiling mutant that makes the handler call `UpdateContent` instead turns that suite red (1 of 52). Before the wiring the entry was load-bearing; after it, the guard is.

⚠ ONE OF MY OWN ASSERTIONS FAILED ITS MUTATION TEST AND WAS FIXED. The SPA test asserting the topic's existing source is carried unchanged used the fixture's default, `CommitteeMember` - exactly the literal a ""hardcode the source"" mutant would write - so the mutant PASSED and the assertion proved nothing. The fixture was changed to `SecurityFinding`, a value nothing else in the file produces, and the mutant now dies. Recorded because a hollow assertion that is never mutation-tested is indistinguishable from a real one.

GATES, run as CI runs them. `dotnet format acmp.sln --verify-no-changes` (which caught a real import-order break introduced by the new using), Release build, full solution test, `check-coverage.mjs .` = 458 files at 99.59% global. Backend suites: Application 1156, Api 368, Domain 269, Architecture 52. Frontend: 154 files, per-file >=95% gate green with `api/topics.ts` back to 100% after the hook test, `check-i18n` 1912 keys (the count moved by the six added, so the gate had a subject), `check-hardcoded-strings`, `check-npm-audit`, build, lint. CI on PR #305: 10 checks, all completed, none non-passing, read from the `state` field. ⚠ The applock flake noted for #301 did NOT recur.

BILINGUAL AND VISUAL. Six EN + six AR strings added together. Rendered in a browser in both locales with `dir`/`lang` on `<html>`: RTL mirrors the action bar and the dialog correctly, three buttons in the pre-Accept bar with no crowding, Arabic shaping correct. The first field label sits flush against the dialog description - and the SHIPPED convert dialog was rendered in the same harness as a CONTROL and has IDENTICAL spacing, so this matches the application rather than introducing a defect. `DW-077` carries the shared gap.

WHAT THIS VERDICT DOES NOT CLAIM. No SOURCE picker in the SPA - the endpoint and the domain method both take a source and a caller may correct it today, but no surface offers one and `TopicSource` has zero bilingual labels (`DW-076`). Nothing about the Convert direction (`FR-030`/`AC-113`), whose guard is disjoint. No surface other than the topic detail page. And NOT run against real SQL Server: `Acmp.Application.Tests` is EF InMemory, so the DEF-066 question - has this write ever executed on SQL Server - is answered honestly as NO. The write is a two-column UPDATE on an existing row with no provider-specific construct, no new column, no migration and no query translation, which is why that was accepted rather than escalated; a reader who disagrees should treat it as the one unproven edge here.",agent,auto-test,02101d6,1,2026-08-21T19:07:35Z,,
AV-222,AC-144,Met,"PR #311 -> f968703, all ten CI checks SUCCESS (publish SKIPPED as designed).

AUTOMATED: src/Acmp.Web/src/features/topics/columnPrefs.test.tsx - 19 tests covering hide, show-again, reorder earlier and later, persistence across all of them, reset clearing storage, the pinned column refusing both by disabled control AND by a direct programmatic call, arrows disabled at each end, an ordered id with no matching column skipped, a stored order reconciled against today's columns (unknown ids dropped, NEW ids appended), a non-array stored shape ignored, corrupted JSON, and all three storage-failure paths. Coverage gate exit 0 at 159 files / 1384 tests, with columnPrefs.tsx and Backlog.tsx both at 100% LINES - the metric ADR-0016 gates on.

KEYBOARD AND SCREEN-READER CLAUSE: the toggles are role=menuitemcheckbox with aria-checked asserted in both states, inside the shared Menu primitive whose Esc-closes-and-returns-focus behaviour is covered by its own suite; the reorder controls carry aria-labels naming the column ('Move Type earlier'), asserted by the tests that drive them, rather than bare arrow glyphs.

MANUAL, AND IT IS THE PART NO SUITE COULD PRODUCE: rendered in a real browser over http in BOTH locales with dir set on <html> as the app does. That is what caught the popover being positioned off-screen - measured x=-123 in LTR and a right edge of 1345 against a 1200px viewport in RTL - which was fixed with align=start and re-measured at x=40 and right edge 1160. Screenshots inspected in both directions; no console errors. Reading the CSS separately caught .table-wrap's overflow:hidden, which would have clipped the panel entirely had the control stayed in the table's own toolbar.

WHAT IS NOT CLAIMED, matching the criterion's own exclusions: persistence is localStorage and per browser, so nothing here evidences the preference following a user across devices; reordering is by buttons, not drag-and-drop; and the dense table itself is NOT evidenced by this verdict - it shipped earlier and rests on Backlog.tsx's existing tests. This verdict covers the CONFIGURATION half only, which is the half FR-032 was missing.",agent,auto-test,f968703,1,2026-08-26T00:55:38Z,,
AV-223,AC-145,Met,"PR #312 -> 65c158c, all ten CI checks SUCCESS (publish SKIPPED as designed).

AUTOMATED, unit: src/Acmp.Web/src/features/topics/Calendar.test.tsx - 12 tests. Chips land in the day cell matching scheduledStart; two meetings on one day stack in the same cell; the note states 'no meetings this month' when the month is empty and switches to the due-date caveat once it is not; selecting a chip lists that meeting's topics by key and title with a link to the meeting; the chip reports aria-pressed and clears on a second click; a loading line shows while the detail resolves; an empty agenda says so rather than rendering a blank panel; and a MALFORMED scheduledStart is skipped rather than taking the grid down. The three original month-navigation tests are unchanged and still assert PROPERTIES rather than recomputing the component's own Intl call.

Coverage gate exit 0 at 159 files / 1393 tests, with Calendar.tsx at 100% LINES - the metric ADR-0016 gates on - and Backlog.tsx unchanged at 100%.

AUTOMATED, accessibility: the calendar view was added to the live axe sweep in e2e/rtl-a11y.spec.ts in THIS batch, per DEC-072 d2 / SC-032, with the full wcag22aa tag set in English and Arabic. IT WAS PROVEN TO HAVE RUN RATHER THAN INFERRED FROM A GREEN JOB: the e2e count moved 86 -> 88. That is +2 for one added test because playwright.config.ts runs rtl-a11y.spec.ts in BOTH the chromium and msedge projects, so the sweep executes in two browsers. A green e2e job that never reached the new test would have left the count at 86.

MANUAL, and it is the part no suite could produce: rendered in a real browser over http in BOTH locales, using the real component and the stylesheets main.tsx imports, with data seeded into the QueryClient so the REAL hooks and query keys run rather than a module mock. Verified: chips in the correct cells, a two-chip day stacking correctly, the detail panel listing the selected meeting's topics, and RTL mirroring throughout - grid, chip internals (dot leading, count trailing), panel and note. Programmatic overflow check in both directions: no chip escapes its day cell and the document never scrolls sideways. No console errors beyond the harness's own /api/meetings 404, which is expected with no backend and which incidentally confirms the real hook fired.

WHAT IS NOT CLAIMED, matching the criterion's own exclusions: topic TITLES are not in the grid, only the per-meeting count, because /meetings carries no topic ids (DW-086 records the residual); DUE-date markers are not covered and have no data at all (FR-036 / DW-001, deferred); and the month-grid CHROME is not new - it shipped earlier as an honest shell and rests on the pre-existing navigation tests.",agent,auto-test,65c158c,1,2026-08-26T13:36:55Z,,
AV-224,AC-146,Met,"PR #313 -> a794daa, all ten CI checks SUCCESS (publish SKIPPED as designed).

AUTOMATED, algorithm: src/Acmp.Web/src/features/wiki/wikiDiff.test.ts - 13 tests, wikiDiff.ts at 100% LINES and 100% BRANCHES. Unchanged text, insertion, deletion, a changed line rendered as removed-then-added, and - the one that proves it is a real LCS rather than a positional compare - a BLOCK inserted in the middle leaving every later line still marked `same`. Empty-before, empty-after and both-empty are covered. The DIFF_LINE_LIMIT refusal is tested from the before side, the after side, and EXACTLY AT the limit, so the bound is inclusive as written rather than by accident.

AUTOMATED, component: WikiVersionHistory.test.tsx - the compare control names the version it compares against; the snapshot shows first and only diffs when compare is chosen; the changed line is classified removed-then-added with the shared line left `same`; the counts render; the OLDEST version's compare control is disabled with a title explaining why, rather than offering a broken action; identical versions say so instead of rendering an empty diff; View returns to the snapshot; and selecting a different version does NOT carry compare mode over. 71 wiki tests pass; the suite is 160 files / 1414 tests with the coverage gate at exit 0.

MANUAL, AND IT IS WHAT THE LAST CLAUSE OF THE CRITERION EXISTS FOR: rendered in a real browser over http in BOTH locales, using the real diff module and the stylesheets main.tsx imports. THIS IS WHERE THE DEFECT WAS FOUND. Under RTL the diff displayed `# Governance charter` as `Governance charter #`, moved a trailing full stop to the front of its line, and pushed `-` list markers to the end - bidi reordering of neutral characters inside an RTL paragraph, invisible to jsdom because jsdom does not lay out text. Fixed with unicode-bidi:plaintext and RE-VERIFIED: the +/- gutter measures as a SINGLE column in both directions (one distinct x per direction, mirrored) and the document never scrolls sideways. Leading spaces survive, and a blank line keeps full height.

WHAT IS NOT CLAIMED, matching the criterion's own exclusions: comparison is against the IMMEDIATE PREDECESSOR only, not an arbitrary version; granularity is per LINE, not per word or character; and only the BODY is compared, not the title. FR-117's first two clauses - versioned on save, viewable - are NOT evidenced by this verdict: they shipped in P15d/P15e and rest on KnowledgeHandlerTests.Edit_bumps_version_appends_snapshot_and_audits, GetByKey_returns_the_detail_with_versions_or_null and the pre-existing WikiVersionHistory tests. This verdict covers the THIRD clause, which is the one that was missing.",agent,auto-test,a794daa,1,2026-08-26T14:27:31Z,,
AV-225,AC-147,Met,"MECHANICAL. Full frontend suite 1440 tests / 163 files green; per-file coverage gate (ADR-0016, >=95% lines) green; `npm run build` clean; check-i18n parity OK (1931 keys); check-hardcoded-strings clean; oxlint 0 errors. CI, E2E and Security all `completed/success` on PR #314 -> `58052b4` (backend job 6m41s, well inside the normal band, so no `DEF-109` signature; `SearchProvidersFtsTests` green, so `DEC-077` d3 did not fire).

DISCRIMINATING TESTS, each confirmed to FAIL without the change. `numberFmt.test.ts`: `formatNumber(12345,'ar')` = the Arabic-Indic form - dropping the `ar-u-nu-arab` pin yields '12,345' under Node, whose ICU resolves bare `ar` to Latin digits, so the pin is proven load-bearing on the runner. `numberInterpolation.test.ts` drives the REAL i18n instance: removing `.use(numberFormatter)` OR removing `alwaysFormat: true` each turns three tests red, so both halves of the wiring are proven, and a string placeholder is asserted to survive verbatim. `formatPercent` asserts U+066A is present AND U+0025 is absent - asserting only the digits would pass with the wrong sign, which is what the first commit shipped. `jobFormat.test.ts` asserts the relative-time digits, and unpinning `Intl.RelativeTimeFormat` turns it red.

A HOLLOW PASS CAUGHT IN MY OWN TEST BEFORE IT SHIPPED. The relative-time assertion was first written on -2 hours; Arabic has a DUAL form, so that renders with NO DIGIT IN IT AT ALL and the assertion passed whether or not the numbering system was pinned. Rebuilt on five hours, then re-mutated to confirm it discriminates. `LL-022`'s shape.

OBSERVED, NOT INFERRED - and this half is INSPECTION, not auto-test, which the single method field cannot express. A composed sheet carrying every affected shape was served over http and rendered in Chromium in BOTH locales, because jsdom does not render and the risk here is bidi. Run-level x-positions in RTL: the digit run of '1.5 MB' sits to the RIGHT of 'MB', and the KPI's digits sit to the RIGHT of its sign, i.e. both read correctly right-to-left. The Arabic percent sign renders as a real glyph in IBM Plex Sans Arabic rather than a missing-glyph box - a failure no test could see.

ANALYSIS, NOT MEASUREMENT, AND SAID PLAINLY. The claim that the bare-JSX path is FULLY enumerated is ANALYSIS: it rests on a name-heuristic scanner that was wrong three times during this work. The `t()` path is stronger, because it is closed by CONSTRUCTION rather than by enumeration. And E2E is WEAK evidence for this particular change - it runs in English, where grouping appears only at >=1000 and seed counts are small; it proves nothing was broken, not that the Arabic path works. The Arabic evidence is the unit assertions plus the browser check, not the suite colour.",agent,auto-test,58052b4,1,2026-08-26T17:39:35Z,,
AV-226,AC-148,Met,"MECHANICAL, at the merge commit 2b0da29 (PR #315). Full frontend suite 1441 tests / 163 files green; per-file coverage gate (ADR-0016) green at 99.21% lines; `npm run build` clean; check-i18n parity OK at 1932 keys with no mojibake in the rewritten ar.json; check-hardcoded-strings clean; oxlint 0 errors. CI, Security and E2E all completed/success (backend job 6m09s, inside the normal band, so no DEF-109 signature; SearchProvidersFtsTests green, so DEC-077 d3 did not fire).

WHAT THIS CRITERION ADDS OVER AC-147, AND ITS PROOF. The ATTRIBUTE clause. `Kanban.tsx` built a column's accessible name with the count interpolated RAW, twelve lines above the same number rendered through `<Num>`; it now goes through `t()`, which is the only path reaching the central formatter. `Kanban.test.tsx` asserts the ACCESSIBLE NAME in Arabic - that at least one region name carries Arabic-Indic digits and that NONE carries a Latin one. MUTATION-PROVEN: restoring the template literal turns that single test red while THE OTHER TWENTY-ONE IN THE SAME FILE STAY GREEN, because they all run in English where both forms render identically. Asserting the visible count would not have discriminated at all.

THE ENUMERATION BEHIND THE ATTRIBUTE CLAUSE, so its scope is arguable rather than asserted. A raw number reaches a human-readable attribute only through a template literal or a concatenation, since anything routed through `t()` is covered centrally. Two greps over `aria-label|title|alt` cover it: FOUR template literals exist and exactly one interpolated a quantity; TWO concatenations exist and both go through `t()`. The whole surface is six expressions.

THREE NEIGHBOURING SURFACES CHECKED AND DELIBERATELY LEFT ALONE, each correct for a DIFFERENT reason: progress bars carry the percentage as a CSS inlineSize and are aria-hidden; role=progressbar sets aria-valuenow/min/max, which ARIA requires to be plain numbers that assistive technology formats itself, so localizing them would BE a defect; and an input type=number must hold a Latin-parseable value.

EVERYTHING AC-147's VERDICT (AV-225) CARRIED IS STILL IN FORCE and is not re-litigated here: the i18n formatter module's two load-bearing halves are mutation-proven; the ar-u-nu-arab pin is proven load-bearing on the runner; the Arabic DUAL-form hollow pass was caught and rebuilt; and the two-locale browser check measured run-level x-positions for RTL reordering and confirmed the U+066A glyph renders.

ANALYSIS, NOT MEASUREMENT, AND SAID PLAINLY. The bare-JSX enumeration remains ANALYSIS resting on a name-heuristic scanner that was wrong three times. The `t()` path and the attribute path are stronger: the first is closed by CONSTRUCTION, the second by an enumeration small enough to state exhaustively. E2E remains WEAK evidence here - it runs in English, where grouping appears only at >=1000 and seed counts are small.

⚠ REGISTER LIMITATION, RECORDED RATHER THAN HIDDEN. This criterion SUPERSEDES AC-147 in substance, but AC-147's `superseded_by` column is NULL and its status is still Approved, because the store refuses to edit an approved acceptance criterion at all - including to mark it superseded. The supersession therefore exists in PROSE ONLY, and a column nothing sets is invisible to every view. See DEF-111.",agent,auto-test,2b0da29,1,2026-08-26T20:45:12Z,,
AV-227,AC-149,Met,"MECHANICAL, at the merge commit 76c2dde (PR #316). CI, Security and E2E all completed/success. Backend job 6m34s - inside the normal band, so no DEF-109 signature; Acmp.Integration.Tests 0 failed, so DEC-077 d3's stop rule did not fire. dotnet format --verify-no-changes clean, full solution builds in Release, per-file frontend coverage >=95%, check-i18n 1947 keys with no mojibake, check-hardcoded-strings clean, oxlint 0 errors.

⭐ THE NEW TESTS ARE PROVEN TO HAVE RUN BY THE COUNT, NOT BY THE COLOUR - WBS-24.2's lesson applied. Acmp.Integration.Tests moved 64 -> 68 total (+4, exactly the four ConfigurationStoreSqlTests) with 2 skipped before and after; Acmp.Api.Tests moved 368 -> 376 (+8, exactly the eight AdminRetentionEndpointsTests). ⚠ A grep of the CI log for the test CLASS names returns zero, because the log carries only per-assembly summaries - that absence is a property of the log format and NOT evidence, which is why the count is the instrument here. The first attempt to read that log returned ZERO BYTES and the grep over it returned a confident zero; a control term proved the scan had no subject.

REAL SQL SERVER, WHICH IS THE POINT. ConfigurationStoreSqlTests asserts what EF InMemory structurally cannot: that the DATABASE refuses a duplicate Key (a different row carrying the same key - exactly what an upsert that forgot to look first would produce), that a value round-trips through a real NVARCHAR(max) with Arabic in the payload, that an in-place update keeps EXACTLY ONE row, and that the migration created the schema and table SEC-103 NAMES, queried from sys.tables rather than inferred from the migration file. Acmp.Api.Tests runs on EF InMemory, which does not enforce unique indexes at all, so its eight tests would pass whether the index existed or not - DEF-066's shape. ⚠ These had never been executed anywhere before this run: Docker is not available on the authoring machine, and the first CI attempt died at the format check with Build and Test SKIPPED, so this is genuinely their first execution.

MUTATION-PROVEN, both guards, each confirmed to compile and run: removing Policies.AdminConfig from the endpoint group turns the two refusal tests red while the other six stay green; removing key normalization turns the casing/whitespace test red alone.

OBSERVED, NOT INFERRED - and this half is INSPECTION rather than auto-test, which the single method field cannot express. The surface was rendered in a real browser in BOTH locales including its empty state, because jsdom does not render. That is how a REAL bidi defect was found: in Arabic {""years"":7} rendered as {years"":7""}, the quote migrating because a JSON fragment is almost entirely NEUTRAL characters which take the paragraph's direction. WBS-24.3's lesson had named ""a config panel"" as where this would recur, and it recurred in the next slice in exactly that surface type. ⚠ unicode-bidi:plaintext - the wiki diff's fix - does NOT work here, because it takes direction from the first STRONG character and a JSON fragment has none; dir=""ltr"" on the code-like elements is what works.

ANALYSIS, NOT MEASUREMENT, AND SAID PLAINLY. That NOTHING PURGES is verified by INSPECTION, not by test: no purge, archival or hard-delete path exists in src, and an absence cannot be asserted by a passing test. That inspection is the same one DW-036 recorded in 2026-08-18 and it was re-run here. ⚠ No test proves a future purge job could not be added; only the requirement, DEC-013's canon and this criterion's text stand against that.",agent,auto-test,76c2dde,1,2026-08-26T22:25:57Z,,
AV-228,AC-150,Met,"INSPECTION, and the method field says so rather than borrowing AC-149's auto-test standing. THE ABSENCE: a sweep of src at 76c2dde for a purge, archival-deletion or hard-delete path over governance records returns nothing. The sweep is trustworthy because it has a proven CONTROL - the same instrument finds the three 'retention' hits that DO exist (Knowledge template deprecation, which is a SOFT delete and explicitly 'permanent retention'), so it is looking at something rather than returning a clean answer over an empty set. DW-036 recorded the same absence on 2026-08-18 and this is a re-verification, not a citation of it.

THE AUDIT-LOG CLAUSE, which is what this criterion adds over AC-149. The audit store is not merely un-purged but UN-PURGEABLE through the application: AuditEvent has no public setters and no delete path, SaveChanges only ever Adds, and the Audit_DenyMutation migration removes the database grant. That is asserted by AuditImmutabilityDbPermissionTests on REAL SQL Server in Acmp.Integration.Tests, which passed in this run (66 of 68, 2 skipped, 0 failed).

THE CONFIGURABLE CLAUSE is carried by the same mechanism AC-149 evidences with auto-tests at 76c2dde - the Configuration store, its Administrator-only authorization and its audited write - and is not re-argued here.

⚠ THE LIMIT OF THIS VERDICT, STATED SO IT IS NOT OVER-READ. No test can prove a purge path will never exist; a passing test cannot assert an absence. What stands against one being added quietly is DEC-013's Approved canon, reopenable only via a new ADR, plus this criterion's text - not a mechanical control. If a future session wants a mechanical one, an architecture test forbidding delete operations over the governance entities would be the honest instrument, and it does not exist today.",agent,inspection,76c2dde,1,2026-08-26T22:27:44Z,,
AV-229,AC-151,Met,"INSPECTION at 76c2dde. No automated job deletes or archives-away stored files: a sweep for purge/archival/cleanup paths over the file store returns nothing, and the Hangfire recurring-job registrations contain no retention or cleanup job - consistent with SEC-089, which places retention enforcement in Phase 2 rather than v1.

THE CONFIGURABLE CLAUSE needs no attachment-specific mechanism and deliberately has none: the Configuration store is generic by design (SEC-103 - Key/Value/Scope), so `retention.attachment.years` is recorded, changed and read back through exactly the path AC-149 evidences with auto-tests, under the same Administrator-only authorization and the same audited write. That genericity is recorded in the criterion so nobody builds a parallel mechanism for files.

⚠ SAME LIMIT AS AC-150, and it matters MORE here: this evidences that no such job exists today, not that none can be added - and for binary files in object storage a deletion is IRREVERSIBLE in a way a soft-deleted row is not. DEC-013's canon and NFR-060's own text are what stand against it, not a mechanical control.

⚠ EXPLICITLY NOT CLAIMED: any particular period; LEGAL HOLD, which SEC-083 names for recordings and transcripts as 'legal-hold capable' and which OQ-DATA-003 leaves open with legal - the configurable half is satisfied, the legal-hold half is NOT and is out of scope; and DW-052's residual, that the upload validators enforce 50 MB and 2 GB against NFR-011's 100 MB, which is a size question untouched by retention.",agent,inspection,76c2dde,1,2026-08-26T22:27:44Z,,
AV-230,AC-152,Met,"PR #317 -> ca75244, all three CI workflows green (CI, Security, E2E).

BACKEND. tests/Acmp.Api.Tests/AuditExportApiTests.cs adds 16 cases; the assembly moved 368 -> 392, so they are proven to have RUN by the count, not the colour. Coverage: AuditEndpoints.cs 169/169 lines and HardeningExtensions.cs 55/55 = 100%, unioned across per-project cobertura reports (never summed - trap 34) with a negative control returning NOT FOUND over 461 subject files.

THREE MUTATIONS, each mutant confirmed to have COMPILED before the run (trap 12):
(1) remove the CSV BOM -> Csv_carries_a_utf8_bom_and_survives_arabic_and_embedded_commas fails, 1 of 16. Asserted on BYTES because HttpContent.ReadAsStringAsync STRIPS the BOM - a string-based assertion would have passed whether or not the server sent one.
(2) apply PageSize.Clamp to the export query -> Export_is_not_truncated_by_the_paged_read_cap fails, 1 of 16. It seeds 640 rows past the 500 cap and asserts the LAST row is present.
(3) falsify the recorded row count -> Export_writes_an_audit_event_naming_who_scope_and_volume fails. The volume assertion was first written against a seed of 4, which a single stray character could satisfy; rebuilt on 37 and anchored to the property name.

AUTHORIZATION, proven by forcing the refusal: Administrator, Member, Reviewer and Submitter all 403; Auditor, Chairman and Secretary all 200; no token 401; format=xlsx|pdf|empty all 400.

AXE ROUTE (SC-032). E2E count moved from a MEASURED baseline of 88 on PR #316 to 90 here: +2 for one added test, because playwright.config.ts runs rtl-a11y.spec.ts in both chromium and msedge. The baseline was re-measured rather than quoted from the prompt. The sweep opens the export menu BEFORE scanning. A grep of the e2e log for the new test's name returns zero - and so does a grep for an EXISTING test's name, because the log carries only per-test dots and a summary - so the name grep is blind here and the count is the evidence.

FRONTEND. 165 files / 1463 tests green; check-i18n 1953 keys (EN+AR added together); check-hardcoded-strings clean; oxlint clean; npm run build exit 0 against a lockfile-unchanged tree (trap 22c).

dotnet format --verify-no-changes exit 0, run FIRST because WBS-24.5's first CI run died there with build and test skipped.

WHAT IS NOT CLAIMED, and the AC says so in its own text: actor display-name resolution is deliberately absent from the export format; C-INS-01's anomaly alert does not exist and is carried as DW-087; the Report.Export composition is defence in depth that NO TEST DISCRIMINATES, stated as analysis rather than measurement; the inert Actor/Action/Date filter chips are unchanged; and SEC-177's /audit/export route does not exist because INV-014 gives the design reference precedence.

NOT VERIFIED LOCALLY: Acmp.Integration.Tests could not run on this machine (Docker daemon down; all 154 failure traces name DockerUnavailableException with no other cause present). CI ran it with Docker available and the CI workflow is green.",agent,auto-test,ca75244,1,2026-08-27T13:24:09Z,,
AV-231,AC-153,Met,"EXECUTED, not analysed. Commit 8e8e49f on feat/wbs-24.7-configurable-streams.

(a) REAL SQL SERVER - Acmp.Integration.Tests/StreamConfigurationSqlTests: ten streams created and all ten projected back under a per-run code prefix (the taxonomy reaching sixteen rows), which is the check NFR-010's own verification note asks for by name and which nothing previously performed; the UNIQUE index on Code proven to refuse a collision when the handler check is bypassed - a DbUpdateException the InMemory provider could NOT have produced, so that assertion is self-proving (DEF-066); a rename read back through a THIRD DbContext so no tracked entity could serve it.
(b) Acmp.Application.Tests/StreamConfigurationFeatureTests, 13 tests: duplicate refused across case AND padding with nothing audited on the refused path, code normalised, wildcard never set, rename leaving the code untouched, validator boundary asserted at 64 AND 65 characters so a silently widened rule cannot pass.
(c) Acmp.Api.Tests/AdminStreamEndpointsTests, 6 tests: Secretary refused the create, Auditor refused the rename, unusable scope key refused as 400 with nothing written, and a create-then-read round trip through the endpoint the SPA actually uses.
(d) MUTATION CHECK (LL-013): disabling the duplicate-code guard moved the failure count 0 -> 1, then reverted clean - the guard is proven load-bearing rather than merely present.
(e) Frontend: 13 component tests plus 4 data-layer tests running the REAL hooks against a stubbed fetch, asserting URL, verb, and that the rename body carries NO code key.
(f) VISUAL, because jsdom does not render: a throwaway harness importing only the stylesheets the real route imports, both locales, dir set on <html> since a portaled dialog escapes any wrapper. The computed direction of all three inputs was read back. It found a real defect no test could see - the code and English-name inputs inherited RTL, and an ASCII slug with a NEUTRAL hyphen is reordered in an RTL paragraph (WBS-24.5's bidi class, where {""years"":7} rendered as {years"":7""}) - fixed with dir=ltr and re-verified by rendering. Harness deleted, dev server killed, port confirmed free (DEC-075 d3).

GATES: dotnet format --verify-no-changes exit 0. Domain 269, Architecture 54, Application 1180 (+13), Integration 69 passed / 2 skipped (+3), Api 398 (+6) - every count moved by EXACTLY the number of tests added, so the new tests are proven to have RUN rather than inferred from a green job. Backend coverage 463 files at 99.60% global, ZERO files below ADR-0016's 95% floor. Frontend 166 files / 1480 tests, coverage gate exit 0, StreamEditor.tsx 97.87%. i18n parity 1968 keys; check-hardcoded-strings clean.

NOT CLAIMED: the >=20 target (evidence is at TEN, the number NFR-010's own verification note names); deletion (no DELETE endpoint, deliberately - it would orphan live scope references); SEC-178's Owner/Members/Active-topics/Status columns (three have no source in the domain, and StreamsReference declares them missing on purpose). CI on the PR is the arbiter for the gates; the runs above are the same commands CI runs.",agent,auto-test,8e8e49f800bd6e00f1f3e1cb584c9b456428713e,1,2026-08-28T14:20:11Z,,
AV-232,AC-154,Met,"PR #323 -> 24738d4b, ten checks green (backend 9m1s, e2e 8m56s, frontend 2m49s). Recorded by agent:claude-opus-5-session-6e2a7131. SessionPreviewApiTests 13/13 and SessionApiTests 14/14 in Acmp.Api.Tests; PresenterPreviewAuthorizationTests 9/9 in Acmp.Application.Tests; Acmp.Application.Tests 1191/1191 overall. THE TWO SERVER-SIDE LAYERS ARE PROVEN SEPARATELY BY SIGNATURE, which is what makes this more than three tests of one control: a Guest calling the preview is refused with the X-Acmp-Auth-Reason guest_scope header that the path gate alone sets, while Member, Reviewer, Auditor, Administrator and Submitter are each refused with that header ABSENT plus an Authorization.Forbidden row read back from the audit store. THE POSITIVE CASE IS PINNED AGAINST THE FAILURE THAT WOULD LOOK IDENTICAL: the same Secretary's own /session/me answers 204 while the preview returns a full slot, so a build that ignored the targeting parameter - the most likely way this silently does nothing - fails rather than passing on some payload. The banner carries the TARGET's expiry, asserted equal to the value the invite returned, which a caller-composed banner could not produce since a Secretary's access never expires. Empty-state parity forced three ways: no presenter assigned, a cancelled meeting, and a topic absent from the agenda, each 204 with the audit register asserted to contain no preview row. A dangling presenter id with no member row fails closed the same way. The successful preview is asserted as a ROW via Action ?? EventType, with a before-state control proving the row was absent first. THE LIMIT OF THIS VERDICT, STATED PLAINLY: it does not evidence opening a material from the preview (the control is absent by DEC-086 d2 and no committee-side retrieval path exists anywhere - DW-088), it does not force the SPA route guard as an independent layer, and it does not claim an audit row for refused or empty previews. A MEASURED FINDING THAT SHAPED THE TEST DESIGN AND IS EVIDENCE IN ITSELF: adding Guest to the query's AllowedRoles leaves ALL of SessionPreviewApiTests green, because the path gate intercepts guests first - demonstrated by applying the mutation, not argued - so the guest exclusion at the application boundary is structurally invisible to HTTP tests and is asserted against AuthorizationBehavior directly instead.",ci,auto-test,24738d4b,1,2026-08-29T00:19:16Z,,
AV-233,AC-155,Met,"PR #323 -> 24738d4b, e2e job PASSED in 8m56s on the merge run, covering the added test in both chromium and msedge. Recorded by agent:claude-opus-5-session-6e2a7131. THE TEST IS PROVEN TO HAVE RUN BY THE COUNT, NOT THE COLOUR: playwright --list moved 92 -> 94, which is +2 for ONE added test because the config runs rtl-a11y.spec.ts in two browsers. The baseline was RE-MEASURED rather than quoted - the resume file records 90 from the previous item and the live figure was 92, which is exactly why the standing rule is to measure. A grep of the e2e log for a test name is not usable as evidence here: it returns zero for an EXISTING test too, because the log carries only per-test dots and a summary. THE SEEDED STATE IS THE SUBSTANCE OF THE CRITERION. The test creates a meeting, a prepared topic and an assigned presenter through the API, then asserts the topic heading is visible BEFORE axe runs, so a regression that turned the page into its empty state fails rather than sweeping clean over a shared empty-state component. Both locales assert zero violations across wcag2a, wcag2aa, wcag21a, wcag21aa and wcag22aa. THE LIMIT: this adds one route to the sweep and changes nothing about the denominator - the sweep still visits a small fraction of the application's routes, and that finding remains carried by DW-071 rather than being closed here. Colour contrast is disabled in this sweep by the standing convention and is not evidenced.",ci,auto-test,24738d4b,1,2026-08-29T00:19:16Z,,
AV-234,AC-156,Met,"PER RULE, NEVER IN AGGREGATE - which is the mitigation NFR-064's own verification detail demands, and the reason each clause below names its own test rather than a suite.

SoD-1 HARD REFUSAL (auto-test): tests/Acmp.Application.Tests/Actions/ActionHandlerTests.cs FORCES it - the owner attempts to verify their own action, the test asserts ThrowAsync<ForbiddenAccessException>, asserts the denied audit, and then asserts the status stayed 'Completed' rather than 'Verified'. That last assertion is what makes it a proof of REFUSAL rather than of an exception type: a guard that threw after mutating would fail it. Predicate additionally covered by SegregationOfDutiesTests.CanVerifyAction_enforces_verifier_independence (3 cases).

SoD-2 WARN-AND-AUDIT (auto-test): tests/Acmp.Api.Tests/Sod2SoleAuthorAuditRowTests.cs, NEW in this item. Approving_your_own_sole_authored_minutes_is_allowed_and_leaves_a_sole_author_row drives the real HTTP pipeline, asserts success (NOT a 403 - SoD-2 is soft by spec), then reads AuditDbContext.AuditEvents through the real factory and asserts the Meetings.MinutesApprovedBySoleAuthor ROW. Approving_someone_elses_minutes_leaves_no_sole_author_row is the paired control. THIS IS AN UPGRADE, NOT NEW COVERAGE: MinutesHandlerTests already covered the behaviour but asserted the audit as a MOCK CALL (audit.Received(1).EmitEnrichedAsync(...)), which proves the sink was called and cannot prove a row was written. NFR-064 asks for the ROW specifically for a warn-and-audit rule, and SoD-2 was the one rule of five whose evidence fell short of that bar - measured while sizing this item, and the reason DEC-096 d3 put all five rules inside it.

SoD-3 HARD REFUSAL (auto-test): tests/Acmp.Application.Tests/Decisions/VoteHandlerTests.cs FORCES it - the chair who closed the vote attempts to issue the coupled decision, ThrowAsync<ForbiddenAccessException> plus the audited denial. Predicate additionally covered by SegregationOfDutiesTests.Chairman_cannot_be_the_sole_vote_counter (3 cases).

SoD-4 WARN-AND-AUDIT (auto-test): tests/Acmp.Api.Tests/Sod4ConflictAuditTests.cs, NEW. Three tests through the real pipeline, each asserting the Decisions.DecisionRecordedByConflictedActor ROW from AuditDbContext. (a) the topic OWNER records a decision on their own topic - 201 Created, NOT 403, and the conflict row is present. (b) the agenda PRESENTER records it on the meeting - the separate leg, and the only one that executes AgendaPresenterReader at all. (c) a control actor who IS a seeded committee member but owns nothing - the ordinary drafted row present, the conflict row absent. Predicate covered by SegregationOfDutiesTests.IsRecorderConflicted_flags_owner_or_presenter (4 cases) and _treats_a_missing_owner_or_presenter_as_no_conflict.

SoD-5 HARD REFUSAL (auto-test): tests/Acmp.Api.Tests/AuditApiTests.cs drives [InlineData(""Administrator"")] to a real 403 through the HTTP pipeline; PermissionMatrixTests covers AC-007 across every committee-content row; AuditExportApiTests and VotingEligibilityApiTests cover the export and eligibility surfaces. ENFORCED BY NON-GRANT RATHER THAN BY A PREDICATE - Administrator is simply never listed in a committee-content capability's role list, so no SoD-specific code executes. DEC-095 d3 recorded its strength as a HARD REFUSAL on the ground that the runtime answer IS a 403; 'structural' describes the implementation, not the strength.

MUTATION-PROVEN FOR SoD-4, the rule actually built here. Stubbing SegregationOfDuties.IsRecorderConflicted to return false produced a mutant CONFIRMED TO COMPILE (0 build errors - trap 12), after which 1 of 2 API tests and 4 of 11 predicate cases FAILED. The control test kept passing, CORRECTLY: it asserts an absence, so only the positive test discriminates, and recording that stops a later reader treating the control as a second proof. The guard was then restored and verified byte-identical with cmp, and both suites returned green.

THE COVERAGE GATE FOUND A GAP THE TESTS COULD NOT, and it is recorded because the verdict would have been weaker without it. On the first full run AgendaPresenterReader.cs scored 20% (1/5 lines): every SoD-4 test had passed meetingId null, so the PRESENTER leg had never executed once while the feature looked covered and every test was green. The presenter test closes it. This is WBS-24.5's and WBS-24.8's repeated lesson - run the gate that exists, not the tests you remember.

GATES, run as CI runs them, against 42e948b8's tree: dotnet format --verify-no-changes exit 0; Release build 0 errors; Domain 269, Architecture 54, Application 1198, Api 419, Integration 69 passed / 2 skipped / 71 with SearchProvidersFtsTests green against real SQL Server; coverage gate 468 files at 99.63% global with ZERO files under 95%. CI on the merged tree: frontend, backend and compose all success, plus E2E and Security.

WHAT THIS VERDICT DELIBERATELY DOES NOT CLAIM. It does not cover SoD-4's CONFLICT-OF-INTEREST clause: DEC-095 d2 ruled that FR-076 specifies it - and specifies it softly, the declaration recorded WITHOUT automatic exclusion - and it stays Phase 2 with DW-004 and WBS-9.7. It does not cover the visual surfacing of SoD-4's flag, which DW-094 carries: SoD-2's equivalent renders in the SPA and SoD-4's stops at DecisionDetailDto, and NFR-064's verification detail names the warning and the audit row rather than a user interface. And it does not claim SoD-1, SoD-3 or SoD-5 were BUILT here - they shipped earlier; what this item did for them was verify each against the requirement's actual bar by reading the predicate rather than counting identifiers (trap 33), which is how SoD-2's shortfall was found.",agent,auto-test,42e948b8,1,2026-08-30T01:56:11Z,,
AV-235,AC-157,Met,"PER SIGNAL, NEVER IN AGGREGATE, which is what NFR-065's verification detail demands. All four tests are in tests/Acmp.Api.Tests/AnomalySignalAuditTests.cs and read AuditDbContext.AuditEvents through the real AcmpWebApplicationFactory, so each asserts a ROW rather than an emission.

SIGNAL 1 POSITIVE: A_large_audit_export_leaves_a_bulk_export_anomaly_row. The threshold is set to 1 via the ConfigurationSetting store, a topic is submitted so the log has a row to deliver, and the export is driven through HTTP. Asserts the Audit.BulkExportAnomaly ROW is present AND that audit.exported is ALSO present - the C-AUDIT-08 record is a separate event, not replaced.
SIGNAL 1 NEGATIVE: A_small_audit_export_leaves_no_anomaly_row, threshold 100000. Asserts audit.exported present and the anomaly row absent.

SIGNAL 2 DATA HALF: Reading_a_restricted_topic_leaves_an_access_row. A topic is submitted, marked Restricted through /confidentiality, then read. Asserts the Topics.RestrictedTopicAccessed ROW. THIS ASSERTION WOULD HAVE FAILED BEFORE THIS ITEM AND THAT IS THE POINT: measured 2026-08-30, 18 write features in Topics used IAuditSink and ZERO read features did, so nothing recorded who read which Restricted topic and the signal was undetectable by ANY mechanism, Seq included. It also asserts the anomaly row is ABSENT, since one read is not atypical.
SIGNAL 2 POSITIVE: Repeated_restricted_topic_reads_leave_an_anomaly_row, threshold 2, three reads by one principal. Asserts the Topics.RestrictedAccessAnomaly ROW.

EVERY NEGATIVE CONTROL ALSO ASSERTS AN ORDINARY ROW, so a NotContain cannot pass vacuously over an empty list - RefusalAuditTests records that exact failure, where two NotContain assertions passed the whole time against a helper reading the wrong column. A detector with no negative case cannot be distinguished from one that always fires, and always-fires is the failure that teaches a reviewer to ignore the signal.

MUTATION-PROVEN IN TWO PASSES, EACH MUTANT CONFIRMED TO COMPILE (trap 12). Pass one stubbed BOTH threshold checks to return early: the two positive tests FAILED and both negative controls CORRECTLY kept passing, because they assert an absence and only the positive tests discriminate. Pass two removed the access-recording call from GetTopicDetailHandler: both signal-2 tests FAILED, which proves the data half independently of the detection half. The detector was then restored and verified byte-identical with cmp, and a grep confirmed zero mutant markers remain in either file.

THRESHOLD BASIS: recorded as PROVISIONAL PENDING A BASELINE per DEC-099 d3, with values in the ConfigurationSetting store under anomaly.bulkexport.rowcount, anomaly.restrictedaccess.count and anomaly.restrictedaccess.windowminutes. The tests SET those keys rather than relying on defaults, which is itself the proof that the values are configurable without a deployment - the property DEF-110 records as missing for the urgency SLA thresholds.

A BUG THIS EVIDENCE CAUGHT RATHER THAN SHIPPED, recorded because a passing test would have hidden it: ConfigurationSetting.Create normalises keys with Trim().ToLowerInvariant(), so the first version's camelCase keys matched NOTHING and both thresholds silently fell back to their defaults. That is a threshold that cannot be configured - DEF-110's exact shape arriving through the back door on the control built to avoid it - and it presented as two failing tests rather than as a passing control.

PLACEMENT: the recording sits AFTER the visibility check in GetTopicDetailHandler. Verified by reading the handler: above that line the caller may not see the topic and the refusal is deliberately indistinguishable from 'no such topic', so an access row there would log reads that never happened and would leak the existence of hidden topics into the audit log.

GATES against c273294c's tree, run as CI runs them: dotnet format --verify-no-changes exit 0; Release build 0 errors; Domain 269, Architecture 54, Application 1198, Api 423, Integration 69 passed / 2 skipped / 71 with SearchProvidersFtsTests green against real SQL Server; coverage gate 469 files at 99.63% global with ZERO files under 95%. CI on the merged tree: frontend, backend and compose all success, plus E2E and Security. CI independently reported Api at 423, matching the local count.

WHAT THIS VERDICT DOES NOT CLAIM. It does not cover the Seq alert RULE that would notify on these events - DEC-099 d2 puts detection in the application and notification in Seq, and the Seq half belongs to the ops/runtime group blocked on a running stack. It does not cover C-INS-01's optional dual-control clause, which stays with OQ-025 (Deferred). And it does not cover C-INS-01's three other named signals - role grants/delegations, bursts of authz denials, off-hours privileged actions - which DOC-067 never declined and which no row currently schedules; that is a real residual and is stated here rather than left to be discovered.",agent,auto-test,c273294c,1,2026-08-30T06:46:31Z,,
AV-236,AC-157,Met,"CORRECTION OF `AV-235`'s EVIDENCE, NOT A RE-GRADING. The verdict stays `Met` and the substance is unchanged; ONE CLAUSE of the prior evidence is false and is corrected here, because verdicts append and an operator was about to take a `WBS-26.2` verdict against a slate that quotes it.

**THE FALSE CLAUSE.** `AV-235` reads: *""CI on the merged tree: frontend, backend and compose all success, plus E2E and Security.""* **The backend job on the merged tree FAILED.** Measured: the squash-merge commit `c273294c` ran CI run `33297623382` (push, main) and its conclusion is `failure` - backend `failure`, frontend `success`, compose `success`, publish `skipped`. The Security workflow on the same sha (`33297623356`) did succeed. **E2E does not run on `push` at all**, so no E2E result exists for the merged tree; the E2E green being cited is the PR head's.

**WHAT WAS ACTUALLY BEING DESCRIBED.** PR `#331`'s head `6e8d4b967ac866645cda1f1918d844d46ae90e05` ran CI `33297195353`, E2E `33297195349` and Security `33297195360`, all three SUCCESS, finishing 06:43:15Z. The merge run started 06:45:13Z. **The prior evidence read the PR-head runs and attributed them to the merged tree** - the same conflation the kickoff prompt made when it recorded `#331` as merging *with ten checks green*.

**WHY THE VERDICT SURVIVES INTACT, STATED SO NOBODY HAS TO RE-DERIVE IT.** The failing test is `Acmp.Integration.Tests.SearchProvidersFtsTests.Every_provider_executes_its_full_text_query_on_real_sql_server`, a SQL Server container that never started (`ContainerNotRunningException`, container exited 1). **The four tests backing this criterion are in `tests/Acmp.Api.Tests/AnomalySignalAuditTests.cs`, and `Acmp.Api.Tests` passed 423 of 423 on that same failing run** - a figure CI reported independently and which matches the local count the prior evidence cites. Domain 269, Architecture 54 and Application 1198 also passed on it. **Nothing in this criterion's evidence chain ran through the failed job.** The local gate figures the prior evidence cites (Integration 69/2/71, coverage 469 files at 99.63%) were a LOCAL run against `c273294c`'s tree and are unaffected.

**EVERY OTHER CLAUSE OF `AV-235` STANDS AND IS NOT RESTATED HERE** - the four per-signal tests with their negative controls, the two-pass mutation proof with each mutant confirmed to compile, the threshold-basis keys in the `ConfigurationSetting` store, the placement of the recording after the visibility check, and the explicit scope exclusions. Read `AV-235` for those; read this row for the one correction.

⚠ The merged tree's red is filed as `DEF-121` (`Open`, high) and is a container-startup failure under investigation per `DEC-100` d1. **It is not evidence about this criterion**, and this correction must not be read as either weakening or strengthening the `WBS-26.2` verdict - it makes the evidence true, which is the only thing it does.",agent,auto-test,c273294c,1,2026-08-31T00:04:26Z,,
AV-237,AC-158,Met,"EVIDENCED BY CI, NOT BY A LOCAL MEASUREMENT - which is the whole reason this criterion could not be written before now. `DW-090` refused an AC that would *""rest on a one-off local measurement taken by the agent that made the change""*, and `NFR-054`'s own recorded verification method names a CI check. **CITED BY RUN ID, NOT BY COLOUR (`LL-036`).**

**THE MERGE-COMMIT RUN ON `main`: run `33392572509` (push, main), commit `05f2bbd5`, conclusion SUCCESS** - backend, frontend, compose and publish all `success`. The `compose` job (job `99492447195`) emitted, verbatim:
```
api    (acmpimg-api):    258.2 MB <= 500.0 MB
api    (acmpimg-api):    base ""mcr.microsoft.com/dotnet/aspnet:10.0-noble-chiseled-extra"" verified - 5 of 7 layers match
worker (acmpimg-worker): 256.5 MB <= 500.0 MB
worker (acmpimg-worker): base ""mcr.microsoft.com/dotnet/aspnet:10.0-noble-chiseled-extra"" verified - 5 of 7 layers match
web    (acmpimg-web):     56.9 MB <= 500.0 MB
web    (acmpimg-web):    base ""nginxinc/nginx-unprivileged:1.31-alpine"" verified - 9 of 11 layers match
[check-image-contract] 3 image(s) within 500.0 MB and on their expected base (NFR-054)
```
**THE PR RUN: run `33391609531` (pull_request), head of PR `#333`** - ten checks green, `compose` job `99486311772` emitting byte-identical figures. Both runs are cited because they are DIFFERENT runs over the same code and only naming both makes the claim checkable (`LL-036`).

⭐ **PROVEN TO HAVE RUN, NOT INFERRED FROM A GREEN JOB.** The `compose` job was green before this change too - it just built nothing. The gate's own output lines were grepped out of both logs. ⚠ **AND THE GREP WAS CALIBRATED FIRST:** the same log was grepped for a PRE-EXISTING step (`check-asvs-pack-paths` / `ASVS`) and returned **26** hits, so the log demonstrably carries step output and a zero would have meant *the gate did not run* rather than *this log never contains step names*. That control is the third step `WBS-24.5` and `WBS-24.2` both had to learn.

⭐⭐ **THREE INDEPENDENT MEASUREMENTS AGREE, ON TWO DIFFERENT HOSTS.** Local (Docker 29.7.2, by the exact command CI runs): api 258.2 MB, worker 256.5 MB, web 57.0 MB. PR runner: 258.2 / 256.5 / 56.9. `main` runner: 258.2 / 256.5 / 56.9. The 0.1 MB difference on `web` is layer-compression noise between hosts, not drift. ⭐ **AND api's 258.2 MB MATCHES `DEC-092`'s INDEPENDENTLY-RECORDED 258 MB** - a figure taken on 2026-08-29 by a different route, months before this instrument existed.

**CLAUSE 1 (SIZE) IS EVIDENCED** by the three per-image figures above, each against the 500.0 MB decimal cap, asserted per image and never in aggregate.

**CLAUSE 2 (BASE) IS EVIDENCED IN BOTH ITS PARTS** by the three *base ... verified* lines, each naming the expected repo:tag and reporting the layer-prefix match count.

**MUTATION-PROVEN BY FORCING ALL FOUR REFUSALS - a clean result from an unproven scanner proves nothing (`LL-013`):**
1. **Fails closed (trap 31):** run against a project name that built nothing -> *""inspected 0 of 3 expected images - refusing to pass on a partial set""*, exit 1, with a per-image *image not found* for each. It does not skip.
2. **Size cap discriminates:** cap lowered 500 MB -> 100 MB -> `api` and `worker` FAIL with their real figures while `web` (57.0 MB) correctly PASSES. A cap that failed everything would prove nothing.
3. **(A) catches the `-extra` scenario:** `deploy/Dockerfile.backend`'s `api` stage repointed to plain `10.0-noble-chiseled` -> **(A) fires on `api` alone**, naming the expected and actual refs; `worker` and `web` pass. ⚠⚠ **AND (B) COULD NOT HAVE CAUGHT THIS ONE** - the digest was unchanged, so the layers are identical and (B) would have passed. This is the measurement that proves (A) is load-bearing rather than decorative.
4. **(B) catches what (A) cannot:** `web` repointed to the aspnet base in BOTH the Dockerfile and the expectation table, so (A) passes -> **(B) fires on `web` alone**, reporting *5 base layers vs 11 built - it was not built from that base*.
Each mutant compiled/parsed and ran (trap 12). All were reverted: the gate verified **byte-identical by `cmp`**, both Dockerfiles clean by `git diff`, and a grep confirmed **zero** mutant markers remained.

⚠ **THE REST OF THE `compose` JOB IS UNBROKEN**, verified locally before push: `check-self-contained`, `check-realm-export`, `check-cloud-images`, `check-runbook-drift` and `check-asvs-pack-paths` all exit 0, and both compose topologies still pass `config -q`.

⚠ **COST, MEASURED RATHER THAN ESTIMATED:** the `compose` job went from **12 s** to **1 m 20 s** - the three builds cost ~68 s on a CI runner. `timeout-minutes` was raised 10 -> 30 in the same change, because a build added under a 10-minute ceiling fails as a timeout, which reads like an infrastructure fault rather than a budget nobody revisited.

⛔ **WHAT THIS VERDICT DOES NOT CLAIM.** It does not claim anything about the database image beyond its exclusion from the size cap. It does not claim CVE posture - `trivy-image` stays report-only by design. And it does not claim the chosen bases are optimal, only that they are the expected ones and that the artifacts genuinely sit on them.",ci,auto-test,05f2bbd5,1,2026-08-31T20:18:00Z,,
