id,entry,phase_id,slice_id,occurred_at,custom_attributes,last_referenced
PE-001,Carry-forward findings resolved: logout UI control + CSP templating,,,2026-06-25,"{""date_provenance"":""authored""}",
PE-002,Review remediation: 6/6 healthy + full browser login/logout cycle,,,2026-06-25,"{""date_provenance"":""authored""}",
PE-003,"Infra change-slice applied (post-P4, before P5). No P4/app rework.",,,2026-06-25,"{""date_provenance"":""authored"",""slice_note"":""references P4 and P5 but belongs to neither; slice left unset rather than guessed""}",
PE-004,"P4 complete: claim-to-role mapping, policy + ABAC authorization, SoD, full Membership module, Users & Membership screen",PH-1,SL-004,2026-06-25,"{""date_provenance"":""authored""}",
PE-005,"P3 complete: design-system shell, role-filtered nav, OIDC wiring, states, accessible drag-and-drop",PH-1,SL-003,2026-06-25,"{""date_provenance"":""authored""}",
PE-006,P2 verified: pattern already delivered by the P1 scaffold; closed with deferral notes,PH-1,SL-002,2026-06-25,"{""date_provenance"":""authored""}",
PE-007,P2 review: closed the one blocker (pipeline/validator test coverage),PH-1,SL-002,2026-06-25,"{""date_provenance"":""authored""}",
PE-008,P1 scaffold complete (stop point; report before P2),PH-1,SL-001,2026-06-25,"{""date_provenance"":""authored""}",
PE-009,PH-0 kickoff,PH-0,,2026-06-25,"{""date_provenance"":""authored""}",
PE-010,"Fixed: the web client access token had no subject claim, silently breaking just-in-time provisioning and subject identity",,,2026-06-26,"{""date_provenance"":""authored""}",
PE-011,P5b PR4: Backlog kanban + accessible drag-and-drop (triage transitions) - final P5b slice,PH-1,SL-005,2026-06-26,"{""date_provenance"":""authored""}",
PE-012,P5b PR3: Topic detail (read + discussion + history) wired to the topic-by-key endpoint,PH-1,SL-005,2026-06-26,"{""date_provenance"":""authored""}",
PE-013,P5b PR2: Submit topic form (W1) wired to the create-topic endpoint,PH-1,SL-005,2026-06-26,"{""date_provenance"":""authored""}",
PE-014,P5b PR1: Backlog read path (table + list views) wired to the topics endpoint,PH-1,SL-005,2026-06-26,"{""date_provenance"":""authored""}",
PE-015,"P5a backend complete: Topics module (domain to application to infrastructure to API), live-verified on real SQL Server",PH-1,SL-005,2026-06-26,"{""date_provenance"":""authored""}",
PE-016,Re-did the UI for fidelity against the local product-context design references,,,2026-06-26,"{""date_provenance"":""authored""}",
PE-017,UI reconciled to the product-context design across all built surfaces,,,2026-06-26,"{""date_provenance"":""authored""}",
PE-018,"Backlog (5 views incl. live calendar/timeline), filter chips, submit rich-text bar, 5-tab topic detail",PH-1,SL-005,2026-06-27,"{""date_provenance"":""authored""}",
PE-019,Users & Membership rebuilt to the updated design (rich directory + read-only user detail); unplanned affordances removed,PH-1,SL-004,2026-06-27,"{""date_provenance"":""authored""}",
PE-020,"Foundation fidelity pass against the updated design references (design system, app shell, navigation and information architecture)",PH-1,SL-003,2026-06-27,"{""date_provenance"":""authored""}",
PE-021,"P6 hardening: fixed the 3 live-pass findings + re-verified the full notification loop live (Arabic, right-to-left)",PH-1,SL-006,2026-06-27,"{""date_provenance"":""authored""}",
PE-022,"P6 live authenticated browser pass (rebuilt stack, real Keycloak PKCE, Arabic right-to-left) + 2 pre-existing findings",PH-1,SL-006,2026-06-27,"{""date_provenance"":""authored""}",
PE-023,P6 follow-up: meetings and notifications endpoint integration tests,PH-1,SL-006,2026-06-27,"{""date_provenance"":""authored""}",
PE-024,P6 follow-up: meeting-schedule flow (un-defers the new-meeting form) + server-implicit committee,PH-1,SL-006,2026-06-27,"{""date_provenance"":""authored""}",
PE-025,P6e UI: notification centre wired to the live feed + bell badge (closes the AC-051/053 loop),PH-1,SL-006,2026-06-27,"{""date_provenance"":""authored""}",
PE-026,"P6d UI: live meeting workspace - agenda spine, attendance, discussion, actual-time",PH-1,SL-006,2026-06-27,"{""date_provenance"":""authored""}",
PE-027,P6c UI: Agenda builder wired to the Meetings API + a meetings list,PH-1,SL-006,2026-06-27,"{""date_provenance"":""authored""}",
PE-028,P6b backend: in-app Notifications module + the agenda-publish / meeting-schedule fan-out (AC-051/053 floor),PH-1,SL-006,2026-06-27,"{""date_provenance"":""authored""}",
PE-029,P6a backend complete: Meetings module + cross-module scheduler seam,PH-1,SL-006,2026-06-27,"{""date_provenance"":""authored""}",
PE-030,Fixed every finding from the pre-advance P5 audit (all severities),PH-1,SL-005,2026-06-27,"{""date_provenance"":""authored""}",
PE-031,"Full-page notification inbox: paging backend + page, mark-all, unread/all filter",PH-1,SL-006,2026-06-28,"{""date_provenance"":""authored""}",
PE-032,Recording placeholder styled to the design recording empty-card anatomy,PH-1,SL-006,2026-06-28,"{""date_provenance"":""authored""}",
PE-033,Read-only agenda viewer ported to the overview preview-card anatomy + head status-chip fix,PH-1,SL-006,2026-06-28,"{""date_provenance"":""authored""}",
PE-034,"Notes editor, action row, captured card to design anatomy + deferred concern",PH-1,SL-006,2026-06-28,"{""date_provenance"":""authored""}",
PE-035,Prove the database-enforced invariants the in-memory provider silently accepts,,,2026-06-29,"{""date_provenance"":""authored"",""programme"":""S-series test hardening (ADR-0016); harvested into P17""}",
PE-036,Close the frontend per-file gap to bring every file to the coverage floor,,,2026-06-29,"{""date_provenance"":""authored"",""programme"":""S-series test hardening (ADR-0016); harvested into P17""}",
PE-037,Close the last backend gaps to make every file per-file-gate ready,,,2026-06-29,"{""date_provenance"":""authored"",""programme"":""S-series test hardening (ADR-0016); harvested into P17""}",
PE-038,"Failure-first coverage of the OIDC wiring, route guards, API client, and query hooks",,,2026-06-29,"{""date_provenance"":""authored"",""programme"":""S-series test hardening (ADR-0016); harvested into P17""}",
PE-039,Failure-first coverage of the uncovered application handlers and validators,,,2026-06-29,"{""date_provenance"":""authored"",""programme"":""S-series test hardening (ADR-0016); harvested into P17""}",
PE-040,"Establish coverage measurement, exclusion basis, and slice plan",,,2026-06-29,"{""date_provenance"":""authored"",""programme"":""S-series test hardening (ADR-0016); harvested into P17""}",
PE-041,"Schedule form: fix field rhythm and alignment, full-width mode, design date and time control",PH-1,SL-006,2026-06-29,"{""date_provenance"":""authored""}",
PE-042,Meetings list to design: upcoming/past split + list and calendar toggle + month grid,PH-1,SL-006,2026-06-29,"{""date_provenance"":""authored""}",
PE-043,Reconcile the bell popover + full inbox to the design reference (branch feat/p6b-notifications-ia),PH-1,SL-006,2026-06-30,"{""date_provenance"":""authored""}",
PE-044,Refactor the meeting page into a shell + nested content surfaces (branch feat/p6a-meeting-ia),PH-1,SL-006,2026-06-30,"{""date_provenance"":""authored""}",
PE-045,Build the six non-Users admin tabs from the Administration design reference (branch feat/p4-admin-reconcile),PH-1,SL-004,2026-06-30,"{""date_provenance"":""authored""}",
PE-046,Close the P3 forensic findings against the Usage Map and Design System references (branch chore/p3-round2-reconcile),PH-1,SL-003,2026-06-30,"{""date_provenance"":""authored""}",
PE-047,"Documentation and code integrity fixes (one PR, branch chore/doc-integrity)",,,2026-06-30,"{""date_provenance"":""authored""}",
PE-048,"Wire the hard coverage gate (global and per-file, frontend and backend) - the last slice",,,2026-06-30,"{""date_provenance"":""authored"",""programme"":""S-series test hardening (ADR-0016); harvested into P17""}",
PE-049,Prove the live right-to-left flip and an automated accessibility sweep (last end-to-end slice),,,2026-06-30,"{""date_provenance"":""authored"",""programme"":""S-series test hardening (ADR-0016); harvested into P17""}",
PE-050,Cover the deferred drag paths and the adversarial denial and validation cases,,,2026-06-30,"{""date_provenance"":""authored"",""programme"":""S-series test hardening (ADR-0016); harvested into P17""}",
PE-051,Drive the whole governance loop through the real UI on the live stack,,,2026-06-30,"{""date_provenance"":""authored"",""programme"":""S-series test hardening (ADR-0016); harvested into P17""}",
PE-052,Stand up Playwright against the real compose stack; prove the genuine auth round-trip,,,2026-06-30,"{""date_provenance"":""authored"",""programme"":""S-series test hardening (ADR-0016); harvested into P17""}",
PE-053,"App-owned Hangfire + the due-soon, overdue and escalation sweep (W22; AC-054/055)",PH-1,SL-008,2026-07-01,"{""date_provenance"":""authored""}",
PE-054,Create a follow-up action from a decision (W13; backend expose + create form),PH-1,SL-008,2026-07-01,"{""date_provenance"":""authored""}",
PE-055,"The action detail lifecycle buttons + independent verify (W14; read to write, no backend change)",PH-1,SL-008,2026-07-01,"{""date_provenance"":""authored""}",
PE-056,The actions register + routed action detail (read-only),PH-1,SL-008,2026-07-01,"{""date_provenance"":""authored""}",
PE-057,Actions bounded context: lifecycle + segregation-of-duties verify (W13/W14; AC-012/013),PH-1,SL-008,2026-07-01,"{""date_provenance"":""authored""}",
PE-058,"The meeting minutes tab, governed by the minutes and denied states",PH-1,SL-007,2026-07-01,"{""date_provenance"":""authored""}",
PE-059,Minutes-of-meeting 5-state lifecycle in the Meetings module (W10; AC-014/036/037/038),PH-1,SL-007,2026-07-01,"{""date_provenance"":""authored""}",
PE-060,Reverse entered-language-only to mirrored bilingual content,PH-1,SL-007,2026-07-01,"{""date_provenance"":""authored""}",
PE-061,"Decision screen + supersede dialog, with an additive title on the aggregate",PH-1,SL-007,2026-07-01,"{""date_provenance"":""authored""}",
PE-062,Decisions bounded context: W12 issue + the decision half of W21 supersede (branch feat/P7a-decisions-backend),PH-1,SL-007,2026-07-01,"{""date_provenance"":""authored""}",
PE-063,Unify the three divergent rich-text surfaces into one markdown editor (branch feat/dv-04-rich-text),,,2026-07-01,"{""date_provenance"":""authored""}",
PE-064,Remediation of the 28 findings from the adversarial P1-P9 audit (backlog + fidelity),PH-1,SL-001,2026-07-02,"{""date_provenance"":""authored""}",
PE-065,The vote screen + call-vote configure dialog (W11; AC-021 to AC-026 + AC-052),PH-1,SL-009,2026-07-02,"{""date_provenance"":""authored""}",
PE-066,"The Vote aggregate + the segregation-of-duties gate (W11; AC-021 to AC-026, AC-015/016, AC-052)",PH-1,SL-009,2026-07-02,"{""date_provenance"":""authored""}",
PE-067,The AC-029 gate retrofit (OQ-045 resolved; closes the Actions module),PH-1,SL-008,2026-07-02,"{""date_provenance"":""authored""}",
PE-068,The designed Hangfire job monitor tab (AC-056),PH-1,SL-008,2026-07-02,"{""date_provenance"":""authored""}",
PE-069,The traceability impact-graph UI (frontend; PR2 of 2),PH-1,SL-010,2026-07-03,"{""date_provenance"":""authored""}",
PE-070,The traceability graph transitive endpoint (backend; PR1 of 2),PH-1,SL-010,2026-07-03,"{""date_provenance"":""authored""}",
PE-071,The dependencies register + the shared traceability panel + create dialogs (frontend only),PH-1,SL-010,2026-07-03,"{""date_provenance"":""authored""}",
PE-072,The Dependencies module: governed dependency edge + register and panel API (backend only),PH-1,SL-010,2026-07-03,"{""date_provenance"":""authored""}",
PE-073,The Traceability module + typed edges + widened decision-issue gate (backend only),PH-1,SL-010,2026-07-03,"{""date_provenance"":""authored""}",
PE-074,The risks register + routed detail + create dialog (frontend only),PH-1,SL-010,2026-07-03,"{""date_provenance"":""authored""}",
PE-075,The Risk aggregate + mitigations + the W15 lifecycle (backend only),PH-1,SL-010,2026-07-03,"{""date_provenance"":""authored""}",
PE-076,"Convert-to-ADR from an issued decision - new decision-reader and traceability-writer seams, promote command, wired button and confirm dialog",PH-1,SL-011,2026-07-04,"{""date_provenance"":""authored""}",
PE-077,"Invariants tab, invariants register and detail, create-invariant dialog (frontend only)",PH-1,SL-011,2026-07-04,"{""date_provenance"":""authored""}",
PE-078,"Architecture invariant aggregate; W18/W21 lifecycle, supersede-not-edit (backend)",PH-1,SL-011,2026-07-04,"{""date_provenance"":""authored""}",
PE-079,"The ADR register, the MADR-lite detail, and the create dialog (frontend only)",PH-1,SL-011,2026-07-04,"{""date_provenance"":""authored""}",
PE-080,"New Governance module (ADRs); MADR-lite lifecycle, supersede-not-edit, W17/W21",PH-1,SL-011,2026-07-04,"{""date_provenance"":""authored""}",
PE-081,Operator-driven live visual review of the impact graph + the three create dialogs,PH-1,SL-010,2026-07-04,"{""date_provenance"":""authored""}",
PE-082,Fixed the 7 major and the minor fidelity and localization cluster from the exhaustive P10 audit,PH-1,SL-010,2026-07-04,"{""date_provenance"":""authored""}",
PE-083,The risk-exposure and dependency dashboards (frontend; the last P10 slice),PH-1,SL-010,2026-07-04,"{""date_provenance"":""authored""}",
PE-084,P12 audit remediation - fidelity and stream-filter honesty (branch fix/p12-audit-remediation),PH-1,SL-012,2026-07-05,"{""date_provenance"":""derived-from-git"",""git_sha"":""b3c1a45"",""pr"":""#96"",""note"":""the v1 log section carries no date in its heading or body; the date is the real merge-commit date""}",
PE-085,"P12-PR3 - Reports shell: six view-tabs, filter, CSV export (frontend)",PH-1,SL-012,2026-07-05,"{""date_provenance"":""derived-from-git"",""git_sha"":""6252134"",""pr"":""#95""}",
PE-086,"P12-PR2 - Role dashboards: committee, secretary and chairman variants (frontend)",PH-1,SL-012,2026-07-05,"{""date_provenance"":""derived-from-git"",""git_sha"":""4648b19"",""pr"":""#94""}",
PE-087,"P12-PR1 - Reporting thin registers: decisions, votes and minutes reads + topic deferral counter (backend)",PH-1,SL-012,2026-07-05,"{""date_provenance"":""derived-from-git"",""git_sha"":""20a451b"",""pr"":""#93""}",
PE-088,P11 audit remediation - fidelity and robustness fixes across the Governance surfaces,PH-1,SL-011,2026-07-05,"{""date_provenance"":""derived-from-git"",""git_sha"":""6468fb7"",""pr"":""#92""}",
PE-089,Keystone migration gap remediation (branch fix/keystone-migration-gaps),,,2026-07-06,"{""date_provenance"":""inferred-from-body""}",
PE-090,Keystone package migration (branch chore/keystone-package-migration),,,2026-07-06,"{""date_provenance"":""inferred-from-body""}",
PE-091,P13 - Webex integration (Phase 2) (branch feat/p13-webex-integration),PH-2,SL-013,2026-07-07,"{""date_provenance"":""inferred-from-body""}",
PE-092,CI hardening - hosted-runner scarcity and minute-burn (branch ci/harden-runner-scarcity),,,2026-07-09,"{""date_provenance"":""inferred-from-body""}",
PE-093,P13 audit remediation - slice 2 (Webex hardening),PH-2,SL-013,2026-07-09,"{""date_provenance"":""inferred-from-body""}",
PE-094,P13 audit remediation - slice 1 (recording tab + test integrity),PH-2,SL-013,2026-07-09,"{""date_provenance"":""inferred-from-body""}",
PE-095,"Topic prepare UI affordance delivered (historic D-15, now DW-015) - tier 3 complete",,,2026-07-09,"{""date_provenance"":""inferred-from-body"",""deferred_work"":""DW-015""}",
PE-096,"P13-close - Webex integration + meeting recording, closed (Phase 2)",PH-2,SL-013,2026-07-09,"{""date_provenance"":""inferred-from-body""}",
PE-097,"P13-recording - meeting-recording upload, presigned playback, delete (Phase 2)",PH-2,SL-013,2026-07-09,"{""date_provenance"":""inferred-from-body""}",
PE-098,Audit slice PR1 - same-transaction atomicity (NFR-042),,,2026-07-11,"{""date_provenance"":""inferred-from-body""}",
PE-099,Audit slice merged to main (PR #105),,,2026-07-12,"{""date_provenance"":""inferred-from-body""}",
PE-100,Audit slice PR4 - the audit register UI,,,2026-07-12,"{""date_provenance"":""inferred-from-body""}",
PE-101,Audit slice PR3 - auditor read + on-demand verify API,,,2026-07-12,"{""date_provenance"":""inferred-from-body""}",
PE-102,Audit slice PR2 - migrate emit sites to the enriched emit path,,,2026-07-12,"{""date_provenance"":""inferred-from-body""}",
PE-103,"P15c-2 Research convert frontend (W16, FR-113/114/115)",PH-2,SL-015,2026-07-13,"{""date_provenance"":""authored""}",
PE-104,"P15c-1 Research convert backend (W16, FR-113/115)",PH-2,SL-015,2026-07-13,"{""date_provenance"":""authored""}",
PE-105,"Audit-append concurrency fixed via serialization (ADR-0028) - historic D-18, now DW-018",,,2026-07-13,"{""date_provenance"":""authored"",""deferred_work"":""DW-018""}",
PE-106,P15b live pixel visual review (pass) + audit-append race reproduced,PH-2,SL-015,2026-07-13,"{""date_provenance"":""authored""}",
PE-107,P15a + P15b (Research module: backend + UI),PH-2,SL-015,2026-07-13,"{""date_provenance"":""authored""}",
PE-108,P15e Knowledge UI: wiki + template management (FR-116/117/119),PH-2,SL-015,2026-07-14,"{""date_provenance"":""authored""}",
PE-109,P15d-2 Knowledge backend: template (FR-119),PH-2,SL-015,2026-07-14,"{""date_provenance"":""authored""}",
PE-110,P15d-1 Knowledge backend: document (FR-116/117),PH-2,SL-015,2026-07-14,"{""date_provenance"":""authored""}",
PE-111,P15 (Research and Knowledge) design-fidelity and localization audit remediation,PH-2,SL-015,2026-07-15,"{""date_provenance"":""authored""}",
PE-112,Register refresh: acceptance audit and status report reconciled to P15-complete,PH-2,SL-015,2026-07-15,"{""date_provenance"":""authored""}",
PE-113,P15h template pre-fill (FR-120) - the last P15 sub-slice,PH-2,SL-015,2026-07-15,"{""date_provenance"":""authored""}",
PE-114,"P15f/g global search (FR-143/144/145/118, AC-060/061; OQ-034 resolved)",PH-2,SL-015,2026-07-15,"{""date_provenance"":""authored""}",
PE-115,"P16 batches B2b, B3 and B4: hardening completed (one PR)",PH-4,SL-016,2026-07-16,"{""date_provenance"":""authored""}",
PE-116,P16 batch 2 (PR2): scanners triaged and flipped to gating,PH-4,SL-016,2026-07-16,"{""date_provenance"":""authored""}",
PE-117,P16 (security hardening) - batch 2: CI security gates + supply chain (PR1),PH-4,SL-016,2026-07-16,"{""date_provenance"":""authored""}",
PE-118,"P16 (security hardening, ASVS 5.0 L2) - batch 1: audit and vote crypto core",PH-4,SL-016,2026-07-16,"{""date_provenance"":""authored""}",
PE-119,P17a (test hygiene) - un-broke a critical package gate that main had shipped red,PH-4,SL-017,2026-07-17,"{""date_provenance"":""authored""}",
PE-120,P16 merged (complete) + P14 deferred indefinitely (DEC-028),PH-4,SL-016,2026-07-17,"{""date_provenance"":""authored""}",
PE-121,P16-B3 follow-up: package identifier gate fixed + SQL transit encrypted + documentation corrections,PH-4,SL-016,2026-07-17,"{""date_provenance"":""authored""}",
PE-122,P17b (final slice) - decision-issuance UI built; AC-014/015/016 Met,PH-4,SL-017,2026-07-18,"{""date_provenance"":""authored""}",
PE-123,P18 deployment - P18a hardening (merged #146) + P18b backup and runbook,PH-4,SL-018,2026-07-19,"{""date_provenance"":""authored""}",
PE-124,"Closeable-gap follow-up - 5 items on one branch (AC-032/043/057 Met); historic D-23, now DW-023",,,2026-07-20,"{""date_provenance"":""authored"",""deferred_work"":""DW-023""}",
PE-125,P19 final audit and release readiness - reports + conditional no-go (ladder complete),PH-4,SL-019,2026-07-20,"{""date_provenance"":""authored""}",
PE-126,"Data repair of the 2.3.0-migrated package (2026-07-22/23): recovered the discarded roadmap as a narrative document, corrected 8 deferred-work statuses to the v1 register, rewrote the three handoff prompts to the v2 protocol, restored 155 work-item titles, backfilled 125 dated progress entries with three-valued date provenance, and created PH-4 under DEC-029/SC-001. Superseded by the 2.4.0 re-population recorded below.",,,2026-07-23,"{""date_provenance"":""authored"",""note"":""re-authored on re-population; the original entry referenced document ids from the 2.3.0-era package""}",
PE-127,"Re-populated the package from docs/ with the 2.4.0 parser (identity DW crosswalk, full-text statements, ACs land Proposed, roadmap emitted as a document) and swapped it in for the 2.3.0-era package. Carried over: PH-4 + DEC-029 + SC-001, 19 slices, 129 progress entries, 13 defect records, 10 ADR-amendment trace edges, the deferred-work and work-item status truth-ups, and the AC-to-slice binding.",,,2026-07-23,"{""date_provenance"":""authored""}",
PE-128,"Status reconciliation after re-population, value-diffed against the prior package rather than assumed: deferred-work Done = historic D-13/15/16/18/19/21/23 (identity-keyed), Activated = D-02; 15 work items re-marked Deferred; PH-0/PH-1 re-marked Implemented; risk states reproduced by the 2.4.0 parser without repair.",,,2026-07-23,"{""date_provenance"":""authored""}",
PE-129,"Residuals after re-population, deliberately left open: the derived backlog still lists unevidenced work items as open (recorded as an open defect row); leaf work items carry no phase inheritance; the package-header name retains the interim -v2 suffix (cosmetic; no tool writes the packages row).",,,2026-07-23,"{""date_provenance"":""authored""}",
PE-130,"Provenance repair (findings_7 §C): FR-100/FR-107 custom_attributes.v1 still held the 2.3.0-era escaped-pipe shear (Requirement truncated at the backslash, Priority/Source/Phase columns shifted) — the 2.4.0 hand-repair fixed the visible columns but deliberately never sent custom_attributes (whole-JSON replace guard). Repaired by operator order via full-row entity_upsert with the corrected v1 snapshot, matching the frozen source (docs/requirements/functional.md:185,199) and the 2.5.x parser output byte-for-byte. The runbook §8 scratch-diff is now expected to return zero requirement diffs including JSON blob columns.",,,2026-07-23T09:34:04Z,,
PE-131,"PH-5 cloud-deployment intake: recorded phase PH-5 (Cloud hosting & environments, Proposed), 8 slices SL-020..SL-027, decision DEC-030, scope change SC-002, ADR-0034 (EC2 host), ADR-0035 (S3 replaces MinIO), ADR-0036 (Keycloak on SQL Server), ADR-0037 (subdomains + ECR digest promotion) all Proposed, defects DEF-014 (MSSQL_PID Developer licence) + DEF-015 (hardcoded bucket const), AC-075..AC-085 bound to slices, RISK-013..RISK-024, and OQ-059..OQ-063. Plan is cozy-scribbling-music.md revision 2 (approved after an adversarial review that caught 5 fatal defects in revision 1). No PH-1..PH-4 artefacts changed. AWS facts verified against the live account (created 2024-11-02, free tier expired 2025-11-02; us-east-1 cheapest at $0.0416/hr) and vendor docs (SQL Server 2 GiB floor; Keycloak mssql + RCSI). ADRs remain Proposed pending operator ratification of the INV-003/CON-001/CON-003 amendments.",,,2026-07-23T17:35:58Z,,
PE-132,"PH-5 ratification (operator, 2026-07-24): ADR-0034/0035/0036/0037 flipped Proposed→Approved — the INV-003/CON-001/CON-003/ADR-0013 amendments are ratified; PH-5 and DEC-030 → Approved. Open questions OQ-059..OQ-063 DECIDED via the recommended defaults: SQL Express in both environments, us-east-1, two build-tagged web images (runtime OIDC injection deferred), Webex off in UAT, worker kept split. Also accepted (not tracked as OQs): no Reserved Instance until UAT validates the topology, and SSM Session Manager instead of an open SSH port. Execution of slice P20 authorized; scripts to be authored for operator run (P20 provisions IAM/S3/budgets and moves off root on the live account — an operator-run step).",,,2026-07-23T23:29:47Z,,
PE-133,"U2/U3 spikes RUN (Docker, local isolated stack). U2 GREEN: Keycloak 26 healthy in production `start` mode on KC_DB=mssql, 87 tables in SQL Server, realm imported + survived restart (AC-077 Met), OIDC discovery served, and the sqlserver-init re-run is a clean no-op under a live Keycloak connection. U3 GREEN: SQL Server Express carries Full-Text Search (IsFullTextInstalled=1) and the Arabic word-breaker (LCID 1025). The spike caught a real high-severity defect (DEF-016): the RCSI guard used DATABASEPROPERTYEX('...','IsReadCommittedSnapshotOn'), an invalid property that returns NULL, so `NULL = 0` never fired the ALTER and RCSI was left OFF — the deadlock config ADR-0036 exists to prevent. Fixed in sqlserver-init.sh to read sys.databases.is_read_committed_snapshot_on; the re-run then reported RCSI=1 ('the fixed guard fired'). Also fixed two harness bugs (MSYS in-container path conversion; USE-context lines polluting scalar reads). Final harness tally 10/1, the sole remaining failure a cosmetic scalar-parse issue on the end-to-end Arabic CONTAINS() check (the index is created; count=1 seen in raw output) — fix applied, not re-run to save cost. Still MANUAL: the browser PKCE leg through nginx /kc/ (stage 3) and AC-084 no-OOM under a full-app e2e run.",,,2026-08-02T07:42:40Z,,
PE-134,"P22 (S3 file store) code slice landed — bucket names de-hardcoded, Minio client made region-aware, EnsureBucketAsync tolerant of a least-privilege denial, CSP media-src added, nginx recordings proxy made cloud-safe. DEF-015 was under-scoped: it named three recording handlers, but Topics/AttachFileToTopic.cs carried a FOURTH const ('acmp-topics'), a bucket no AWS environment provisions and which the app IAM cannot create — topic attachment would have failed outright in cloud. All four now read StorageOptions (Storage:RecordingsBucket / Storage:AttachmentsBucket); defaults reproduce the on-prem MinIO split so nothing moves, and both cloud services point at the single per-env bucket. U1's offline half is answered and PINNED BY TEST rather than by a spike run: Minio 6.0.3 recognises any Amazon host and substitutes its own region map (AWSS3Endpoints), so us-east-1 is addressed as s3.amazonaws.com path-style regardless of the configured ACMP_S3_ENDPOINT — the CSP media-src origin therefore had to be s3.amazonaws.com, and getting that wrong would have blocked playback silently with nothing in the API logs. Reading the SDK also showed PutObjectPartAsync issues an AbortMultipartUpload on a part-count mismatch for known-size streams (every upload we make) while 03-iam.sh granted no s3:AbortMultipartUpload — added to both policy documents before P20 is ever run, so it is a script edit rather than a live IAM change. DEVIATION from the slice text, recorded not silent: the nginx /acmp-recordings/ proxy is neutralized (variable upstream + resolver, so nginx stops resolving 'minio' at config load and the cloud web container boots) rather than deleted, because deleting it would regress the on-prem/ngrok dev playback path that deploy/.env actually uses and force a second nginx template ahead of P25. NOT DONE, and not claimed: AC-078 and AC-083 both need a live bucket and stay Pending; no AWS call was made; the AWSSDK.S3 fallback was not built. Evidence: full backend suite green (dotnet test exit 0), coverage gate 99.64% global (>=95% target) exit 0, dotnet format clean.",PH-5,SL-022,2026-08-02T23:22:13Z,,
PE-135,"P22 code slice: StorageOptions across four handlers, region-aware Minio client, denied-create tolerance, CSP media-src, cloud-safe nginx recordings location, s3:AbortMultipartUpload in 03-iam.sh. AC-078/AC-083 bound as the ACs this work serves — both remain Pending, their verification needs a live bucket.",,,2026-08-02T23:22:22Z,"{""ref"": ""feat/p22-s3-file-store"", ""binds"": [""SL-022"", ""DEF-015"", ""AC-078"", ""AC-083"", ""PH-5""]}",
PE-136,"P22 follow-up: the nginx leg was asserted before it was verified, and verifying it found a real break. Rendering the template in the pinned nginx-unprivileged image proved BOTH halves of the recordings-proxy deviation mechanically — with keycloak/api resolvable and NO minio host the committed template passes `nginx -t`, while restoring the literal `proxy_pass http://minio:9000;` fails with `[emerg] host not found in upstream ""minio""`, so the variable+resolver form is load-bearing rather than cosmetic. The first verification run was itself wrong, though: it mounted the template into the BASE image, which substitutes every defined env var, whereas Dockerfile.web pins NGINX_ENVSUBST_FILTER to KEYCLOAK_ORIGIN alone. CI caught it (acmp-web-1 exited 1 on the e2e stack). A template variable missing from that filter is not left harmlessly alone: the surviving ${ACMP_MEDIA_ORIGIN} is then read by nginx as one of its OWN runtime variables and the config dies at load with `unknown ""acmp_media_origin"" variable`. Fixed by listing it in the filter regex with an empty default in the image, and re-verified as UID 101 in all three combinations (old filter reproduces the CI failure; new filter renders `media-src 'self' ;` when empty and `media-src 'self' https://s3.amazonaws.com` when set). Lesson for any future CSP source added to the template: the envsubst filter must be extended in the same edit.",PH-5,SL-022,2026-08-02T23:33:36Z,,
PE-137,"P23 (backup / restore / DR) code slice landed, and the drill earned its keep. backup.sh now backs up BOTH stateful databases (Acmp + keycloak, which ADR-0036 put on the same instance), WITHOUT the WITH COMPRESSION clause that SQL Server Express rejects outright, and copies the .bak files to S3 as a hard requirement rather than a best-effort leg. The pg_dump and mc-mirror legs are gone — Keycloak has no Postgres, and mirroring an S3 bucket onto a 4 GiB instance would be copying AWS's own durability into the thing you are protecting against. restore.sh's Keycloak leg piped a gzipped pg_dump into psql inside a container ADR-0036 DELETED, written to fail non-fatally: it could only ever have reported a successful restore of a system nobody can log into. It now restores keycloak as a SQL database, resolves every .bak before touching any of them, and stops only the dependents actually running (SINGLE_USER alone is a race — the api reconnects and takes the single-user slot). THREE FAILED DRILL RUNS, each worth the time: (1) MSYS rewrote the in-container /opt/mssql-tools18 path to C:/Program Files/Git/opt/... — a Windows harness artifact, not a script bug; (2) the same again because the gate suppressed its own output, so the gate was changed to print the failure — a gate that cannot say why it failed is not a gate; (3) the real one, DEF-017: SQL Server writes the .bak ITSELF as uid 10001 while Docker had created the bind mount root-owned 0755, so BACKUP died with 'Operating system error 5(Access is denied.)'. That would have failed identically on the EC2 host, at 02:00, in a cron log, while the deployment looked backed up. backup.sh now preflights the mount and names the fix. Also added: 02-s3.sh expires CURRENT versions on the backups bucket ONLY (recordings never expire) — uncompressed nightly backups for two databases would otherwise grow without bound on an account whose budget actions cut access at 100% and stop instances at 120%. Evidence: U4 gate PASSES unattended — 3 -> 0 -> 3 on keycloak, Express, no COMPRESSION, Keycloak healthy after its database was restored (16 passed / 1 failed overall). NOT DONE and not claimed: the S3 upload leg and the Acmp-database half of AC-080 need a live environment; AC-080 stays Pending. UNRESOLVED and not mine: U3's Arabic CONTAINS() gate failed in all four of today's runs after passing in the previous session — nothing in this slice touches full-text search, and it is a populate-crawl timeout on a machine that has been running Docker all session, but it has NOT been diagnosed and should not be assumed flaky.",PH-5,SL-023,2026-08-03T05:19:50Z,,
PE-138,"P23: both databases backed up without COMPRESSION (Express), S3 off-instance copy as a hard requirement, restore.sh rewritten for SQL-Server Keycloak, DEF-017 backup-mount preflight, backups-bucket lifecycle expiry, cloud DR runbook. AC-080's local half proved by the new U4 drill gate; the AC stays Pending until a live environment covers the S3 leg and the Acmp database.",,,2026-08-03T05:20:06Z,"{""ref"": ""feat/p23-backup-dr"", ""binds"": [""SL-023"", ""DEF-017"", ""AC-080"", ""PH-5""]}",
PE-139,"P20 landing zone EXECUTED against the live account 565393059398 (us-east-1) by the operator on 2026-08-03 — the first time these scripts touched AWS. Created: IAM admin user acmp-admin (+access key), SNS topic acmp-budget-alerts with an email subscription AWAITING CONFIRMATION, security groups acmp-uat-web (sg-0b6d2e67df7af657b) and acmp-prod-web (sg-0524ce0a87443b8fd) with 443 only — no 22, no 80; four S3 buckets (acmp-{uat,prod}-{recordings,backups}) all public-access-blocked + SSE-S3 + versioned; two per-env app IAM users and two instance roles/profiles; four ECR repos. TWO SLICE CHANGES CONFIRMED LIVE: the backups buckets report 'current-expire 30d' while the recordings buckets do not (P23), and the app/instance policies carry s3:AbortMultipartUpload (P22). WHAT DID NOT HAPPEN, and it is the important part: 00-account.sh FAILED at budget creation — 'Unable to load paramfile file:///tmp/tmp.VpLH5zPaEV', because mktemp returns a POSIX path a native Windows aws.exe cannot open. Under set -e that aborted the script, so the monthly budget, the budget-action execution role AND the deny-new-spend policy were all skipped, while 01..05 continued and provisioned everything else. The account therefore currently holds real resources with NO spend guardrail — precisely the RISK-022 failure. Fixed in 824f225 by passing all four JSON documents inline instead of through temp files (no platform seam left); the operator must RE-RUN 00-account.sh, which is idempotent and will leave the existing user and topic alone. STILL OUTSTANDING: the two budget ACTIONS are console-only and unset (AC-085 stays Pending and is nowhere near Met); the SNS subscription is unconfirmed so no alert can fire yet; the operator is STILL RUNNING AS ROOT — acmp-admin exists but MFA is not attached and the root access keys are not removed; 05-route53.sh was correctly not run, as it needs a public IP that will not exist until P25.",PH-5,SL-020,2026-08-03T05:42:13Z,,
PE-140,"P20 account hygiene + spend controls COMPLETED live on 2026-08-03, and the guardrail is now armed rather than merely documented. Verified by query, not assertion: root MFA enabled (AccountMFAEnabled=1); root has NO access keys (AccountAccessKeysPresent=0 — the 'delete root keys' step was a no-op, because `aws login` issues a session rather than long-lived keys); acmp-admin carries a U2F device and a working key; SNS subscription CONFIRMED (a real ARN, no longer PendingConfirmation). The three keys emitted by the first P20 run were lost when the temp log was deleted before they were copied — all three were Active with unrecoverable secrets, so they were deleted and re-minted (acmp-admin by hand; the two app users by re-running 03-iam.sh, which mints only when a user has none), with the new secrets written to git-ignored deploy/secrets/ instead of a session temp file. Re-running the FIXED 00-account.sh then created what the first run could not: budget acmp-monthly (USD 60/mo MONTHLY COST) with 50/80/100% ACTUAL notifications, the acmp-budget-action execution role, and the acmp-budget-deny-new-spend policy. FINDING 1 — the script was wrong about its own limits: it claimed the CLI could not create the budget actions because that 'needs the role ARN', which is precisely the ARN it had just created, so the human console step was never necessary. The 100%-ACTUAL APPLY_IAM_POLICY action is now created BY the script, idempotently, and is live in STANDBY (action 1ed50a50-7de3-4c49-bd1b-233b77376b80); a guardrail that depends on someone remembering to click is one you find missing during the incident it existed for. Re-running 00 was verified a clean no-op with the action count still 1. FINDING 2 → OQ-064: the EC2 half of the brake cannot be built as specified. `aws budgets create-budget-action --generate-cli-skeleton` shows SsmActionDefinition as {ActionSubType, Region, InstanceIds} — explicit instance IDs, no tag filter anywhere in the API — so 'STOP_EC2_INSTANCES filtered by tag Project=ACMP' was never possible, cannot exist before P25 launches instances, and once created must be re-pointed whenever an instance is replaced. AC-085 is therefore unsatisfiable as written (it also says 120% where the script targets 100% FORECAST) and needs amending once OQ-064 is decided; the misleading line in the script is replaced with the API fact. STILL OPEN: CLI work is still done as root (acmp-admin now has MFA and a key, but the default profile remains the root session); AWS Cost Anomaly Detection is not enabled; AC-085 stays Pending.",PH-5,SL-020,2026-08-03T22:52:09Z,,
PE-141,"P24 part 1 (image publish) landed on feat/p24-cd-pipeline. Two pieces: deploy/aws/06-github-oidc.sh registers GitHub's OIDC provider and a push-only ECR role, and ci.yml gains a `publish` job. The identity choice is the substance — the obvious route is an IAM user with an access key in GitHub secrets, and that is deliberately refused: such a key never expires, every workflow in the repo can read it, and it outlives the machine it was pasted from; this project lost three keys to a temp file earlier the same day. The trust policy is scoped to one repository and to refs/heads/main, refs/tags/* and environment:*, so a fork pull request mints a token whose `sub` matches nothing and cannot push to the registry the servers pull from. Permissions are push+read on acmp/* only — no DeleteRepository, no BatchDeleteImage, no lifecycle writes, because CI publishes images but must not be able to remove the one production is running. The publish job sits INSIDE ci.yml rather than in its own workflow because `needs` is the only gate that makes publishing an untested commit structurally impossible; a separate workflow would trigger on workflow_run and re-derive the head SHA, which is more machinery for a weaker guarantee. id-token: write is per-job so the test jobs cannot mint an AWS token. api/worker/sqlserver-fts build once (environment-agnostic, promoted by digest); web builds twice as <sha>-uat and <sha>-prod because ADR-0037 bakes VITE_OIDC_AUTHORITY in, and the two are never interchangeable. Both authorities are REQUIRED repository variables rather than defaulted — a wrong or empty authority ships a bundle that cannot log in and fails in the browser with nothing in the API logs, the same silent-failure shape as the P22 CSP media-src bug. Digests are recorded to a 90-day artifact because promotion deploys by digest, so what UAT tested and what production runs are the same bytes rather than the same label. The job is guarded by vars.AWS_ROLE_ARN != '' so that merging it before the role exists leaves main green instead of red, and setting the variable switches it on with no follow-up commit. NOT DONE, NOT CLAIMED: 06-github-oidc.sh has NEVER BEEN RUN — the AWS session expired mid-slice, so the provider, role and policy do not exist and the publish job has never executed; nothing here is verified beyond YAML/shell parse. DRIFT RECORDED: SL-024 says the digest artefact is 'consumed by promote.sh', but promote.sh is the P18b on-prem warm-standby VM failover script (restore a backup, bring the stack up, stop before DNS cutover) whose premise — a standby VM — does not exist in the cloud topology. Image promotion needs its own script; this is the same class of stale assumption as P23's restore.sh pointing at a container ADR-0036 deleted.",PH-5,SL-024,2026-08-04T06:42:01Z,,
PE-142,"P24 part 1 VERIFIED LIVE. PR #166 squash-merged as 9739632; the publish job ran for the first time and succeeded, and the five images exist in ECR (api 104 MB, worker 100 MB, sqlserver-fts 1.41 GB, web -uat and -prod 22.9 MB each). The digest artifact matches `aws ecr describe-images` on all five, so promotion-by-digest has real bytes to point at. The substantive check was NOT the green tick. The claim that mattered is ADR-0037's premise that the two web images are not interchangeable, and the tempting proof — the two digests differ — is unsound: Docker builds are not reproducible by default, so differing digests are equally consistent with the build-arg being silently ignored. ECR's compressed sizes actively misled in the other direction, reporting the PROD image 5 bytes LARGER although its authority URL is 4 characters SHORTER. The sound test was to open the bundle: the top layer of each web image was pulled via get-download-url-for-layer and grepped. The UAT image contains only https://uat.acmp.anas7ammo.dev/kc/realms/acmp, the PROD image only https://acmp.anas7ammo.dev/kc/realms/acmp, neither contains the other's, and the UNCOMPRESSED dist differs by exactly 4 bytes — precisely len('uat.'). Per-environment baking is therefore evidenced, not inferred. Two pre-merge suspicions were checked rather than assumed and both were already correct: ecr:DescribeImages IS in the role policy, so the Record-digests step did not 403 after five successful pushes; and the LIVE trust policy really is narrowed to the single subject repo:A-H-911/acmp:ref:refs/heads/main, because 06-github-oidc.sh is written idempotently (it branches on get-role and calls update-assume-role-policy when the role exists) and was re-run after db7f47c — a create-only script would have left that narrowing on paper. Coupling to protect: the trust matches :ref:refs/heads/main, so if anyone ever adds an `environment:` key to the publish job, GitHub mints sub=repo:...:environment:NAME, which matches nothing and fails at assume-role rather than anywhere that reads like the cause. NOT DONE, NOT CLAIMED: no image has been RUN anywhere. Pull-and-boot on a real instance is entirely unproven and belongs to P25; publishing bytes is not the same as those bytes starting. NEW FINDING (cost): there is no ECR lifecycle policy, and the CI role deliberately cannot create one (ecr:PutLifecyclePolicy is excluded on purpose, correctly). Every push to main therefore adds an immutable SHA tag that nothing ever reaps. Shared layers keep the marginal cost per merge small, but the growth is unbounded against a $60/mo budget and needs an operator-run lifecycle policy. NEW FINDING (governance): SL-024 has NO acceptance criterion. AC-075..AC-085 bind to SL-020/021/022/023/025/026/027; the CD slice alone has none, so its exit is unmeasurable and this verification had no criterion to be recorded against. Surfaced to the operator rather than self-issued, because adding an AC moves the acceptance denominator. TOOLING: GNU tar treats a C:/ path as a remote host spec (host:path, rmt) and tried to network-connect to a host named 'C'; --force-local or a POSIX path is required. That failure was masked by a 2>/dev/null on the verification step and produced an EMPTY grep result, which was one careless sentence away from being reported as 'the authority is not baked in' — a fabricated defect. Suppressing stderr on a check converts a broken check into data-shaped output.",PH-5,SL-024,2026-08-04T13:42:55Z,,
PE-143,"PR #166 squash-merged. P24 part 1: GitHub OIDC role + gated ECR publish. First publish run green; 5 images live in ECR with digests recorded; per-env web baking verified by bundle extraction (uat/prod authorities correct, 4-byte uncompressed delta). Part 2 (promotion + getting compose/scripts/.env onto the box) still outstanding, needs P25's instance.",,,2026-08-04T13:43:04Z,"{""ref"": ""9739632"", ""binds"": [""SL-024"", ""PH-5""]}",
PE-144,"CORRECTION to PE-142, plus two fixes. (1) PE-142's cost finding — 'there is no ECR lifecycle policy' — was WRONG, and was asserted without reading 04-ecr.sh. The script has applied one since P20 (`put-lifecycle-policy`, keep last 10, re-applied idempotently on every run) and `aws ecr get-lifecycle-policy` confirms it live on all four repositories. Retracted. Checking it did surface the REAL defect underneath, which is sharper than the false one: the rule counts IMAGES (`imageCountMoreThan`), and `web` is the only repository receiving TWO images per merge (<sha>-uat and <sha>-prod, because ADR-0037 bakes the authority in). A flat keep-10 therefore gave web FIVE commits of rollback depth against ten for api/worker/sqlserver-fts. That asymmetry fails precisely where it matters, because promotion deploys BY DIGEST: rolling back roughly six merges would find api and worker present and the matching web images already expired — a partial rollback missing the one image that carries the environment identity. 04-ecr.sh now expresses retention in COMMITS (KEEP_COMMITS=10) and scales the image count per repository, and the corrected 20-image policy was applied live to acmp/web. (2) U3's Arabic CONTAINS() gate, which failed all four runs on 2026-08-03 and was recorded as undiagnosed, is DIAGNOSED and FIXED — and it was never flaky. The populate-crawl poll called FULLTEXTCATALOGPROPERTY('ftc','PopulateStatus') WITHOUT a `USE ftsspike` prefix, and sq() connects with no -d, so it executed in master. Full-text catalogs are scoped to the current database (CREATE FULLTEXT CATALOG: 'unique among all catalog names in the current database'; both Microsoft examples for the function prefix USE <database>), so in master the catalog does not exist, the function returned NULL, and `${pst:-1}` masked NULL as 'still populating'. The loop therefore never broke: the 'wait for the crawl' was a blind 45-second sleep that observed nothing, after which CONTAINS simply RACED the populate. That is exactly why it passed on an idle machine and failed on a loaded one — the gate never had a readiness signal at all. Every OTHER statement in the block carries an explicit USE; this one line was the sole omission. Secondary defect found in the same place: PopulateStatus is deprecated, and Microsoft warns that looping on the CATALOG-level property 'takes CPU cycles away from the database and full-text search processes, and causes timeouts', directing callers to the table-level property. The poll now asks OBJECTPROPERTYEX(OBJECT_ID('dbo.t'),'TableFulltextPopulateStatus') in the right database, treats a NULL/non-numeric read as LOUD ('!') rather than indistinguishable from 'busy', and reports a crawl that never reaches idle instead of silently handing CONTAINS a race. NOT CLAIMED: the fix is reasoned + syntax-checked (bash -n) but has NOT been re-run — Docker Desktop is not running in this session, and re-running the spike is the operator's call. The diagnosis stands on the code and the vendor documentation; the green re-run does not yet exist. (3) AC-086 created to close the governance gap PE-142 raised: SL-024 was the only PH-5 slice with no acceptance criterion, so its exit was unmeasurable. Recorded Met on the live evidence as AV-087.",PH-5,SL-024,2026-08-04T13:58:13Z,,
PE-145,"U3 poll hardened again after review caught a REGRESSION in the first fix — recorded because the near-miss is the useful part. PE-144's replacement gated on OBJECTPROPERTYEX(...,'TableFulltextPopulateStatus') = 0. That is wrong in a way that reads correct: status 0 means 'no population in progress', which is ALSO true BEFORE the crawl has started, and CREATE FULLTEXT INDEX ... WITH CHANGE_TRACKING AUTO queues the crawl asynchronously — the DDL returns before the FTS host picks up the work. The loop could therefore read 0 on its FIRST iteration, break in under a second, and hand CONTAINS the identical race it was written to remove. On a fast or idle machine that is strictly WORSE than the 45-second blind sleep it replaced, because the old code at least burned real time the crawl could use. Same defect class as the original bug: a readiness signal that is not evidence of readiness. The gate now reads BOTH properties as 'status:itemcount' and breaks only on idle AND at least one row indexed — TableFulltextItemCount is documented as 'the number of rows that were successfully full-text indexed', so it asserts the row is actually searchable rather than that the server is merely quiet. '0:0' is now explicitly the not-started state and is NOT success; a NULL/empty read (wrong database or missing object) stays LOUD. Verified by exercising the state machine over 0:0, 0:1, 1:0, empty, NULL and 9:3 — only 0:<non-zero> breaks. STILL NOT RE-RUN: Docker Desktop is not running in this session, so U3 remains DIAGNOSED and HARDENED, not proven. The single assertion the whole gate now rests on — that TableFulltextItemCount reaches >=1 on this box once the crawl lands — is exactly the one that cannot be obtained from the code, and it needs a live run in the isolated `acmpspike` project. Do not let 'diagnosed' become 'fixed' in a later summary without a green run.",PH-5,SL-021,2026-08-04T14:02:02Z,,
PE-146,"U3 CLOSED — root-caused, fixed, and re-run GREEN (17 passed / 0 failed). The Arabic CONTAINS() gate was never flaky; it was three stacked defects, and finding each one required fixing the instrumentation that was hiding the next. (1) The populate poll queried FULLTEXTCATALOGPROPERTY without `USE ftsspike`, and sq() connects with no -d, so it ran in master where the catalog does not exist; NULL came back, `${pst:-1}` masked it as 'still populating', and the wait degenerated into a blind 45-second sleep that observed nothing before CONTAINS raced the crawl. (2) The first replacement gated on TableFulltextPopulateStatus = 0 — wrong in a way that reads correct, because 0 also means 'the crawl has not started', and CHANGE_TRACKING AUTO queues it asynchronously, so the loop could break on iteration one and reproduce the race FASTER than the original bug. Caught in review before it shipped. (3) The second replacement used CONCAT over OBJECTPROPERTYEX, which returns sql_variant, raising 'Msg 257: implicit conversion from sql_variant to varchar'. sqlcmd prints errors on STDOUT, so sq()'s 2>/dev/null never filtered it and the error string arrived as the value, falling through the catch-all case to print '.' — the poll reported healthy progress for 80 seconds while executing nothing. Same family three times over: an error wearing the costume of data. The catch-all now treats ONLY a literal <digits>:<digits> as populating and everything else as LOUD. With the instrumentation finally honest, the REAL defect became visible and is recorded as DEF-018: SQL Server EXPRESS forces AUTO_CLOSE ON for user databases (not inherited from model — verified live, model=0 while Acmp, keycloak and the scratch db were all 1), and an auto-closing database tears down the asynchronous full-text population. Every poll was connecting, restarting the database, and killing the crawl it was polling for. AUTO_CLOSE OFF took the same row through 1:0 → 1:1 → 4:1 → 0:1 with CONTAINS = 1 in about 15 seconds. This is an EDITION-CHANGE defect that arrives with PH-5 — the on-prem Developer edition never did it — and it would have shipped: global search (AC-060/AC-061) would have returned nothing in the cloud with no error anywhere, since the index exists, IsFullTextInstalled reports 1 and the word-breaker is present. Fixed in deploy/scripts/sqlserver-init.sh for BOTH the app and Keycloak databases behind an is_auto_close_on guard (no exclusive access needed, so no ROLLBACK IMMEDIATE), and the spike sets it on its scratch database so U3 exercises the shipped configuration. Also re-confirmed live in the same run: AC-077 (Keycloak 26 production mode on mssql, 87 tables, realm survived restart) and the U4 backup/restore drill 3→0→3 on Express with Keycloak healthy afterwards.",PH-5,SL-021,2026-08-04T14:26:15Z,,
PE-147,"OQ-064 resolved: the EC2 budget brake keeps the native SSM action, and P25's launch script owns the InstanceIds. Re-verified from the LIVE API rather than from notes — `aws budgets create-budget-action --generate-cli-skeleton` confirms SsmActionDefinition is {ActionSubType, Region, InstanceIds}, with no tag filter anywhere, so the premise stands and 'STOP_EC2_INSTANCES filtered by tag Project=ACMP' was never expressible. Chosen: option (a) plus automation. Rejected (b), an EventBridge/Lambda that really can act on tags, as disproportionate — a function, an execution role, an SNS subscription and code to maintain, for a fleet of exactly two instances only ever created by a sanctioned script; it stays the answer if instances ever start being created outside that path, which is the single case (a) does not cover. Rejected (c), dropping it, because the IAM deny action does not reduce EXISTING spend: attaching a deny policy blocks new API calls but a running t3.medium keeps billing, so (c) would leave the brake with no lever that actually lowers the bill. The reason for automating the re-point rather than documenting it is the failure mode — a stale InstanceId does not error, it silently protects nothing, the same shape as DEF-017's unwritable backup mount and DEF-018's AUTO_CLOSE. The launch script already knows the ID it just created, so ownership costs one create-or-update call and deletes a manual step nobody would remember. TWO FINDINGS surfaced while resolving this, recorded rather than folded in. (i) The IAM deny action attaches to the IAM USER acmp-admin, and the account ROOT user cannot be restricted by IAM policies at all — only an Organizations SCP could, and this is a standalone account. The operator is still doing CLI work as root, so while that remains true the brake reads armed and constrains nobody. That is a live gap, not a theoretical one, and it raises the priority of the P20 'switch off root' item from hygiene to guardrail-critical. (ii) The account carries a second, pre-existing budget 'My Monthly Cost Budget' at $10 which is not ours and will alert well before acmp-monthly's $60 — expect the noise and do not read its alerts as the ACMP brake firing. AC-085 is amended in the same pass: it named 120% while the script targets 100%, and 'dry-run verified' is not achievable as written because budget actions have NO dry run — `execute-budget-action` genuinely fires. The verifiable substitutes are describe-budget-actions-for-budget for definition/threshold/status and `aws iam simulate-principal-policy`, which is a real dry run, for proving the deny policy actually denies.",PH-5,SL-020,2026-08-04T14:33:23Z,,
PE-148,"AC-083 / AC-080 / AC-085 advanced from Pending to Partial WITHOUT provisioning anything, correcting an earlier framing of mine that was too coarse. I had said all four remaining PH-5 ACs 'need a live environment'; on inspection only AC-085's leg 4 genuinely requires an EC2 instance. The S3-facing halves of AC-078 and AC-083 need a bucket and an IAM identity, both of which have existed since P20, not a server. AC-083's S3 isolation was settled with `aws iam simulate-principal-policy` rather than by handling the app access keys and writing probe objects into a production bucket: the simulator runs the same evaluation engine IAM uses at request time, so it is authoritative, and it touches no credential and creates no object. Both directions were checked, not just the one the AC names — acmp-uat-app is allowed Put/Get/Delete on acmp-uat-recordings and implicitDeny on acmp-prod-recordings, and acmp-prod-app is symmetric, which covers the more damaging prod-writes-to-UAT direction the AC omits. The result is conclusive for same-account access because get-bucket-policy returns NoSuchBucketPolicy on both buckets, so the identity policy is the only grant path and no resource-based policy can widen it. Recorded as a hardening note rather than a failure: the denial is IMPLICIT, i.e. it rests on least privilege continuing to hold, and any future broad s3:* grant on either app user would flip it to allowed silently; an explicit Deny on the opposite environment's bucket ARNs would make the isolation self-defending instead of merely unpermitted. The Webex leg is satisfied only at template level (WEBEX_ENABLED=false in .env.cloud.example with every space/token variable commented, plus AC-071 already Met so a disabled adapter is unregistered entirely and enqueues nothing); a template is not a deployed configuration, so confirming the UAT box's real .env remains outstanding. AC-085 moved to Partial on three of its five amended legs, including the only genuine dry run available anywhere in this area — simulate-principal-policy showing the deny policy flipping RunInstances, AllocateAddress and CreateDBInstance to explicitDeny while leaving StopInstances ALLOWED, which matters because a brake that blocked its own remedy could not reduce spend. AC-080 moved to Partial on the keycloak restore leg proven live in the same session's spike run. Remaining and honestly scoped: AC-078 needs the application's file-store path exercised against a real bucket (no instance required, only credentials and a bucket that exist); AC-080 needs the same drill against the Acmp database plus the S3 copy leg (no instance required); AC-083 needs the deployed UAT .env; AC-085 leg 4 needs P25's instances and leg 1 needs an observed alert.",PH-5,SL-020,2026-08-04T14:45:26Z,,
PE-149,"AC-078 harness built and AC-078 moved to Partial; the live execution is handed to the operator rather than faked. tests/Acmp.Integration.Tests/MinioFileStoreLiveS3Tests.cs drives the whole AC in one test — upload, StatObject, presign, a REAL HTTP GET of the presigned URL compared byte-for-byte against the payload, delete, and a confirmation that the object is gone — with a finally-block cleanup so a mid-way assertion failure cannot litter a real bucket. The playback leg is an actual HTTP fetch on purpose: a presigned URL that merely parses proves nothing, and only a 200 carrying the bytes demonstrates that a browser <video> element would play it. It also asserts against the live service that the presigned origin is https://s3.amazonaws.com — the P22 CSP finding, which MinioFileStoreCloudTests could only pin offline. The Minio client is constructed exactly as SharedKernelExtensions constructs it in production so the test exercises shipped wiring rather than a bespoke arrangement built to go green. Opt-in by design: a ten-line LiveS3FactAttribute sets Skip when the credentials are absent, chosen over an early-return guard because a guard reports a PASS for a test that never ran — the precise failure shape this session has now hit four times. Verified 2 skipped / 0 passed with no environment set, and rejected taking a dependency on Xunit.SkippableFact for one file. DELIBERATELY NOT RUN AS ROOT. A root-credentialed pass would be worthless and actively misleading: AC-078's substance is that the app's LEAST-PRIVILEGE IAM policy grants exactly what the adapter calls at runtime, and root can do anything, so a green run would prove nothing while looking like evidence — the same class of unearned green as 'differing digests prove per-environment baking'. Reading the app key from deploy/secrets/ was refused by the sandbox classifier, which is the correct outcome for a credentials file; the run is the operator's, as acmp-uat-app. Second clause of AC-078 is Met outright: docker-compose.cloud.yml contains no minio service, only S3 client configuration keys and comments recording the deletion. SIDE FIX: the secrets gate failed on this file because gitleaks' generic-api-key rule matched `const string SecretVar = ""...""` — the value being an environment variable NAME, not a credential. Allowlisted narrowly to the ACMP_LIVE_S3_ prefix family, which cannot conceal a real key (an AWS secret is 40 characters of base64 and would never match that shape), and verified by running gitleaks v8.21.2 locally with the exact CI config and flags: 221 commits scanned, no leaks found.",PH-5,SL-022,2026-08-04T15:09:32Z,,
PE-150,"C3 pre-flight found DEF-019 before a single cent was spent — the option was chosen precisely because unrun code in this repo keeps hiding silent defects, and it paid off on inspection rather than needing the boot. Preparing the first-ever local run of the cloud stack meant deciding which images to run, and the strongest choice was the ACTUAL artefacts P24 published rather than locally built ones. That immediately exposed the mismatch: deploy/docker-compose.cloud.yml drives all four ACMP images from one ${ACMP_IMAGE_TAG}, but only api, worker and sqlserver-fts are environment-agnostic and published as a plain <sha>. `web` is published as <sha>-uat and <sha>-prod because ADR-0037 bakes the OIDC authority into the bundle, so there is no plain web:<sha> to pull. Proven against the live registry rather than argued: list-images on acmp/web returns exactly the two suffixed tags, describe-images for the plain <sha> answers ImageNotFoundException, and docker manifest inspect resolves api/worker/sqlserver-fts plus web:<sha>-uat while failing on web:<sha> — the pre-fix deploy failure reproduced exactly. A commit-pinned deploy would have pulled three images and died on the fourth, on the instance, mid-deploy, which is the worst place to learn it. The defect is structural, not a typo: one shared tag variable cannot express a topology where one image is per-environment BY DESIGN, so this could never have worked. It is a seam failure between slices written correctly in isolation — P21 wrote the line before P24 chose per-environment web images — exactly like SL-024's 'consumed by promote.sh' and P23's restore.sh targeting a container ADR-0036 had deleted. The file even contradicted itself: the comment directly beneath the offending line already described the -uat/-prod scheme. ROOT CAUSE of why it survived: the cloud topology had NO CI validation whatsoever. The compose job validates docker-compose.yml — the ON-PREM file — and never mentioned docker-compose.cloud.yml, so the entire PH-5 topology was unchecked, not even for syntax. Fixed and guarded: web reads ${ACMP_WEB_TAG:-${ACMP_IMAGE_TAG:-latest}} so the local build path still works while cloud requires an explicit per-environment tag; .env.cloud.example documents it with the reason and the warning never to point production at a -uat image; ci.yml now config-validates the cloud compose and runs scripts/check-cloud-images.mjs, which pins BOTH halves of the P24-publishes/P21-consumes contract so they cannot drift apart silently again. The guard was itself tested by re-introducing the bug (exit 1, message names the required variable and why) and restoring it (exit 0) — a check nobody has watched fail is not a check. Post-fix, all four tags resolve in the registry and the cloud compose validates.",PH-5,SL-021,2026-08-04T15:33:58Z,,
PE-151,"C3 COMPLETE — the cloud stack has now been booted end to end for the first time, from the ACTUAL images P24 published, and it works. Every service reached its target state: sqlserver healthy, sqlserver-init exited 0, db-migrate exited 0 (the EF migrations ran against a fresh cloud database), keycloak healthy, keycloak-config exited 0 (the acmp realm imported), api healthy, worker up, web healthy, seq healthy after the fix below. Crucially the checks were FUNCTIONAL, not self-reported: web served HTTP 200 with a real bundle over the published port, api answered /healthz 200, and Keycloak's in-network discovery document resolved and reported issuer http://localhost:18080/kc/realms/acmp — the EXTERNAL path, confirming the ADR-0037 same-origin /kc arrangement is wired correctly, which was the single most likely thing to be subtly wrong. Running the real ECR artefacts rather than local builds also re-proved the DEF-019 fix in situ: all four images pulled by their published tags, web by <sha>-uat. FOUND AND FIXED DEF-020. Seq crash-looped on the SEQ_FIRSTRUN_ADMINPASSWORDHASH placeholder that .env.cloud.example ships — Seq needs a Base-64 salted hash and aborts with FormatException on CHANGE_ME. The crash is not the severity; the invisibility is. api declares depends_on seq with condition service_started, and service_started is satisfied by a container that started and then died, so a restart-looping Seq blocks nothing: api, web and keycloak all reported HEALTHY while observability was completely dead. A deployment that looks green with no log aggregation is the state you cannot diagnose your way out of, and it is the same silent-degradation family as DEF-018 and DEF-017. It exists only in the cloud path because on-prem leaves the variable commented out and runs Seq unauthenticated. Fixed in gen-secrets.sh, which already runs before every compose up, so it fails loudly at secret-generation time instead of after deploy; tested for all three cases (CHANGE_ME fails with the remediation command, a real hash passes, unset passes for on-prem) and then proven by generating a real hash and recreating the container, which came up healthy. TWO HARNESS ARTEFACTS, correctly NOT recorded as product defects after checking rather than assuming: my boot env file left the cron value unquoted so sourcing it executed the crontab fields — the shipped template quotes it correctly, verified; and sqlserver flipped to unhealthy late in the run with 'Login failed for user sa' because I restored deploy/secrets under a still-running stack, so the healthcheck read the dev password while the server held the boot password. Both were diagnosed from evidence, not guessed. Safety held throughout: isolated acmpboot project with its own volumes, only free high ports, deploy/secrets backed up and restored by an EXIT trap — which fired correctly on the first failed attempt — and the operator's running dev stack was untouched.",PH-5,SL-021,2026-08-04T16:05:32Z,,
PE-152,"C4 memory check run against the booted cloud stack, and the DEF-020 guard hardened after it failed its own purpose. Two results. FIRST, the instance-size question that option C existed to answer: t3.medium looks viable. Compose v2 really does enforce deploy.resources.limits outside swarm — verified from HostConfig.Memory rather than assumed, because a silently-ignored limit would make the entire 3584 MiB budget fictional. At idle sqlserver sits at 68% of its 2 GiB, api 15%, worker 22%, web 31%; all comfortable. Keycloak is the outlier and the one to watch: 442.6 MiB of a 448 MiB cap, 98.8%, at idle, stable across a 60-second settle so not a startup transient. A burst of 150 concurrent token requests pushed it DOWN to 93% rather than over — the JVM collected under pressure — and nothing recorded OOMKilled. Recorded as AC-084 Partial, explicitly NOT Met: the AC demands an e2e run on t3.medium and this was neither, since the web image has the UAT authority baked in (ADR-0037) so Playwright's login flows cannot complete locally, and a workstation is not a 4 GiB box with swap. The actionable output is narrow and useful: if AC-084 fails on the real instance, Keycloak's 448 MiB is the first allocation to raise and the 512 MiB of host headroom is where it comes from. SECOND, and more instructive: the DEF-020 guard I wrote this session FAILED TO CATCH THE EXACT FAILURE IT WAS WRITTEN FOR. This boot used the placeholder 'unused', gen-secrets accepted it, and Seq crash-looped again — 11 restarts — which only came to light because RestartCount was visible in an unrelated OOM check. The regex validated the base64 ALPHABET but not the LENGTH, and 'unused' is six characters that all happen to be legal base64. Base-64 is always a multiple of four characters, so length is the half that actually discriminates a real hash from a word spelled in the base64 alphabet. Hardened and re-tested across five cases including the one that slipped: CHANGE_ME fails, 'unused' fails, 'abc' fails, a real 108-character hash passes, unset passes for the on-prem path. The lesson is worth more than the fix: a guard tested only against the inputs its author imagined is not yet a guard, and this one was caught by accident rather than by design — the same way DEF-018 surfaced.",PH-5,SL-021,2026-08-04T16:32:08Z,,
PE-153,"P24 part 2 scripting + the boot gate landed, and one scope correction that matters. THREE SCRIPTS. (1) deploy/scripts/promote-image.sh finally closes the SL-024 drift: the slice said the CI digest artefact was 'consumed by promote.sh', which it cannot be, because promote.sh is the P18b on-prem warm-standby VM failover script that restores a backup, runs up.sh --prod and stops before DNS cutover — confirmed by reading it — and its premise, a standby VM, does not exist in the cloud topology. The new script verifies every image for a commit EXISTS in ECR before touching anything, then pins ACMP_IMAGE_TAG and ACMP_WEB_TAG in the target env file. It encodes the subtlety that makes promotion non-obvious here: api, worker and sqlserver-fts are environment-agnostic so the same bytes UAT tested are what production runs, and their digests are printed for audit, but `web` CANNOT be promoted that way and it is not a defect that it cannot — ADR-0037 bakes the authority in, so UAT and prod web are different artefacts from the same commit by design, and promotion means selecting the <sha>-prod build, never re-pointing the -uat one. Getting that wrong ships a production bundle authenticating against UAT, which fails in the browser with nothing in the API logs. Tested: refuses an unpublished commit AND leaves the env file untouched (verified), and the happy path pins both variables with the correct -prod suffix. (2) deploy/aws/07-launch.sh implements the OQ-064 resolution literally — it launches the instance and arms the EC2 spend brake IN THE SAME RUN, collecting instance ids across BOTH environments so launching prod cannot silently drop uat from the action, and creating-or-updating so a replacement re-points automatically. That automation is the whole point: a stale InstanceId does not error, it silently protects nothing, the same failure shape as DEF-017 and DEF-018. It resolves the AMI through the SSM public parameter rather than pinning an id that would rot, requires IMDSv2, encrypts the root volume, and is idempotent on the Name tag so it can never launch a second instance for an environment. Its header records what it does NOT protect against: the IAM deny binds the acmp-admin user and root cannot be constrained by IAM policy at all. (3) deploy/scripts/cloud-stack-boot.sh promotes this session's throwaway harness into the repo — the argument being empirical rather than tidy-minded: DEF-018 was found by re-running a spike that EXISTED, while DEF-019 and DEF-020 were found by a script living in a temp folder that would have evaporated. It boots the full cloud topology from the published images and asserts functionally rather than by self-reported health: five services healthy, migrations/db-init/realm-import all exit 0, web serves HTTP 200 on the published port, api /healthz 200, the Keycloak issuer is the EXTERNAL url (an in-container issuer would break SPA token validation), and nothing was OOM-killed inside the 3584 MiB budget. It generates a REAL Seq hash rather than a placeholder so it exercises the configuration we ship. Run green: 16 passed, 0 failed. SCOPE CORRECTION, recorded rather than quietly worked around: AC-079 cannot be advanced because deploy/scripts/seed-users.sh DOES NOT EXIST. AC-079 is not a test awaiting execution, it is unbuilt SL-026 slice work — writing the seeding script, its idempotency and the UPDATE_PASSWORD requirement. I had listed it as a free win reachable without an instance; that was wrong and is withdrawn.",PH-5,SL-024,2026-08-04T17:19:26Z,,
PE-154,"SL-026 built and AC-079 advanced to Partial without an instance, plus two harness corrections. deploy/scripts/seed-users.sh now exists — it did not before, which was the scope correction recorded in PE-153: AC-079 was never a test awaiting execution, it was unbuilt slice work. The script creates the committee accounts and assigns realm roles, and it was designed around three properties that each earn their place. Idempotent, because a fresh box gets rebuilt several times before it settles and a run that aborts half-seeded is worse than one that never ran, since a partially seeded realm LOOKS done. Temporary-password-only, because without requiredActions=UPDATE_PASSWORD the operator's chosen string silently becomes a permanent shared credential — intolerable in a system where every vote is attributed by identity (ADR-0010), since attribution means nothing if several people can hold one login. Role-correct and VERIFIED rather than assumed from a 2xx, because a user seeded without a role logs in fine and then sees an empty application, which reads as a broken app rather than a seeding bug. It deliberately does not touch the application database: the app JIT-provisions its CommitteeMember row from the token's sub, and duplicating membership here would create two records that can disagree. Proven against the real Keycloak from cloud-stack-boot.sh, so no AWS spend was involved: two consecutive runs gave 4-created/0-present then 0-created/4-present with roles re-asserted on the second pass, and all four accounts read back with UPDATE_PASSWORD pending and enabled=true. Running it immediately found a defect that review had not: Keycloak's person-name validator rejects lastName '(seeded)' with error-person-name-invalid-character, so the script would have failed on its very first use on a real box. The third AC leg stays open honestly — 'logs in and JIT-provisions' needs a browser through the SPA, and the direct-password-grant probe was refused for an unrelated and correct reason (acmp-web is PKCE-only and disallows direct access grants), so that route cannot settle it either way; it belongs with AC-076 on the UAT box. SECOND CORRECTION, to my own gate: cloud-stack-boot.sh reported a false failure because it read keycloak-config's exit code while that one-shot was still running — it only starts once Keycloak is healthy, so 'five services healthy' does not imply 'the realm import has finished'. The wait now requires all three one-shots to have exited as well. Asserting on a container that is still running reads as a product failure when it is a timing bug in the harness, which is the same category of self-inflicted noise as the sqlserver 'unhealthy' caused earlier by restoring secrets under a running stack. THIRD: the trivy-image red on PR #170 was NOT a CVE. It was mcr.microsoft.com answering 503 Service Unavailable while pulling a base-image blob — a transient registry outage — and a re-run went green. Acting on the plausible 'newly-disclosed CVE' hypothesis would have added a .trivyignore entry, permanently suppressing a real security gate to work around a five-minute outage. Diagnose before allowlisting.",PH-5,SL-026,2026-08-05T05:34:27Z,,
PE-155,"AC-078 MET live, and the run that proved it exposed DEF-021 — a silent-data-loss defect in the running product, not in deployment. F was completed first and made the rest possible: the acmp-admin access key turned out NOT to be on disk at all (both 00-account.sh logs record 'IAM user acmp-admin already exists', so the script never emitted one — it only prints a key when it CREATES the user, and aws-app-keys.log holds only the uat/prod S3 app keys), so a second key was minted straight into the git-ignored deploy/secrets/ and the profile configured by command substitution, with the secret never entering the transcript. A named profile plus AWS_PROFILE was used deliberately instead of `default`, because `aws login` OVERWRITES the default profile with root credentials and would have silently un-done the switch with no signal. Identity is now user/acmp-admin, and simulate-principal-policy confirms the budget deny now returns explicitDeny for RunInstances against the identity actually in use while leaving StopInstances allowed and all P25 actions permitted — for the first time the brake binds the operator rather than binding nobody. AC-078 then ran with the acmp-uat-app key and PASSED: upload, StatObject, presigned URL, a real HTTP GET returning the payload byte-for-byte, delete, gone. The critical legs were confirmed OUTSIDE the SDK — the playback bytes over raw HTTP, the deletion by an admin list-objects-v2 — which matters because of what the same run found. DEF-021: the belt-and-braces cross-environment isolation check failed, and the failure was not isolation. S3 enforces it correctly (the AWS CLI answers AccessDenied for the identical identity, bucket and action, and an admin listing shows nothing stored, so AC-083 stands), but MinioFileStore.UploadAsync returned NORMALLY for the refused write and ExistsAsync then reported TRUE for an object that does not exist. Instrumenting rather than theorising gave the exact shape: 'upload threw NOTHING, ExistsAsync returned True, Exists threw NOTHING'. The Minio client as configured swallows permission errors on both PutObject and StatObject, so a refused upload reaches the caller as stored — 201 to the API, success in the UI, no file. It also falsifies, in writing, the comment inside EnsureBucketAsync claiming 'PutObject immediately after is the real authority and its own failure surfaces to the caller'. A post-write existence guard was written, tested, and REVERTED because it inherits the same blindness — the second guard-that-does-not-guard this session, but caught before shipping this time, and a guard that cannot fail is worse than none because it manufactures confidence. DEF-021 is recorded OPEN, not fixed: the remedy is the AWSSDK.S3 fallback that P22 deferred as 'nothing observed requires it', it touches every file operation in the product, and it should not be rushed at the tail of a long session. A deliberately RED regression test is committed, opt-in so CI is unaffected, and it goes green only when the defect genuinely is.",PH-5,SL-022,2026-08-05T05:56:50Z,,
PE-156,"DEF-021 FIXED by a one-line SDK bump, after two wrong turns worth recording. The defect was real and severe — on Minio 6.0.3 the file store reported success for uploads S3 refused, which in production means 201 from the API, success in the UI and no file. The first attempted fix, a post-write ExistsAsync guard, was written, tested and reverted because it inherits the same blindness: StatObject swallows the denial too, so the guard could never fail, and a guard that cannot fail is worse than none because it manufactures confidence. That was the second guard-that-does-not-guard this session, caught before shipping. The second wrong turn was the one recorded as the remedy: 'the AWSSDK.S3 fallback P22 deferred', a client rewrite touching every file operation in the product. Before starting it the cheapest rung was tried — the SDK was pinned at 6.0.3 and 6.0.5 existed — and the bump fixes the defect outright. The isolation regression test, red by design on 6.0.3, is green on 6.0.5 because UploadAsync now throws on the refused write, and the FULL integration suite passes 43 of 43, including the Testcontainers-MinIO on-prem path whose container start was confirmed in the Testcontainers log rather than inferred, after a suspicious sub-millisecond duration turned out to be a reporting artefact. Trying the upgrade first saved a rewrite of the entire storage layer at the tail of a long session. A CONSEQUENTIAL CHANGE came with it, and it is not optional. 6.0.5 also fixed the AWSS3Endpoints rewriting that P22 had documented as a permanent quirk: presigned URLs now use the CONFIGURED endpoint, https://s3.us-east-1.amazonaws.com, rather than the legacy global https://s3.amazonaws.com. Two tests failed on exactly that assertion, and the correct response was NOT to relax them — it was to update ACMP_MEDIA_ORIGIN, the compose default and the nginx CSP media-src commentary to match what the SDK now signs for. Leaving the old value would have blocked <video> playback in the browser with nothing in the API logs, which is precisely the silent shape the original P22 finding existed to warn about. AC-083 never moved: S3 enforced isolation correctly throughout, and the CLI's AccessDenied plus an admin list-objects-v2 showing nothing stored were the proof that the fault lay in our adapter rather than in the permissions.",PH-5,SL-022,2026-08-05T06:33:28Z,,
PE-157,"AC-080 MET and the orphaned admin key removed. HOUSEKEEPING first: acmp-admin held two access keys, and the 2026-08-03 one was the credential nobody could use — its secret was never on disk (the 00-account.sh logs record 'IAM user acmp-admin already exists', so the script never emitted one). Before deleting something irreversible I checked get-access-key-last-used, which returned LastUsedDate=None: never used once in two days, confirming nobody held it, while the control key showed s3 activity the same day. Deleted; one key remains and the profile still authenticates as user/acmp-admin. An active credential nobody holds cannot be rotated or audited, so removing it is a real reduction in attack surface rather than tidiness. AC-080: the drill in spike-cloud-gates.sh now covers BOTH databases, run green at 19 passed / 0 failed — restore.sh restored Acmp 3->0->3 and keycloak 3->0->3, asserted per database rather than in aggregate because one combined check could pass on one database while the other returned empty, and Acmp is the database whose loss cannot be reconstructed from anywhere. Two things had to be fixed to get there, and both are more interesting than the pass. FIRST, my own DEF-020 guard had broken this script: spike-cloud-gates.sh set SEQ_FIRSTRUN_ADMINPASSWORDHASH=unused-in-spike, which the new gen-secrets validation correctly rejects, and that would have aborted the entire run before U3 even started. The spike never launches Seq, so the placeholder had been harmless — generating a real hash is cheaper than weakening the guard, and it keeps the spike exercising the configuration we actually ship. SECOND, the first two-database run FAILED and the failure was CORRECT. Both RESTORE DATABASE statements succeeded, yet restore.sh exited non-zero on its post-restore sanity check, which for any non-Keycloak database queries decisions.decisions — a table that only exists after db-migrate has run. The spike started sqlserver and keycloak only, so the Acmp database it created was schema-less, and a laxer script would have happily reported a green restore of an EMPTY database. The fault was in my drill extension, not in restore.sh, and the fix was to migrate the schema first rather than to relax the check. That is the third time this session a red result turned out to be the system defending a property worth keeping. CORRECTION recorded rather than carried silently: the earlier AV-089 note listed 'the S3 copy leg against a real backups bucket' as outstanding FOR MET, but AC-080 as written does not require it — that was a requirement I added. backup.sh documents ACMP_BACKUP_BUCKET as 'skipped if unset', and the acmp-uat-instance role that performs the copy in production is confirmed allowed s3:PutObject/GetObject on acmp-uat-backups by simulation, so the permission is evidenced and only the live execution remains, under AC-075.",PH-5,SL-023,2026-08-05T07:10:40Z,,
PE-158,"PR #167 squash-merged. P24 part 1 verified live (5 images in ECR, per-env web baking proved by bundle extraction); U3's Arabic CONTAINS gate root-caused to DEF-018 (Express forces AUTO_CLOSE ON, tearing down the FTS crawl) and fixed in sqlserver-init.sh; ECR retention corrected to express depth in commits (web takes 2 images/merge); AC-086 created and Met.",,,2026-08-05T13:17:32Z,"{""ref"": ""09e4fae"", ""binds"": [""SL-024"", ""SL-021"", ""AC-086"", ""DEF-018"", ""PH-5""]}",2026-08-06T11:40:23Z
PE-159,"PR #168 squash-merged. DEF-019: the cloud compose drove all four ACMP images from one ${ACMP_IMAGE_TAG}, but ADR-0037 makes web per-environment (<sha>-uat/-prod) so no plain web:<sha> exists — proven live (ImageNotFoundException; manifest inspect resolves the other three and fails on web). Fixed with ACMP_WEB_TAG and guarded by scripts/check-cloud-images.mjs; CI now also validates the cloud compose, which previously had no validation at all.",,,2026-08-05T13:17:45Z,"{""ref"": ""a7e4aed"", ""binds"": [""SL-021"", ""SL-024"", ""DEF-019""]}",2026-08-06T11:40:23Z
PE-160,"PR #169 squash-merged. DEF-020: Seq crash-loops on the CHANGE_ME placeholder .env.cloud.example ships (needs Base-64). Severity is the invisibility — api declares depends_on seq with condition service_started, which a crash-looping container satisfies, so api/web/keycloak all reported healthy while observability was dead. Preflight added to gen-secrets.sh; a later commit hardened it after the alphabet-only check let 'unused' through.",,,2026-08-05T13:17:58Z,"{""ref"": ""78e6f61"", ""binds"": [""SL-021"", ""DEF-020""]}",2026-08-06T11:40:23Z
PE-161,"PR #170 squash-merged. P24 part 2 scripting: promote-image.sh closes the SL-024 drift (promote.sh is the P18b on-prem standby-VM failover script and cannot consume the digest artefact) and encodes that web cannot be promoted by digest — it is a different artefact per environment by design; 07-launch.sh implements the OQ-064 resolution, launching the instance and arming the EC2 spend brake in the same run so a replacement re-points automatically; cloud-stack-boot.sh promotes the throwaway boot harness into the repo (16/0).",,,2026-08-05T13:18:12Z,"{""ref"": ""7eed23d"", ""binds"": [""SL-024"", ""SL-025"", ""SL-021""]}",2026-08-06T11:40:23Z
PE-162,"PR #171 squash-merged. SL-026 built: seed-users.sh did not previously exist, so AC-079 was unbuilt slice work rather than a test awaiting execution. Idempotency proven against the real Keycloak from cloud-stack-boot.sh (4-created/0-present then 0-created/4-present, roles re-asserted); all four accounts carry UPDATE_PASSWORD. Also 08-bootstrap-box.sh (SSM Run Command, env from Parameter Store SecureStrings, marked UNVERIFIED) and the boot-gate one-shot timing fix.",,,2026-08-05T13:18:24Z,"{""ref"": ""ad43152"", ""binds"": [""SL-026"", ""AC-079"", ""SL-025""]}",2026-08-06T11:40:23Z
PE-163,"PR #172 squash-merged. DEF-021 fixed by upgrading the Minio SDK 6.0.3 to 6.0.5 rather than the client rewrite the record prescribed — on 6.0.3 UploadAsync returned normally for a write S3 refused and ExistsAsync then reported an object that was never stored. S3 was always correct, so AC-083 never moved. AC-078 Met, with its critical legs verified OUTSIDE the SDK (raw HTTP for playback, admin listing for deletion). Consequential: 6.0.5 also fixed the AWSS3Endpoints rewriting, so ACMP_MEDIA_ORIGIN changed to the configured endpoint.",,,2026-08-05T13:18:39Z,"{""ref"": ""ebeda4a"", ""binds"": [""SL-022"", ""DEF-021"", ""AC-078"", ""AC-083""]}",2026-08-06T11:40:23Z
PE-164,"PR #173 squash-merged. AC-080 Met: the drill now covers BOTH databases (19 passed / 0 failed), with restore.sh restoring Acmp 3-0-3 and keycloak 3-0-3 asserted per database. Two fixes were needed — my own DEF-020 guard had broken the spike's placeholder hash, and the first two-database run failed CORRECTLY because restore.sh refuses to verify a schema-less Acmp database, so the drill now runs db-migrate first rather than relaxing the check.",,,2026-08-05T13:18:52Z,"{""ref"": ""84ab684"", ""binds"": [""SL-023"", ""AC-080""]}",2026-08-06T11:40:23Z
PE-165,"The two stated limits of the 2026-08-05 integrity audit are now CLOSED, and closing the second one changed what the finding was. LIMIT 1 — the trace check had been a 6-of-218 sample, which could not rule out a requirement reaching only one bucket. Rather than issue 218 trace_query calls, the complete edge export was swept directly: trace_edges.csv holds 1042 edges (379 derives_from, 336 tests, 232 implements, 85 verifies, 8 relates_to, 2 supersedes), and the requirement population was enumerated from the ID SPACE (FR-001..155, NFR-001..063) rather than from the edges themselves — deliberately, because deriving the population from the edge list would make an unreferenced requirement invisible and the check vacuous in exactly the way the audit was asked to guard against. Result: 218 of 218 requirements reach a decision-layer row AND a work item AND a test. Zero missing any bucket, zero isolated. The sample generalised; the gate was sound. LIMIT 2 was phrased as 'requirements reach ADRs, never the 30 DEC- rows', implying requirements were mis-wired. They are not, and the real finding is one layer higher: ALL THIRTY DEC- rows have ZERO trace edges in either direction — not one of the 1042 edges touches a DEC- id. The decision layer sits entirely outside the trace graph. The relationships those rows assert exist only as prose; DEC-030 states in its text that it 'Authorizes scope change SC-002 and ADRs 0034-0037', but nothing encodes that as an edge, so trace_query('DEC-030') returns nothing and neither 'what did this decision authorize?' nor 'which decision authorized this ADR?' can be answered mechanically. G-TRACE does not catch this because it evidently walks requirements only, which means thirty governance decisions pass every gate while being unreachable — structurally the same vacuity risk the audit was commissioned to look for, one level up. Recorded as OQ-065 with two options (type the roughly forty DEC->ADR / DEC->scope-change edges, which are recoverable from the existing prose since each decision already names its authorizations; or accept the decision layer as narrative-only and say so, so no future reader mistakes silence for absent authorization). Deliberately NOT actioned: adding forty edges is a substantive change to the record, and the audit that surfaced it was commissioned read-only.",PH-5,,2026-08-05T13:34:42Z,,2026-08-06T11:40:23Z
PE-166,"Attempted to wire the decision-layer trace edges as OQ-065 option (a) requested; the attempt DISPROVED my own finding and the work was not done, deliberately. Two discoveries, in order. FIRST, there is no sanctioned write path to trace_edges in tamheed 2.6.0: the table is not exposed to entity_query, and entity_upsert rejects both 'trace-edge' and 'trace_edge' as unknown entity types. The 1042 existing edges must therefore have been produced by the original migration parser rather than by MCP writes, and AGENTS.md forbids hand-editing tamheed-package/ files, so option (a) is simply not executable through any legitimate route. SECOND, and more importantly, it should not be executed even if it were. Checking how the DEC->ADR relationship might be expressed revealed that 18 of the 30 decisions ALREADY carry it, as a typed promoted_to field naming the ADR each was promoted into. My audit finding — that the relationships 'exist only in prose' — was therefore WRONG for the large majority of them, and I have corrected OQ-065 rather than leaving the overstatement standing. The decision->architecture link is captured as structured data, in the right place; what is missing is only that promoted_to is never materialised into trace_edges, the table trace_query reads. That is a derivation gap in the tooling, not absent knowledge in the package, and it means the authorization chain IS queryable today via entity_query on the decision rows — just not via trace_query. Duplicating promoted_to into edge rows would have created two records of one fact that can drift apart, which is the same two-sources-of-truth anti-pattern seed-users.sh deliberately avoids by refusing to mirror Keycloak identity into the application database. The lesson is the one this session keeps re-teaching: the audit reported trace silence and inferred absence, when the data was simply held somewhere the query did not look. A gap in a VIEW is not a gap in the RECORD, and the two demand opposite responses — fix the view, or you corrupt the record by writing a second copy of what it already knows. Revised options recorded on OQ-065: derive trace_edges from promoted_to at export time, which is an upstream tamheed change rather than a package change; or record that promoted_to is authoritative and trace_query is not expected to reach it. A genuinely open third item remains: 12 decisions have promoted_to null, and DEC-030 authorizes SC-002 plus ADRs 0034-0037 by its own text — four targets a single-valued field structurally cannot hold.",PH-5,,2026-08-05T13:52:09Z,,2026-08-06T11:40:43Z
PE-167,"OQ-065 RESOLVED, and the resolution is that there was no data gap at all — only a view limitation plus one honest modelling edge. Reading all 31 decision titles against their promoted_to values makes the convention self-evident: promoted_to is populated exactly when a decision was PROMOTED INTO an ADR, which happened 18 times, and is null when the decision landed as a different KIND of artifact. The nulls are not omissions, they are correct: DEC-009 'Single committee — exactly one committee, no multi-committee' and DEC-017 'Scale ceiling — <=20 total users' are hard CONSTRAINTS, DEC-014 'Availability target 99.9%' is an NFR, DEC-029 'Model the cross-cutting slices P16-P19 as their own phase PH-4' is a planning decision that produced phases and slices, and DEC-031 is a reading rule that produces no artifact at all. A decision that never became an ADR should have a null promoted_to; filling it in would be fabrication. So my earlier concern that 12 decisions were 'missing' their link was wrong for essentially all of them, and the audit's original claim that the relationships 'exist only in prose' was wrong for the 18 that were promoted. What remains true is narrow and worth stating plainly: trace_query cannot reach the decision layer because promoted_to is never materialised into trace_edges, the table trace_query reads. That is a DERIVATION gap in the tamheed export, not absent knowledge — the chain is fully queryable today via entity_query on the decision rows. Recorded as an upstream note rather than a blocker, since fixing it means changing the plugin, not this package, and no write path to trace_edges exists in 2.6.0 anyway. ONE GENUINE MODELLING EDGE, accepted rather than deferred: promoted_to models a 1:1 PROMOTION, and DEC-030 did not get promoted — it AUTHORIZED four separate artifacts (SC-002 plus ADRs 0034-0037). 'Authorizes' is a different relation from 'promoted into', the schema has neither a typed edge nor a multi-valued field for it, and the decision's own text names all four targets explicitly. Inventing a representation would require hand-editing tamheed-package/, which AGENTS.md forbids. The population is essentially one decision, the prose is explicit and searchable, and conflating authorization with promotion — by picking one of the four ADRs to stuff into promoted_to — would lose information while looking tidier. Left as prose, deliberately. Corroborating evidence found while generating the review surface: the execution view renders 'Acceptance criteria x audit verdicts (86 rows)' against 95 verdict rows, so the renderer already dedupes to latest-per-criterion, which independently confirms the rule DEC-031 documents. gate_run counts ROWS and the review surface counts CRITERIA; both are correct and they will always differ by the number of supersessions.",PH-5,,2026-08-06T09:24:30Z,,2026-08-06T11:40:43Z
PE-168,"chore(governance): act on the integrity audit — supersession rule + 7 unstamped merges. Package-only commit. Introduced DEC-031 (latest verdict row per criterion is authoritative; append-only, none deleted or back-filled), raised OQ-065, and recorded PE-158..PE-164 (the narrative for merges #167-#173, which this PR also work_bound) plus PE-165 (the audit's two stated limits closed). Verified from the diff: these are exactly the rows the commit added to decisions/open_questions/progress_entries.",,,2026-08-06T11:40:23Z,"{""ref"": ""183c614 (#174)"", ""binds"": [""DEC-031"", ""OQ-065"", ""PE-158"", ""PE-159"", ""PE-160"", ""PE-161"", ""PE-162"", ""PE-163"", ""PE-164"", ""PE-165""]}",
PE-169,"chore(governance): resolve OQ-065 — promoted_to is the DEC-&gt;ADR link; nulls are correct. Package-only commit. Revised OQ-065 from its raised form to Approved (title and resolution both rewritten in the diff) and recorded PE-166 (the attempt at option (a) disproved the finding: no sanctioned write path to trace_edges in 2.6.0, and 18 of 30 decisions already carry the link as promoted_to) and PE-167 (resolution: the nulls are correct because those decisions became constraints/NFRs/planning artifacts, not ADRs; what remains is a derivation gap in the tamheed export, not missing data). OQ-065 is bound to both #174 and #175 because it was raised in the first and resolved in the second.",,,2026-08-06T11:40:43Z,"{""ref"": ""f90421b (#175)"", ""binds"": [""OQ-065"", ""PE-166"", ""PE-167""]}",
PE-170,"SL-025 Stage 0 built and Stage 1 written but NOT RUN. The slice was planned as a linear build and is not one: reading the provisioning path found three blockers that fail before anything reaches a browser, plus a fourth nobody had. THE ONE NOBODY HAD: the delivery mechanism for the entire cloud deployment has never worked. 08-bootstrap-box.sh reads the environment from an SSM SecureString at /acmp/<env>/env; describe-parameters shows /acmp/* is EMPTY, nothing in the repo created it, and the obvious `put-parameter --value ""$(cat .env.cloud)""` cannot work either — the file is 5,483 bytes against a 4 KB Standard-tier limit, and with the account default tier at Intelligent-Tiering an oversized value is silently promoted to a BILLED Advanced parameter rather than erroring. Found by running wc -c on a config template, after two exhaustive sub-agent sweeps read the script line by line and missed it: the defect exists in neither artifact alone, only in the interaction between the script and a service limit neither one mentions. Fixed by new deploy/aws/09-put-env.sh, which strips full-line comments and blank lines only (5,483 -> 1,119 B, 27% of the free tier) and passes --tier Standard explicitly so an oversized payload fails loudly instead of quietly billing. Inline '#' is never stripped because a generated password can contain one; verified Str#ong#Pass1 survives. THE OTHER THREE, each evidenced against the live account rather than reasoned: (1) 07-launch.sh could never find its security group — 01-network.sh creates acmp-<env>-web, 07 looked up acmp-<env> and died blaming a script that HAD run; proven live, the old name resolves to None and the new one to sg-0b6d2e67df7af657b. (2) certbot could not renew on the box — 03-iam.sh scoped the Route 53 write to <host>/A while DNS-01 writes TXT at _acme-challenge.<host>, failing both condition clauses; simulate-principal-policy returned implicitDeny, and SL-025 requires an unattended renewal timer, i.e. exactly the denied path. The widened policy was validated with simulate-custom-policy WITHOUT applying it (these scripts are operator-run): TXT at _acme-challenge allowed, A at <host> still allowed, TXT at another host implicitDeny, A at the apex implicitDeny — wider where certbot needs it and nowhere else. (3) There was no 443 listener anywhere in the repo, while the cloud compose has been publishing 443:8443 with nothing behind it and .env.cloud.example has described https endpoints that could not answer. A REJECTED ASSUMPTION worth recording: I reasoned that AmazonSSMManagedInstanceCore excludes ssm:GetParameter and was about to add a grant on that premise. Simulation said ALLOWED. The grant added instead scopes it to /acmp/<env>/* so uat cannot read prod's config. kms:Decrypt remains UNRESOLVED and is labelled so: simulation reports implicitDeny but evaluates identity policies only, and the AWS-managed alias/aws/ssm key policy grants Decrypt via kms:ViaService, which simulation cannot see — the first real --with-decryption read on the box is the discriminating test. SIX DEFECTS IN THE NEVER-RUN BOOTSTRAP, whose own header says to treat its first run as a test of itself. It REPRODUCED DEF-017 VERBATIM: it created /opt/acmp-backups while the compose mount is /opt/acmp/backups, so Docker would have auto-created the real path root-owned and every BACKUP DATABASE would have failed at 02:00 in a cron log while the deployment looked backed up — in the very lines whose comment explains why DEF-017 must not recur. It could also report success on a dead stack (it ran `compose ps` and let SSM's exit status decide, so a stack where every container was unhealthy still printed 'bootstrap Success'); replaced with real assertions whose state machine was driven through all eight cases with a docker test double — healthy and running pass, unhealthy, still-starting, absent, exited:1 and still-running all fail, the last being the PE-154 bug of reading an exit code mid-run. Also: the ECR token was a 12-hour docker login against restart:unless-stopped services (now the credential helper), no swapfile existed though the compose file already asserts the P25 bootstrap adds one, the compose plugin came from releases/latest (pinned), and `python` does not exist on AL2023 (python3). TLS: a cloud-only 443 template is MOUNTED rather than baked, because one web image serves on-prem/dev/e2e/cloud and a 443 block with a missing ssl_certificate stops nginx starting at all. All six security headers are repeated in it — nginx's add_header does not merge across server blocks — and /kc/admin plus the master realm are denied 404, since everything under /kc/ becomes public the moment 443 exists. First boot used to deadlock (no cert -> no nginx -> no stack -> nobody to run certbot), so the bootstrap now writes a self-signed placeholder with CN=ACMP-PLACEHOLDER-DO-NOT-TRUST: a neutral-looking placeholder could sit for months while nginx serves it, the healthcheck passes, the stack reports healthy and every browser refuses the connection. certbot-deploy-hook.sh handles what would otherwise break a REAL certificate — privkey.pem is 0600 root:root behind symlinks into ../../archive/ and the container runs as UID 101 — copying with --dereference, installing 0640 root:101, running nginx -t before reload (reloading a bad config leaves the old one running and returns success). Testing the hook found a bug IN the hook: when chown failed part-way, set -e aborted between copy and move and left .privkey.new, a private-key fragment, in the certs directory; the failure was loud, the residue silent. Now trapped and verified 0 fragments. Cost was promoted from a gate to a design constraint: two always-on t3.medium instances are ~$76/mo against a $60 budget, so prod does not launch until UAT is proven (~$38/mo saved across P25+P27), the Elastic IP is allocated at launch per environment rather than up front (an unassociated EIP bills for nothing), CpuCredits=standard is reclassified as the only uncapped line item rather than an ADR compliance item, and no NAT gateway ever (~$32/mo). Verified from AWS docs that associating an EIP RELEASES the auto-assigned address, so it costs nothing extra while running. Projection ~$47/mo. NOT DONE AND NOT CLAIMED: Docker Desktop is not running in this session, so Stage 1 — the local boot gate that proves the 443 listener before any spend — is WRITTEN (12 new assertions: handshake, HSTS, all six headers individually, /kc/admin and master-realm denied, acmp realm still reachable, /api/ proxying) but has NEVER EXECUTED. Nothing in this slice has been booted. The gate's stated limit is recorded in the script itself: a self-signed fixture proves the listener, headers and routing but NOT cert readability, because Docker Desktop bind mounts do not preserve Unix ownership — that is certbot-deploy-hook.sh's problem and Stage 2's test. DEF-022 raised (not SL-025 scope): crontab.example runs backup.sh with no ACMP_ENV_FILE, so it defaults to deploy/.env which the cloud bootstrap never writes, the miss is swallowed by `|| true`, ACMP_BACKUP_BUCKET is unset and the off-instance S3 copy is silently skipped — NFR-058 unmet, backups sharing fate with the box they back up. Documented as a required workaround in the new runbook until fixed. Also new: deploy/runbooks/cloud-provisioning.md, because AC-075 says 'bootstrapped from the runbook' and no such document existed — aws/README.md covers 00-05 and stops, and docker-compose.prod.yml points at deploy/runbooks/install.md, which does not exist.",PH-5,SL-025,2026-08-06T13:27:31Z,,2026-08-07T00:23:08Z
PE-171,"CORRECTION to PE-170, and Stage 1 is now GREEN. PE-170 recorded the pre-spend boot gate as 'WRITTEN but NEVER EXECUTED' because Docker Desktop was not running. It has since been run twice, and the first run FAILED for a real reason — which is the whole argument for having the gate at all. FIRST RUN: 14 passed, 3 failed. web unhealthy, web returned 000, no TLS listener on 18443. Both templates rendered correctly (the log shows envsubst processing default.conf.template AND cloud-443.conf.template), nginx loaded the config, and then died with `cannot load certificate key ""/etc/nginx/certs/privkey.pem"": BIO_new_file() failed (... Permission denied ...)`. THAT IS THE EXACT FAILURE I HAD DECLARED UNTESTABLE HERE. Both the script comment and PE-170 stated that the self-signed fixture could not cover cert READABILITY, on the reasoning that Docker Desktop does not preserve Unix modes across a bind mount. It does. openssl writes privkey.pem 0600, nginx runs as UID 101, and the mount carried the mode straight through — the same failure shape a real Let's Encrypt key produces (0600 root:root vs a container on 101). The stated limitation was FALSE, and a false limitation is worse than no statement because it tells a future reader not to trust evidence that is actually there. Corrected in the script rather than left standing; the gate is stronger than it was claimed to be. The bug was in the FIXTURE, not the product: `chmod 0644` ran on the host through Git Bash, where it is a no-op on an NTFS file under a Docker-shared mount, so it silently did nothing. It now runs INSIDE the container in the same docker run, where the mode actually applies. The production path was never affected — certbot-deploy-hook.sh installs 0640 root:101 precisely because of this class of problem, which is why the hook exists rather than pointing nginx at /etc/letsencrypt directly. A second fixture problem was fixed on the way: the cert is now generated in a container rather than with the host's openssl, which on this workstation resolves to a PostgreSQL-bundled build whose OPENSSL_CONF names a file that does not exist and which cannot generate anything at all. The gate already requires Docker, so this adds no dependency, and a gate that only runs where the host toolchain happens to be healthy is not a gate. SECOND RUN: 27 passed, 0 failed, against the REAL ECR images for 7ec172a (not local builds). TLS handshake succeeds and the 443 listener serves the SPA; HSTS present on the HTTPS response, which is the block where it actually applies rather than the 8080 one browsers ignore; all six security headers present and checked INDIVIDUALLY, because nginx's add_header does not merge across server blocks so the presence of some is no evidence of the rest; /kc/admin/ and /kc/realms/master/.well-known/openid-configuration both 404 over TLS; the acmp realm still reachable at 200, proving the deny did not take too much with it; and /api/ proxying to the api over TLS with HTTP 401 — an API-originated status is proof of life, whereas 502/504 would mean nginx never reached the backend. TWO ASSUMPTIONS SETTLED BY RUNNING RATHER THAN REASONING. busybox wget CAN do https, so the two-listener healthcheck works as written and web reached healthy in 50 seconds; that had been flagged as unverified. And 'web healthy' now genuinely depends on TLS — in the failed run web was unhealthy PRECISELY because 443 was dead, which is exactly what changing that healthcheck was for. Before this, web reported healthy while serving static files over a dead TLS port, and AC-082's 'returns healthy' would have passed on that. SAFETY: the operator's dev stack was stopped before the run and resumed after, because the gate swaps deploy/secrets and PE-151 records that breaking a live stack with 'Login failed for user sa'. The acmpboot project tore itself down to zero containers. STILL STAGE 1 ONLY. Nothing has been provisioned, no AC has moved, and no AWS spend has occurred. AC-075/081/082 remain Pending and AC-083 remains Partial. What the gate still does NOT cover, now stated accurately: symlink dereference (Let's Encrypt's live/ -> archive/ indirection, which certbot-deploy-hook.sh handles) and certificate TRUST, which is only observable from outside against a real CA-issued chain — both Stage 2.",PH-5,SL-025,2026-08-06T17:57:54Z,,2026-08-07T00:23:08Z
PE-172,"SL-025 Stage 0 + Stage 1 squash-merged. Stage 0: fixed three blockers that each failed before anything reached a browser (07-launch.sh could never find its security group; certbot's DNS-01 TXT write was denied to the instance role; no 443 listener existed) plus a fourth nobody had — the SSM SecureString delivery mechanism for the whole cloud deployment could never have worked, because /acmp/* was empty and a raw .env.cloud is 5,483 B against a 4 KB Standard-tier limit. Added 09-put-env.sh (comment-stripping to 1,119 B, --tier Standard explicit, CHANGE_ME refusal, and the AC-083 Webex guard for uat), fixed six defects in the never-run bootstrap including a verbatim repeat of DEF-017, added the cloud-only 443 template + certbot-deploy-hook.sh, and wrote deploy/runbooks/cloud-provisioning.md — the document AC-075's 'bootstrapped from the runbook' had no referent for. Stage 1: the pre-spend boot gate RAN, failed 14/3 on 'cannot load certificate key: Permission denied' (the exact failure previously declared untestable locally — that stated limitation was false and is corrected), then passed 27/0 against the real ECR images for 7ec172a. DEF-022 raised for the cron/NFR-058 silent S3-copy skip, deliberately left unfixed as SL-023 territory. NO AC MOVED and no AWS spend: AC-075/081/082 remain Pending and AC-083 remains Partial, all awaiting Stage 2 live evidence. CI green on the merge commit, including trivy-image at 1m14s after an earlier CANCELLED (not failed) run hit the 15-minute timeout — diagnosed as a stalled fetch and re-run rather than allowlisted, per the PE-154 precedent.",,,2026-08-07T00:23:08Z,"{""ref"": ""749071e (#177)"", ""binds"": [""SL-025"", ""DEF-022"", ""PE-170"", ""PE-171""]}",
PE-173,"STAGE 2 EXECUTED: the UAT environment is LIVE on AWS and three acceptance criteria are now Met on live evidence. Instance i-0991c84e85332238b (t3.medium) at Elastic IP 35.173.149.191, https://uat.acmp.anas7ammo.dev serving a real Let's Encrypt certificate, six services healthy, three one-shots exited 0, four committee accounts seeded. AC-081 Met, AC-083 Met, AC-082 Met; AC-079 advanced to everything except the browser-login leg. COST GUARDRAILS VERIFIED ON THE LIVE INSTANCE, not assumed: CpuCredits=standard (the one line item that can exceed the budget with no ceiling — T3 defaults to unlimited), 50 GB gp3 encrypted, zero NAT gateways, and the budget stop-action armed against the live instance id in the same run that created it. SIX DEFECTS FOUND BY RUNNING WHAT HAD ONLY BEEN READ, and the split matters. TWO ARE PLATFORM-INDEPENDENT and would have failed identically for any operator on any OS. (1) 08-bootstrap-box.sh passed its remote script through `--parameters ""commands=[...]""`, the AWS CLI's SHORTHAND syntax, whose parser splits on commas and newlines — the box received a fragment and died with 'line 2: syntax error: unexpected end of file', an error that indicts the script's content rather than its transport. Fixed by passing real JSON via a file. (2) `aws ssm wait command-executed` gives up after roughly 100 seconds (20 polls x 5s) and the script swallowed that timeout with `|| true`, then read a status that was not final — so a cold-box bootstrap, which installs Docker, clones, pulls four images, migrates a schema and imports a realm, ALWAYS reported 'finished with status InProgress' for a run proceeding perfectly well. That is PE-154's defect one layer up: reporting a non-terminal state as a result. Now polls to Success|Failed|Cancelled|TimedOut with a 25-minute deadline. THREE ARE WINDOWS/MSYS PATH BUGS, all invisible on Linux and all surfacing as errors that name the wrong cause: MSYS rewrites a leading-slash argument into a Windows path before the native aws.exe sees it, so PutParameter answered 'Parameter name must be a fully qualified name' for a perfectly qualified name and the bootstrap preflight reported /acmp/uat/env MISSING when it demonstrably existed. The two fixes are OPPOSITE in direction: 09-put-env.sh and 08-bootstrap-box.sh need conversion OFF, while 05-route53.sh needs it ON, because MSYS rewrites bare arguments but NOT paths inside a file:// URL — setting the variable shell-wide to fix the first broke the third, which I did, turning one failure into two. cygpath -m handles the file:// case and is a no-op on Linux. (6) Docker's per-layer progress bars filled SSM's 24,000-character StandardOutputContent cap on a cold box, so the first real failure ended in '--output truncated--' and could only be diagnosed by going back to the instance; --quiet-pull now keeps the tail meaningful. A SEVENTH DEFECT WAS IN THE ENVIRONMENT, NOT THE CODE, and is the sharpest of the set: certbot printed 'Certbot has set up a scheduled task to automatically renew this certificate in the background' and that was FALSE — systemctl reported certbot-renew.timer as `disabled`. The unit file carries Persistent=true, so it was right in shape and simply never enabled; unattended renewal would never have fired and the certificate would have expired in 90 days in complete silence while the tool's own success message said otherwise. Enabled and verified (enabled, active, next run 2026-08-07 19:58 UTC). Same family as DEF-017 (backups never written, deployment looks backed up), DEF-018 (search returns nothing, logs clean) and DEF-020 (Seq dead, stack healthy) — and caught only because the timer was checked rather than the sentence believed. WHAT THE PRE-SPEND GATE BOUGHT: the six defects Stage 0 found by reading would each have surfaced here instead, on a billed instance, and the 443 template plus cert-permission handling worked FIRST TIME on the real box precisely because Stage 1 had already failed on them locally. Total AWS spend for the whole exercise was a few cents. THE AC-082 PROBE DESIGN VALIDATED ITSELF IN ONE RUN: 502 at 23 seconds, 401 at 40 seconds. At 23s nginx was already serving, so probing / would have returned 200 and recorded a pass while the API was still down — the exact failure mode the pre-implementation review predicted and the reason the evidence had to be an /api/ route rather than compose ps or /. NOT DONE: AC-075 needs a SECOND from-scratch instance bootstrapped following only the runbook (the first run cannot serve as that evidence, because it was debugged mid-flight), AC-079's browser-login leg and AC-084's e2e run both need a browser against the UAT URL, and AC-076 is SL-027. The instance is being stopped rather than left running: stopped it costs EBS plus the Elastic IP (~$7.65/mo) instead of ~$38/mo, and AC-082 just proved it comes back in 40 seconds.",PH-5,SL-025,2026-08-07T10:56:51Z,,
PE-174,"AC-075 TESTED BY REBUILDING FROM SCRATCH, and recorded Partial rather than Met. The first UAT box could not serve as evidence for 'a fresh EC2 instance bootstrapped from the runbook reaches an all-healthy stack with no undocumented manual step', because it was debugged through six fixes while it ran — that proves the stack works, not the runbook. So it was TERMINATED and instance i-0b632ed4ea0cd2a68 was built following deploy/runbooks/cloud-provisioning.md verbatim, at merge commit 2ec8c14, with the rule stated in advance that any intervention counts as a failure of the AC rather than something to fix and move past. THE BOOTSTRAP ITSELF PASSED UNATTENDED: nine of nine assertions green on a cold box (three one-shots exited 0, five services healthy, worker running), then externally verified — real Let's Encrypt certificate, / 200, /api/topics 401, /kc/admin/ 404, acmp realm 200, six security headers. Two design decisions proved themselves in the rebuild: the Elastic IP re-associated by tag so DNS needed no touch at all, and the budget stop-action re-pointed itself to the new instance id automatically, which is the OQ-064 automation doing exactly what it was written for — a stale InstanceId does not error, it silently protects nothing. TWO BLOCKING DEFECTS FOUND, both Windows-only, both now fixed in-script and both no-ops on Linux. The first is the most instructive result of this entire slice: 07-launch.sh died at step one with ParameterNotFound resolving the AL2023 AMI through its SSM public parameter, because MSYS rewrites the leading-slash path before the native aws.exe sees it — and the FIRST launch had only succeeded because I happened to have MSYS_NO_PATHCONV=1 exported in that shell from a previous command. The script never set it. The original success was an accident of shell state rather than a property of the script, and it would have failed for any operator opening a fresh terminal. Nothing except re-running clean could have told those two apart, which is precisely the argument for testing a runbook by following it rather than by remembering that it worked. The second: 08-bootstrap-box.sh crashed LOCALLY with 'charmap codec can't encode character' while echoing the remote output back, because docker compose emits non-ASCII and the Windows CLI defaults to cp1252 — so the script died AFTER a bootstrap that had fully succeeded, reporting a green deployment as a failure. A THIRD finding is a runbook gap rather than a script bug and is recorded rather than quietly patched: the box is running 749071e IMAGES while its checkout is 2ec8c14, because ACMP_IMAGE_TAG/ACMP_WEB_TAG in the SSM parameter still pin the commit that was current when the environment was published. Nothing reconciles the bootstrap sha with the image tags and nothing detects the mismatch — the same seam-failure class as DEF-019. Harmless on this commit, which changed only deploy scripts and package rows, but on an app-code commit it would silently deploy the wrong build. PROCESS NOTE WORTH KEEPING: this was the FOURTH MSYS path bug, after 05, 08 and 09, and I fixed them reactively one at a time instead of sweeping the set when I found the first. A single grep for leading-slash AWS arguments and file:// usage across deploy/aws/ would have caught all four in one pass. The fix directions are not uniform — 05-route53.sh needs conversion ON for its file:// change-batch while 07/08/09 need it OFF — which is exactly why a blanket shell-level setting made things worse earlier. AC-075 REACHES MET only after one more from-scratch build on the fixed scripts with zero interventions, which has not been run because the third build would have to follow the two fixes this build produced.",PH-5,SL-025,2026-08-07T11:43:28Z,,
PE-175,"BROWSER TOOLING FIXED, AND THE FIRST THING IT DID WAS FIND A CRITICAL DEFECT. The Playwright MCP server accepted a browser_navigate and then went silent for 1800 seconds before aborting, which blocked AC-079's third leg and AC-084. Rather than debug a second toolchain, the repo's OWN Playwright (1.62.1, already installed for the e2e suite at src/Acmp.Web/playwright.config.ts) was used directly. It launched immediately and fetched https://uat.acmp.anas7ammo.dev with status 200 — so the tooling was never broken, only the MCP server was, and the fix was to stop using it. Two false starts of my own on the way, both worth recording because both were self-inflicted: the first probe script sat in /tmp, outside the project, so Node could not resolve @playwright/test from node_modules; and the first login attempt swallowed a failed navigation behind a .catch(), which then surfaced 30 seconds later as an unexplained timeout on #username. Removing the catch turned an inscrutable timeout into an exact answer in one run. DEF-023 RAISED, CRITICAL: nobody can log in to a cloud environment. deploy/keycloak/realm-export.json registers acmp-web's redirectUris as localhost:8088, localhost:5173 and the two ngrok hosts — with NO cloud hostname anywhere — and docker-compose.cloud.yml mounts that file verbatim with no per-environment substitution. The SPA starts a correct PKCE flow (redirect_uri=https://uat.acmp.anas7ammo.dev/auth/callback, code_challenge_method=S256) and Keycloak answers 'We are sorry... Invalid parameter: redirect_uri'. Prod would be identical. THE POINT IS THE INVISIBILITY: every health signal on that box is green — six containers healthy, three one-shots exited 0, real Let's Encrypt certificate, /kc/realms/acmp/.well-known returning 200 with the correct external issuer, /api/ correctly 401 — because Keycloak IS running properly and simply refuses the one redirect URI the application uses. The bootstrap's nine assertions, the local boot gate's twenty-seven, and every external curl probe all pass on an environment no human can enter, because none of them performs a browser round-trip. AC-079's third leg exists precisely to require one, and it is what caught this. Structurally it is DEF-019's seam class one layer up: realm-export.json was authored for the dev/ngrok topology BEFORE ADR-0037 chose per-environment subdomains, and nothing reconciled them — a single shared realm file cannot express a hostname that is per-environment by design. Recommended remedy is to have the keycloak-config one-shot, which already uses kcadm to reconcile the realm, update redirectUris/webOrigins/post.logout.redirect.uris from ACMP_HOST when set; that leaves dev untouched and reuses machinery already in the stack. A SECOND OBSERVATION from the same page load is recorded on DEF-023 but NOT assessed: the console reported inline scripts on the Keycloak page being blocked by our CSP, which nginx sets at server level and therefore applies to everything proxied under /kc/. The error page still rendered so it is not proven to break the real login form, but it must be re-checked once the redirect_uri fix lands. CONSEQUENCES FOR THE ACCEPTANCE SET: AC-079 CANNOT reach Met, AC-084's e2e run and AC-076's Playwright suite are both blocked, and all three are blocked by the same defect rather than by three separate problems. Nothing was fixed in this session — the fix belongs with a verification run that completes a real browser login, and this session was already far over budget when the defect surfaced.",PH-5,SL-025,2026-08-07T12:36:58Z,,
PE-176,"DEF-023 FIXED AND PROVEN BY THE CHECK IT WAS DEFINED BY — four real browser logins on a from-scratch box — and the verification run then found two more defects of the same silent-success family. THE FIX went where the defect said it should: reconcile.sh, the keycloak-config one-shot that already reconciles the realm over kcadm, now REPLACES acmp-web's redirectUris and webOrigins from ACMP_WEB_ORIGIN, which only docker-compose.cloud.yml sets. The handoff proposed deriving it from ACMP_HOST; that is WRONG and the reason is worth keeping — cloud-stack-boot.sh sets ACMP_HOST=localhost while the app is on port 18080, so https://${ACMP_HOST} would register a URI matching nothing. KEYCLOAK_ORIGIN is the browser-facing origin and is correct in both cloud and the boot gate, but NOT in the dev compose, where it is keycloak.localhost:8085 while the SPA is on localhost:8088 — which is exactly why the variable is passed from the cloud file only and the block no-ops when unset. post.logout.redirect.uris became the literal '+' in the export instead of a third patched field: environment-independent, and it sidesteps kcadm's dotted-key path splitting entirely. THE ORDER OF VERIFICATION WAS THE POINT. The Keycloak half was proven FREE on the local boot gate before any AWS spend, and negatively: with the fix the configured origin gets a login form (200) while http://localhost:8088 — a URI the committed realm-export DOES register — is refused (400). That single line proves the reconcile genuinely replaced rather than appended, that the new gate assertion greps the real Keycloak error text, and that the check can fail. A check that has never been seen to fail is what this entire slice is about. The SPA half could NOT be rehearsed locally, and that is a real limit of the boot gate now recorded in it: the published web image bakes VITE_OIDC_AUTHORITY per environment (ADR-0037), so the <sha>-uat bundle points at the UAT hostname wherever it runs — a browser there drives the deployed box, not the local stack. THE REBUILD, following the runbook verbatim at 79a3354: 07-launch.sh clean and unattended, which is the MSYS fix from PE-174 proving itself; the Elastic IP re-associated by tag so DNS needed no touch; 08-bootstrap-box.sh clean, nine of nine assertions, and the NEW tag-drift guard fired and passed. That guard is the PE-174 finding turned into code rather than a runbook line, and the drift it was written for was real and still live — /acmp/uat/env still pinned 749071e images. It is a guard and not a runbook step precisely because a runbook step is what gets skipped. AC-075 STAYS PARTIAL, and the boundary is narrower than it looks: the provisioning SCRIPTS now pass from scratch with zero interventions; runbook section 6 needed a chmod on the box, and that intervention IS the finding (DEF-024) rather than something to patch past. certbot execs a --deploy-hook directly, so a hook committed 100644 is refused and the WHOLE certonly run is abandoned — no certificate, site serving CN=ACMP-PLACEHOLDER-DO-NOT-TRUST, and the SSM invocation still reporting Success because AWS-RunShellScript has no set -e and the status came from `systemctl is-active` on the renewal timer. The timer being genuinely enabled made the run look MORE convincing. Caught only because section 6 phrases its check as 'read the certificate subject from off the box' rather than 'did it exit 0'. Class swept: the only two scripts invoked without an interpreter are that hook and backup.sh (cron), and backup.sh was already 100755. A second section-6 finding: the documented certbot command cannot run over the only access path that exists, since there is no inbound SSH and SSM has no TTY, so the runbook now carries --non-interactive --agree-tos. DEF-025, raised from DEF-023's previously unassessed second observation: Keycloak's pages were inheriting the SPA's server-level headers under /kc/. Our script-src 'self' blocked the login theme's inline scripts (7 console violations on every login), and our X-Frame-Options deny landed on top of Keycloak's SAMEORIGIN — conflicting values resolve to deny, which blocks the hidden same-origin iframe automaticSilentRenew uses. That one was MEASURED rather than argued: the probe appends the iframe and reports whether it loads, and it was blocked before the fix and loads after. The symptom would never have been an error, only users logged out at token expiry, read as flakiness. Both nginx templates now give /kc/ its own add_header block, kept identical, letting Keycloak own CSP and X-Frame-Options for its own pages while keeping HSTS and Permissions-Policy, which it does not set. DEF-022 was fixed at both ends and then EVIDENCED rather than asserted, because the runbook's own new wording says a cron line that has never been run is not evidence: the crontab was installed and backup.sh run through `env -i` with only ACMP_ENV_FILE — the stripped environment cron actually provides — and a separate aws s3 ls confirmed both .bak objects in s3://acmp-uat-backups/sql/. THREE NEW GUARDS, all in cloud-stack-boot.sh, each closing a gap that let one of these through: the authorization round-trip, and the /kc/ header block asserted from both directions (our CSP absent, the XFO deny value absent, HSTS still present) because add_header's non-merging makes that block undoable by accident either way. FINAL STATE: all four accounts log in and JIT-provision with the correct role in a single run, the renew iframe loads, zero CSP violations, a real Let's Encrypt certificate verifying 0 from off the box, and the SPA's own / still carrying all six headers so AC-081's posture is intact. Instance stopped. PROCESS NOTE: my own chmod on the box left its checkout dirty and the next bootstrap refused to `git checkout` over it — it failed loudly and named the file, which is the correct behaviour and needed no new machinery, but it is the visible cost of a hand-fix on a box that is supposed to be rebuilt rather than edited.",PH-5,SL-025,2026-08-07T15:29:05Z,,
PE-177,"DEF-023 fixed in reconcile.sh and proven by four real browser logins on a from-scratch box; DEF-022 fixed at both ends and evidenced by a cron-equivalent run with objects confirmed in S3; DEF-024 (certbot deploy-hook exec bit) and DEF-025 (/kc/ header inheritance blocking the silent-renew iframe) found by that verification and fixed. Three new guards in cloud-stack-boot.sh. AC-079 and AC-081 Met, AC-075 Partial on the section-6 intervention.",,,2026-08-07T15:29:46Z,"{""ref"": ""02c1ce7 (PR #182) + 79a3354 (PR #181)"", ""binds"": [""DEF-022"", ""DEF-023"", ""DEF-024"", ""DEF-025"", ""AC-075"", ""AC-079"", ""AC-081"", ""SL-025"", ""PH-5""]}",
PE-178,"DEPENDENCY BACKLOG TRIAGED BY BLAST RADIUS AND BY WHAT CI ACTUALLY PROVED, not by age. Fifteen dependabot PRs had been open since 2026-07-16, several of them touching the runtime this deployment stands on. Ten were merged and five were left open because CI demonstrates they genuinely break the build -- they are upgrade PROJECTS, not merges, and merging them because they are stale would have been the reckless reading of 'clear the backlog'. MERGED (all green, and each validated by the pipeline that would catch it): the five CI-tooling bumps (actions/checkout 4->7, setup-node 4->7, setup-dotnet 4->6, upload-artifact 4->7, anchore/sbom-action), the npm minor/patch group of 17, three dev-only bumps (jsdom 25->29, @types/node 24->26), node 22->26-alpine for the web build, and nginxinc/nginx-unprivileged 1.27->1.31-alpine. LEFT OPEN, each with a measured reason rather than an opinion. dotnet/sdk 8.0->10.0 (#128) and dotnet/aspnet 8.0->10.0 (#134) are blocked on the same thing and must move together: global.json pins the SDK to 8.0.422 with rollForward latestPatch and every project targets net8.0, so an SDK-10 image cannot build the solution and an aspnet-10 runtime cannot run a net8.0 app. CI agrees -- #128 fails two checks, #134 fails one. Retargeting the solution is a deliberate framework upgrade and belongs in its own slice. mssql/server 2022->2025 (#135) fails backend AND e2e; it is also the live datastore, and DEF-018's Express AUTO_CLOSE behaviour and the custom FTS image would both need re-verification against a new major, on top of a one-way database upgrade. typescript 6->7 (#139) fails frontend and e2e. @vitest/coverage-v8 3->4 (#137) fails frontend and e2e, and it is the tool the >=95% per-file coverage gate depends on, so a green build is the minimum bar before it moves. THE TWO RUNTIME BUMPS THAT DID LAND WERE VERIFIED WHERE CI CANNOT SEE. nginx 1.31 serves the cloud 443 listener and node 26 builds the SPA bundle, and CI's e2e only exercises the plain 8080 topology -- there are no certificates there, so the TLS server block, its header posture and the /kc/ rules are invisible to it. That is precisely the gap the local cloud boot gate exists for, and it was run before either bump could reach a paid box: 31 passed, 0 failed, including the TLS handshake, all six security headers on the 443 block, both /kc/ deny rules, all three /kc/ header assertions, and the SPA authorization round-trip.",,,2026-08-07T17:56:16Z,,
PE-179,"AC-075 REACHES MET, and finishing the slice found two more un-failable checks. THE REBUILD: the previous instance was terminated so nothing could carry over, and i-07ac28ac2fedab921 was built at main tip fca58f36 following the runbook verbatim. 07-launch.sh clean; 08-bootstrap-box.sh clean with nine of nine assertions and the image-tag guard confirming the deployed images matched the checkout; section 6 certbot succeeded ON THE FIRST ATTEMPT with a real certificate verifying 0 from off the box; section 7 seeded all four accounts. All four then completed a real browser login with UPDATE_PASSWORD enforced on a genuinely fresh realm and JIT-provisioned with the correct roles. Two things were proved beyond the AC. The DEF-024 fixes work -- the deploy hook's exec bit and the documented --non-interactive flags were the whole of what stood between the previous run and a certificate. And the invocation ran under `set -eu`, so its Success means something: the previous run's Success was inherited from `systemctl is-active` while certbot had issued nothing. Cost guardrails verified rather than assumed: t3.medium, CpuCredits=standard, 50 GB gp3 encrypted, zero NAT gateways. THREE GUARDS THAT HAD NEVER EXECUTED NOW DO. The /kc/ header assertions added in 02c1ce7 landed AFTER the last local boot-gate run, so they shipped unexecuted -- the very pattern this slice keeps catching, this time in my own work. The gate now runs 31 passed / 0 failed with all three green, and the captured headers close the question I had left open: removing OUR copies under /kc/ lost nothing, because Keycloak supplies Referrer-Policy no-referrer, X-Content-Type-Options nosniff and X-Frame-Options SAMEORIGIN itself alongside the HSTS and Permissions-Policy we still add. Their falsifiability is not hypothetical -- the pre-fix header dump from the live box showed exactly the CSP and X-Frame-Options DENY they grep for. DEF-026: Amazon Linux 2023 ships NO cron, so runbook section 8 -- the only thing scheduling backup.sh -- died with `crontab: command not found` and the backups behind NFR-057/NFR-058 never existed on any box. It hid the DEF-024 way and it hid from ME earlier in this same session: SSM's command list has no set -e, so the failure left the rest running while a manual backup.sh in the same batch succeeded and copied to S3, and DEF-022 was recorded verified on evidence that was real but for the wrong claim. Fixed in the bootstrap next to docker/compose/git. DEF-027: AC-076's method cannot work, because the e2e suite's global-setup needs the master-realm token endpoint and the admin API, and the 443 listener 404s both by deliberate design. Measured, not assumed. Left Open on purpose -- the remedies are SL-027 design work, and the tempting ones are wrong: relaxing the deny is a security regression AC-081 partly rests on, and bolting a bypass onto seed-users.sh would break the temporary-password property CON-007/CON-009 and attributed voting depend on. DEF-014 RECONCILED, and the drift is the finding: the row had read Open through all of PH-5 while its cloud half shipped in P21, so the register claimed a violation that did not exist -- and checking the code instead of the row surfaced a real one nobody had recorded, since docker-compose.prod.yml never overrode the base MSSQL_PID and on-prem PRODUCTION still resolved to Developer. AC-084 recorded Partial with three concrete reasons rather than one. TOOLING NOTE: the block-no-verify hook scans the whole command line for a bare -n instead of parsing it as an argument to `git commit`, so `bash -n script.sh && git commit ...` is falsely blocked; confirmed by isolation. It is a safety control and was deliberately NOT loosened. PACKAGE-WRITE WARNING, and this one matters for anyone reading these rows: two package sessions in this run LOST their writes. DEF-026/DEF-027, the AC-075 and AC-084 verdicts and a whole progress entry were absent from the canonical CSVs afterwards, and reused ids (PE-178 issued three times, AV-103 twice) silently overwrote an earlier narrative. It was caught only by reading tamheed-package/csv/ directly instead of trusting the tools' return values, and everything was then re-recorded. Verify package writes against the CSVs before believing them.",PH-5,SL-025,2026-08-07T18:00:41Z,,
PE-180,"Restores the C3 binding lost when a git reset discarded the uncommitted canonical JSONL of the session that first recorded it. #186 = DEF-014 (on-prem prod overlay still inherited Developer). #187 = DEF-026 (AL2023 ships no cron, so the backup schedule never existed) + the CPUCreditBalance alarm AC-084 reads. #188 = the governance record. DEF-027 raised Open against SL-027.",,,2026-08-08T09:56:29Z,"{""ref"": ""fca58f3 (#186) + 8d40760 (#187) + 31a53b2 (#188)"", ""binds"": [""DEF-014"", ""DEF-026"", ""DEF-027"", ""AC-084"", ""AC-075"", ""SL-025"", ""SL-027"", ""PH-5""]}",
PE-181,"CORRECTION, AND IT RETRACTS A CLAIM I MADE AGAINST A TOOL. PE-179 closes with a 'PACKAGE-WRITE WARNING' stating that two Tamheed package sessions silently lost their writes, that ids were reused, and that package writes cannot be trusted without reading the CSVs. THAT DIAGNOSIS WAS WRONG, and the real cause was mine. tamheed-package/data/*.jsonl is GIT-TRACKED -- 29 files -- and canonical state is written there, not to a private store. During that run I ran `git reset --hard origin/main` repeatedly while merging PRs. Any package write that had not yet been git-committed was therefore discarded by my own reset, not by Tamheed. The evidence is unambiguous and was checked before this correction was written: only two commits in the entire run ever contained package data (9d27528 and the later restore), `git reflog` shows the resets sitting between the writes and any commit, and `git show <sha>:tamheed-package/data/audit_verdicts.jsonl` finds AV-103 in none of the intermediate commits. Tamheed then behaved CORRECTLY on each re-open: it loaded the canonical state as it actually stood on disk and allocated the next free id from it. What looked like id reuse was the allocator doing exactly the right thing against state my reset had rewound. The 'silent overwrite' of an earlier narrative was the same thing -- the earlier row no longer existed to be overwritten. THE REAL LESSON IS THE OPPOSITE OF THE ONE I RECORDED: a Tamheed package is a git working tree, so `git reset --hard`, `git checkout` and `git stash` are destructive to uncommitted package writes exactly as they are to uncommitted source. Package writes must be git-committed before any branch operation, in the same way code is. The verification habit I recommended -- read tamheed-package/csv/ rather than trusting a tool's return value -- remains sound advice, but for this reason rather than the one I gave. ONE GENUINE TAMHEED DEFECT WAS FOUND while investigating, and it is unrelated to the above: _next_id orders candidate ids with `ORDER BY id DESC`, which is a TEXT sort. Inside the zero-padded width that agrees with numeric order, so it is correct for the first 999 rows of a table and wrong permanently after -- 'PE-999' sorts above 'PE-1000', so every later call returns PE-1000 again, and since id is the primary key the insert raises and the batch rolls back. progress_update and audit_record would fail forever on any package that stays busy long enough; this package is at PE-181 and climbing. Reproduced in isolation rather than argued. NOT fixed here by operator instruction -- the tool is not this project's to change -- and reported upstream instead, with the reproduction and two further hazards, in findings_10.md at the repo root. The data damage from the reset has been repaired through the MCP tools rather than by hand: DEF-022's evidence text corrected (it claimed a crontab install that never happened -- see DEF-026), and the lost work_bind for #186/#187/#188 re-applied, which restores the last_referenced stamps that DEF-014, DEF-026, DEF-027 and AC-084 were all missing.",PH-5,SL-025,2026-08-08T09:56:58Z,,
PE-182,"STRICT RE-READING OF AC-080, A CORRECTED REQUIREMENT REFERENCE, AND A SECOND FALSE CLAIM ABOUT THE TOOL RETRACTED -- this one caused by the tool rather than by me. AC-080 DOWNGRADED Met -> Partial (AV-105). The drill itself is untouched and still fully evidenced: 3->0->3 per database on Express, no compression clause, no Postgres leg, 19/0 green. What fails a strict reading is the AC's own binding clause '(verifies NFR-058)'. NFR-058 has two halves -- backups stored SEPARATE from the primary server, and restorability tested quarterly -- and the drill evidences the second plus the mechanism of the first, not the first as an operating property. DEF-022 (cron silently skipped the S3 copy) and DEF-026 (AL2023 ships no cron, so the schedule never existed) both landed after the Met verdict and show the regime was not running. A hand-run drill proves machinery, not a regime. The exit criterion is now named on the verdict so nobody has to re-derive it: an actual CRON-TRIGGERED backup observed to land off-instance. Every prerequisite is in place; it has simply never been watched. REQUIREMENT REFERENCE DRIFT, found while checking that: DEF-026 cited 'NFR-057 (RPO <= 4h)'. Wrong. The package and the v1 migration source (docs/requirements/non-functional.md) BOTH define NFR-056 as the RPO and NFR-057 as the RTO, and they agree with each other exactly -- so the package rows are faithful and the migration is not at fault. The swap lives in ACMP's own hand-written prose, where deploy/ scripts and runbooks had the two numbers reversed, and I copied it into the register from a code comment instead of checking the requirement. DEF-026 is corrected, the deploy/ prose is corrected, and docs/ is DELIBERATELY LEFT WRONG because AGENTS.md freezes it as a read-only archive -- recorded here so the next reader does not 'fix' the archive and does not read the inconsistency as an oversight. THE SECOND RETRACTION IS THE INTERESTING ONE, because unlike PE-181 the root cause is the tool and not the operator. OQ-065's resolution asserted that 'tamheed 2.6.0 exposes no write path to trace_edges in any case (entity_upsert rejects both trace-edge and trace_edge)'. That is false, and it was settled by TESTING rather than by re-reading: entity_upsert(type='trace-edge', ...) returns ok/applied:1 against this live package. 'trace-edge' is a registered entity type in the plugin source, commented 'write surface for relations', with its own INSERT OR IGNORE branch, and documented as a write surface in the plugin's own README and SKILL. Only the underscore spelling is genuinely unknown. The reason we believed otherwise is a defect in the tool's READ surface: entity_query(type='trace-edge') answers with the literal string ""unknown entity type 'trace-edge'"" for a type that is both known and writable -- it reports non-queryable as nonexistent. A false error message propagated into this package's permanent record and sat there for three days. That is now reported upstream as findings_10 A2 and OQ-065 is corrected. THE DECISION OQ-065 REACHED DOES NOT CHANGE: wiring duplicate DEC->ADR edges was undesirable regardless of whether it was possible, because two records of one fact drift apart; derivation at export time remains the right fix and remains upstream work. METHOD NOTE WORTH KEEPING: three claims about Tamheed have now been wrong in this project -- the lost writes (mine, PE-181), the NFR swap (ACMP prose, not the migration), and the trace_edges write path (the tool's own error message). The first two were caught by checking git and the v1 source; the third by running the call instead of reading about it. Reading a tool's error message is not evidence of the tool's behaviour.",PH-5,SL-025,2026-08-08T10:42:32Z,,
PE-183,"RETRACTION TRAIL CLOSED for the trace_edges claim, and the sweep that closed it found a carrier the first pass missed. PE-182 retracted the false claim as it appeared in OQ-065, and OQ-065 itself was corrected in place. That was incomplete: the same claim is carried by THREE progress entries, and a first grep for one exact phrase found only two of them. A broader sweep across four phrasings found the third. Recorded here rather than by editing any of them, because progress entries are the append-only journal and a retraction must point AT the rows rather than rewrite them (that is also DEF-adjacent tooling finding A4 in findings_10 -- the tool would happily let me rewrite them in place, and the fact that it would is exactly why the discipline has to come from us). THE THREE ARE NOT THE SAME KIND OF STATEMENT, and flattening them would destroy the only distinction a future reader needs. PE-166 is the ORIGINAL FINDING: 'FIRST, there is no sanctioned write path to trace_edges in tamheed 2.6.0: the table is not exposed to entity_query, and entity_upsert rejects both trace-edge and trace_edge.' The claim is that entry's substance, and it is false in its second half -- entity_upsert accepts 'trace-edge'; only the underscore spelling is unknown, and the 'not exposed to entity_query' half is true. PE-169 is a COMMIT-SUMMARY RESTATEMENT of PE-166 and inherits the error without adding anything. PE-167 is the one that matters and the one nearly missed: it uses the claim as a SUBORDINATE CLAUSE under a resolution -- 'Recorded as an upstream note rather than a blocker, since fixing it means changing the plugin, not this package, and no write path to trace_edges exists in 2.6.0 anyway.' READ IN FULL BEFORE WRITING THIS, and the reading is what settles it: the word is 'anyway'. The clause is a secondary reinforcement, not the reason. PE-167's decision rests on its PRIMARY reason -- that this is a derivation gap in the plugin's export rather than a defect in this package -- and that reason is untouched and still correct. So OQ-065's resolution STANDS ENTIRELY. Nothing decided there needs revisiting: wiring duplicate DEC->ADR edges was undesirable regardless of whether it was possible, because two records of one fact drift apart, and derivation at export time remains the right fix and remains upstream work. What changes is only that the resolution's convenience argument had a false leg; the load-bearing leg never did. THE ROOT CAUSE IS THE TOOL, NOT THE READER, which is why this is worth the words: entity_query(type='trace-edge') answers with the literal string ""unknown entity type 'trace-edge'"" for a type that is registered in ENTITY_TABLES, commented in the source as a 'write surface for relations', documented as a write surface in the plugin's own README and SKILL, and demonstrably writable. Confirmed again today by running both calls, and extended: entity_query(type='omission') returns the same false message for a type that also accepts writes. The read surface reports NON-QUERYABLE as NONEXISTENT for both. Reported upstream as findings_10 section A2, with the fix suggestion that the two conditions be distinguished. METHOD NOTE, the fourth in this project and the sharpest: my first attempt to close this trail grepped ONE exact phrase and concluded two carriers. A four-phrasing sweep found three. Searching for the wording you remember writing finds the entries you remember writing -- it does not find the ones that paraphrased you.",PH-5,SL-025,2026-08-08T11:50:15Z,,
PE-184,"AC-080 REACHES MET ON THE ONE ARTIFACT A HAND-RUN CANNOT FORGE, AC-085 LOSES A LEG TO CLOUDTRAIL, AND DEF-027's REMEDY IS MEASURED VIABLE INSTEAD OF RECOMMENDED. AC-080 -> Met (AV-106). AV-105 had named the exit criterion precisely -- a CRON-TRIGGERED backup observed to land off-instance -- so this session had only to execute it, and the execution had two traps worth recording. THE FIRST TRAP IS THE CRONTAB ENVIRONMENT ASSIGNMENT. crontab.example carries ACMP_ENV_FILE=/opt/acmp/deploy/.env.cloud as an assignment that applies to every line BELOW it, so installing a standalone temporary crontab with just the drill line would have run backup.sh without ACMP_ENV_FILE, backup.sh would have refused (DEF-022's net), and the drill would have proved the refusal works rather than the schedule works -- a green-looking failure of exactly the DEF-023 family this project keeps catching. The line was APPENDED to the live crontab instead, and the assignment re-confirmed present above it before waiting. THE SECOND TRAP IS THAT THE ARTIFACTS DO NOT DISCRIMINATE. A hand-invoked backup.sh and a cron-invoked one produce byte-identical .bak files, identical filenames and identical log text; nothing in S3 can tell them apart. That is why AV-095's fully-green drill could not settle this AC, and it is why the evidence recorded is crond's OWN journal line -- `21:30:02 CROND[7778]: (root) CMD (cd /opt/acmp && deploy/scripts/backup.sh ...)` with CMDEND at 21:30:06 -- rather than the backup output. Corroboration that this was the first scheduled run on the box at all: /var/log/acmp-backup.log did not exist and /opt/acmp/backups was empty beforehand (local .bak files are pruned by AGE, not on upload, so empty means never run). The off-instance check was deliberately run FROM THE LAPTOP, since an `aws s3 ls` executed on the box shares fate with the box and NFR-058's first clause is exactly about not sharing fate. Schedule restored and diffed byte-identical both to the pre-drill capture and to the committed crontab.example. AC-085 STAYS PARTIAL BUT ON ONE LEG INSTEAD OF TWO (AV-107). Leg 4 was recorded Not-met on 2026-08-04 for the sound reason that an SsmActionDefinition needs explicit InstanceIds and no instances existed. They exist now, and the evidence turned out to be better than the AC asks for: rather than reading 07-launch.sh's create-or-update branch and asserting the behaviour, CloudTrail shows UpdateBudgetAction 33 seconds after the current instance launched, with OldAction carrying the TERMINATED predecessor i-05085d458d886dc08 and NewAction carrying i-07ac28ac2fedab921 -- the automatic re-pointing observed across a real replacement. Both branches are covered: one CreateBudgetAction and three UpdateBudgetActions in the trail. THE METHOD NOTE HERE IS ABOUT STALE VERDICTS, not about budgets: AV-088's leg 4 was correct when written and became wrong without anything touching it, because its premise was 'once P25 launches instances'. A verdict whose reason is a not-yet is a verdict with an expiry date, and nothing in the package makes it announce its own expiry. Worth a sweep of other Partial verdicts whose stated reason is a precondition rather than a defect. DEF-027 UPDATED, STILL OPEN, REMEDY NOW MEASURED. Option (b) -- SSM port-forward, zero code change -- was blocked only on session-manager-plugin not being installed. It no longer is, and not by installing anything: the winget/MSI route wants Program Files and stalls on a UAC prompt, while AWS's own SessionManagerPlugin.zip contains a nested package.zip whose bin/session-manager-plugin.exe runs standalone, which is all `aws ssm start-session` needs on PATH. The tunnel opened first try, which also settles that acmp-admin holds ssm:StartSession -- a different action from the ssm:SendCommand this project has used everywhere else, and previously an untested assumption. THE PROBE THROUGH IT IS THE RESULT: /kc/realms/master/.well-known/openid-configuration -> 200 and /kc/admin/realms/acmp/users -> 401, against 404 and 404 for the same two paths on the public 443 listener in the same minute. The 401-not-404 is the finding -- the admin API is reachable and merely unauthenticated, so nginx is not denying it AND Keycloak's hostname-strict mode does not reject a localhost Host header on the admin REST API, which had been reasoned but never tested. AC-081's deny posture is re-confirmed live in the same command. What remains is neither design nor infrastructure: global-setup authenticates with KC_BOOTSTRAP_ADMIN_PASSWORD, which exists only as a docker secret generated on the box, and retrieving it to the workstation was refused by this session's tool-permission layer. AC-076 is then one `npx playwright test` invocation. TWO THINGS DELIBERATELY NOT DONE, recorded so they are not mistaken for oversights. AC-085 leg 1 was not forced: the shape is now known and written into AV-107 (a temporary 1% ACTUAL notification, which is a separate API object from the 100% actions and so cannot disturb them, against a zero-datapoint SNS delivery baseline), but the create-notification call was refused by the same permission layer. AC-084 was not advanced, because its missing leg IS the e2e run that DEF-027 blocks; the alarm leg has meanwhile settled to OK on its own. HOUSEKEEPING: two empty directories named `certs;C` and `cloud-443.conf.template;C` under deploy/nginx/ -- MSYS path-conversion debris from an earlier session, untracked, and invisible to `git status` because git does not report empty directories -- were removed. The box's installed crontab still carries the pre-correction NFR-056/057 comment swap because the box runs fca58f36, which predates 788c42e; it is comment text only and will correct itself on the next bootstrap.",PH-5,SL-025,2026-08-08T21:40:12Z,,
PE-185,"THE E2E SUITE RAN AGAINST UAT FOR THE FIRST TIME, WHICH UNBLOCKED TWO ACs AND EXPOSED A THIRD PROBLEM THE SUITE EXISTS TO FIND. DEF-027 option (b) executed exactly as designed, with zero code change and no relaxation of the /kc/ deny. The prerequisite that had blocked it turned out not to require installing anything: the winget/MSI route for session-manager-plugin wants Program Files and stalls on an invisible UAC prompt, but AWS's own SessionManagerPlugin.zip carries a nested package.zip whose bin/session-manager-plugin.exe runs standalone, and `aws ssm start-session` only needs the binary on PATH. The tunnel opened first try, which also settled that acmp-admin holds ssm:StartSession -- a different IAM action from the ssm:SendCommand used everywhere else here. global-setup seeded its fixtures through the tunnel while the browser drove the public host, which works only because it takes E2E_KEYCLOAK_URL separately from E2E_WEB_URL. AC-076 PENDING -> PARTIAL (AV-108): 6 of 7 passed. Auth is the headline -- a real Keycloak authorization-code + PKCE round-trip against the deployed realm, plus the unauthenticated-deep-link redirect. RTL/a11y went 4/4, axe-clean in both languages. AC-084 PARTIAL ON ONE LEG INSTEAD OF THREE (AV-109): that run IS the 'e2e run drives it' the AC asked for, and per-container memory was SAMPLED every 10s throughout rather than read once afterwards, because docker stats has no peak counter and an unsampled peak is simply lost. Keycloak peaked at 441.9 MiB of its 448 cap -- 98.6%, and it HELD, which is the alternative the AC explicitly allows ('raised or shown to hold'). Zero OOM, zero container deaths, dmesg clean, 46 MiB of 4 GiB swap touched. Recorded as a standing risk rather than a pass: 6.1 MiB of headroom is the thinnest in the stack, and the slack to fund any increase sits in worker (103.8 of 256) and seq (168.3 of 256). THE CORE LOOP FAILED, AND THE DIAGNOSIS IS THE MOST TRANSFERABLE THING IN THIS ENTRY (DEF-028). The step 'secretary schedules a meeting' timed out at 180s, and the decisive observation was a NEGATIVE one: nginx logged NO POST /api/meetings at all during the three minutes the test waited -- only the SPA's 30-second notification polls. The click produced no request. Everything that would have been the easy explanation was checked and eliminated rather than assumed: the API answered in 5-69ms in the same window, load average 0.02, all six containers healthy, zero OOM/die events, no console error and no page error in the Playwright trace, and the two nginx CSP headers are byte-identical between the 443 and 8080 templates. The failure snapshot shows the form fully and validly populated with the Schedule button enabled. THE MECHANISM IS A SILENT RETURN: SchedulePage.onSubmit ends in a bare `if (...) return;` over six conditions, and one of them -- the `!chair` lookup -- has NO rendered counterpart, because chairError tests the strictly weaker `!effectiveChairId`. A submit handler that can return without telling anyone is the fault; which branch took it is secondary, and which one took it here was NOT isolated, which is recorded as not-isolated rather than guessed. One thread left for whoever picks it up: GET /api/members, the call that populates the chair list, appears NOWHERE in the access log for the run, while POST /api/members/me appears repeatedly. CI IS GREEN ON THE SAME SPEC against the local compose stack (e2e run 31254328744), so the trigger is UAT-specific -- a realm that has been through real logins and JIT provisioning, which a fresh CI realm never sees. AC-085 LEG 1 ATTEMPTED, AND THE FAILURE IS MORE USEFUL THAN THE PLAN AV-107 RECORDED (AV-110). Arming a 1% threshold below current spend put the notification into ALARM instantly -- and delivered nothing: zero datapoints on NumberOfMessagesPublished/Delivered/Failed against a pre-armed zero baseline. A notification created ALREADY in alarm has no OK->ALARM transition to notify on, so that method can never pass, however long one waits. It is the un-failable check inverted: a check that cannot SUCCEED. Replaced with a 2% threshold ($1.20 against $1.065 spent) which sits in OK today and will transition on its own as ordinary spend crosses it -- a real notification on real spend, left armed for the next session to OBSERVE rather than act on. Both 100% budget ACTIONS were re-verified untouched after every change. A SECOND STALE PREMISE CORRECTED, and it is the same class as AV-088's leg 4 in PE-184: the handoff states the CPU-credit alarm 'recovered while the box sat idle'. A STOPPED t3 EARNS NO CREDITS. The alarm read OK only because a stopped instance publishes no datapoints; it returned to ALARM at ~6-9 credits the moment the box started. Credits accrue at 24/hour ONLY while running, so that leg needs about two hours of running time BEFORE the e2e run -- a scheduling constraint on the next attempt, not a defect. CLEANUP, recorded because 'who can log into UAT' is a question worth being able to answer: the suite seeds fixed-password e2e-* accounts whose password is committed in e2e/users.ts, onto a host whose 443 is open to 0.0.0.0/0. All three were deleted through the same tunnel (HTTP 204 each) and the realm verified back to its five legitimate accounts. The bootstrap admin credential was pulled disk-to-disk into a scratchpad file and never rendered into the session, then removed. The governance rows the run wrote are hash-chained and immutable and REMAIN in the UAT database permanently -- acceptable for UAT, and exactly why the suite must stay incapable of pointing at production.",PH-5,SL-027,2026-08-08T22:06:53Z,,
PE-186,"DEF-028 ISOLATED BY EXPERIMENT, FIXED, AND A FALSE LEAD I PUT IN THE RECORD RETRACTED. FIRST THE RETRACTION, because it was mine and it would have cost the next reader hours. DEF-028 as first written asserted that 'GET /api/members appears NOWHERE in nginx's access log for the run, while POST /api/members/me appears repeatedly', and offered that as the first thread to pull. THE EVIDENCE DID NOT SUPPORT THE CLAIM. The grep behind it ended in `tail -n 8`, and all eight lines were the frequently-polling POST /api/members/me; any GET earlier in the run was simply outside the window. The honest statement was 'I did not check'. This is the fourth time in this project that a narrow search produced a confident wrong conclusion -- PE-183 recorded the same shape and even named the lesson, that searching for the wording you expect finds only what you expected -- and I repeated it anyway, three days later, in the same package. Recording that recurrence is the point: the lesson did not stick as a note, so it is restated here as a rule with teeth -- a claim of ABSENCE is never supportable by a truncated search, and `tail`, `head` and `-m` must not appear in the pipeline that establishes one. THE REAL CAUSE IS A RACE, AND IT WAS SETTLED BY A FALSIFICATION TEST RATHER THAN BY MORE READING. A scratchpad probe logged in as the seeded secretary against live UAT, opened /meetings/new, waited six seconds, filled the form exactly as core-loop.spec.ts does and clicked Schedule: POST /api/meetings ISSUED, meeting MTG-2026-001 created. The same probe with the wait removed -- i.e. behaving exactly as the spec does -- reproduced the failure exactly: GET /api/members had not even been sent, the chair control still read 'Loading members...', the click produced NO request at all, and NO error rendered anywhere on the page. One variable changed, opposite outcomes. THAT ALSO EXPLAINS THE THING THAT HAD MADE NO SENSE -- why the failure screenshot showed a perfectly valid form with 'chairman Seeded' selected. chairError is DERIVED state, not latched. At click time the members query had not resolved, so activeMembers was empty, onSubmit's `!chair` guard returned silently, and the error was displayed; 180 seconds later when Playwright captured the snapshot the data had arrived, the chair filled itself in and the error EVAPORATED. The artifact that was supposed to diagnose the failure had been overwritten by the recovery. WHY CI NEVER CAUGHT IT, and why this is a product defect rather than a test artifact: on localhost the members query always wins the race against the test, and over the internet it does not. A real user on a slow connection who clicks Schedule promptly gets exactly the same silence. Environment sensitivity of this kind is invisible to a test suite that only ever runs against localhost, which is the whole argument for AC-076 existing at all -- the AC found a defect that 140 green test files and a green e2e workflow could not. FIXED in commit ed74130, two faults not one: `chair` is now resolved ONCE in render scope so the guard and the message cannot disagree (chairError previously tested `!effectiveChairId`, strictly weaker than the guard's `!chair` lookup), and Schedule is DISABLED while the members query is loading. Disabled rather than 'loading' -- the button is not busy, the form is not ready, and the chair field already says so. Disabling is also what lets the e2e suite pass with NO change to the spec, because Playwright waits for an enabled button, so the race cannot occur. Two regression tests added; frontend 140 files green, coverage 99.64% against the 95% floor. AC-076's TEXT AMENDED (OQ-066), same shape as OQ-064's amendment of AC-085. Its stated method -- E2E_KEYCLOAK_URL=https://uat.../kc -- is provably impossible, since the 443 listener 404s both endpoints global-setup needs and AC-081 rests on that deny. The AC now names the SSM port-forward that was actually used. The SUBSTANCE graded is unchanged: the same three areas, against the same real environment. The amended method is strictly harder to arrange than the original text implies, and it was executed and evidenced (AV-108) BEFORE the amendment was written, not after -- this is correcting a specification against reality, not lowering a bar to make a verdict green. WHAT IS STILL BLOCKED, stated plainly: the fix cannot reach UAT from a branch. ci.yml publishes images only on a push to main, so AC-076 cannot go Met until the branch is merged, the tags re-pinned in /acmp/uat/env and the box re-bootstrapped. The merge itself was refused by this session's tool-permission layer, not by CI and not by policy.",PH-5,SL-027,2026-08-08T22:27:15Z,,
PE-187,DEF-028 root cause isolated by falsification test against live UAT and fixed; AC-076 statement amended per OQ-066. Not yet deployed — images publish only from main.,,,2026-08-08T22:29:11Z,"{""ref"": ""ed74130 (PR #195)"", ""binds"": [""DEF-028"", ""AC-076"", ""OQ-066"", ""SL-027"", ""PH-5""]}",
PE-188,"THE FIX WAS DEPLOYED AND PROVED ITSELF IN THE ONLY PLACE IT COULD, AND THE CLEANUP I DID LAST SESSION TURNED OUT TO BE THE NEXT BLOCKER. FULL DEPLOY LOOP EXECUTED: PR #195 merged to main (155cc803), CI's publish job produced all four images, their presence in ECR was VERIFIED BEFORE anything else moved -- including the per-environment web:155cc803...-uat tag, which is DEF-019's lesson applied rather than recalled -- then /acmp/uat/env was re-pinned to the new full SHA through 09-put-env.sh and 08-bootstrap-box.sh re-bootstrapped the box at that commit. The image-tag drift guard PASSED on its own rather than being overridden with ACMP_ALLOW_TAG_DRIFT, nine of nine health assertions returned OK, every one-shot exited 0, and docker ps confirms all five services on the new images. TLS survived the rebuild (Let's Encrypt cert valid to 2026-11-05) and the deny posture was re-checked in the same minute: 200 for the SPA and the acmp realm's discovery document, 404 for both /kc/admin and /kc/realms/master. So AC-081 is re-evidenced after a redeploy, not merely assumed to have survived one. DEF-028 IS VERIFIED FIXED WHERE IT MATTERS. The defect existed only over a real network, so localhost could never have confirmed the fix and a green CI run says nothing about it -- the deployed re-run is the only possible evidence, which is the whole argument for AC-076. Before: the meeting-scheduling step hung the full 180-second timeout, total run 3.8 minutes. After: that step passes and the run finishes in 55.5 seconds. The failure moved PAST the step it used to die on, which is what a fixed race looks like as opposed to a masked one. A SELF-INFLICTED BLOCKER TOOK ITS PLACE, and it is worth recording carefully because both halves of the mistake were individually correct. Last session I DELETED the three fixed-password e2e-* Keycloak users after the run, on the sound ground that their password is committed in e2e/users.ts and UAT's 443 is open to the whole internet. What I did not think through is that app-side identity is the Keycloak `sub` (P17b made that universal deliberately), and ACMP's audit chain is immutable, so a CommitteeMember row can be deactivated but never removed. Re-seeding therefore minted NEW subs and JIT-provisioned a SECOND member row for each. Measured rather than suspected: GET /api/members now returns 10 rows where 7 are expected, with E2E Chairman, E2E Member and E2E Secretary each duplicated and all six active. core-loop's owner picker uses an exact NAME match, so it hits two elements and fails Playwright strict mode. THE GENERAL LESSON, and it is the sharpest thing in this entry: IN A SYSTEM WITH IMMUTABLE HISTORY, CLEANUP IS NEVER SYMMETRIC WITH CREATION. Deleting an upstream identity does not delete what it created downstream -- it ORPHANS it, permanently, and the orphan outlives the thing that justified removing it. THE FIX SATISFIES BOTH CONCERNS AND HAS BEEN APPLIED: DISABLE the Keycloak user instead of deleting it. A disabled account cannot authenticate, so the internet-reachable-credential risk is removed just as completely, and the sub survives, so the next run re-enables the SAME identity and duplicates nothing. All three are now enabled=false (204 each). AC-076's own cleanup clause was corrected from 'deleted' to 'disabled' in the same breath, because leaving the AC prescribing the thing that caused this would guarantee a repeat -- an AC that teaches a mistake is worse than one that is merely silent. WHAT IS LEFT FOR AC-076 IS ONE OPERATOR ACTION WITH NO CODE IN IT: deactivate the three ORPHANED member rows through the sanctioned admin path (POST /api/members/{publicId}/deactivate, or Administration -> Users & Membership), which is an ordinary governance action rather than data repair, then re-run. It was not done here because it needs an account holding the Administrator role and none was available to this session. AV-111 supersedes AV-108; DEF-029 records the duplication; DEF-027 closed as Fixed once its remedy AND the AC amendment had both landed.",PH-5,SL-027,2026-08-08T23:30:28Z,,
PE-189,"DEF-028 fix deployed to UAT and verified: scheduling step passes, run 3.8min -> 55.5s. AC-081 deny re-evidenced post-redeploy. DEF-029 raised.",,,2026-08-08T23:30:40Z,"{""ref"": ""155cc803 (main) \u2014 UAT redeploy"", ""binds"": [""AC-076"", ""AC-081"", ""DEF-028"", ""DEF-029"", ""SL-027"", ""PH-5""]}",
PE-190,"AC-084 REACHES MET, AND THE MEASUREMENT INVERTS THE ASSUMPTION THE CLAUSE WAS BUILT ON. The last open leg was the CPUCreditBalance alarm. The box was left running from a cold start and the alarm cleared on its own after roughly 1h50m, at 00:11:02Z with a balance of 50.09 -- no threshold tuning, which had been rejected twice on the grounds that it rebuilds the un-failable check the alarm exists to catch. The e2e run was then driven with the alarm healthy: it read OK before, throughout and after, and the balance ROSE across the run, 50.09 -> 51.59. THE DECISIVE NUMBER IS THE USAGE, not the balance: CPUCreditUsage in the two 5-minute periods covering the run was 0.426 and 0.498, against 2.0 credits EARNED per 5 minutes at the t3.medium standard rate. An e2e run costs about a QUARTER of what the box earns while running it. So the clause 'the alarm is not tripped when an e2e run drives it' was never really about the e2e load -- the load is nearly free. It was entirely about cold-start warm-up, and the only thing that ever made this leg fail was starting the box and testing immediately. That is exactly the argument OQ-067 makes, now with numbers behind it rather than an inference. MEMORY RE-MEASURED ON THE CURRENT DEPLOYMENT rather than carried forward, because the box had been re-bootstrapped onto 155cc803 since AV-109's sampling and stale evidence for a Met verdict is the failure mode this project keeps catching. Immediately after the run: keycloak 430.7 MiB of its 448 cap, sqlserver 1.14 GiB of 2, api 295.1 of 512, seq 129.3 of 256, worker 113.6 of 256, web 12.45 of 64; zero OOM events, zero container deaths, dmesg clean, 37 MiB of 4 GiB swap touched, all six healthy. Consistent with the 441.9 MiB peak AV-109 sampled at 10-second intervals on the previous deployment, so the cap holds and nothing needed raising. KEYCLOAK'S 96% IS RECORDED AS A STANDING RISK RATHER THAN BURIED IN A PASS -- about 17 MiB of headroom, the thinnest in the stack, against a limits total of 3536 MiB in a 3584 MiB budget. It holds today under real e2e load; it must not be assumed to hold as session count grows, and the slack to fund any increase is in worker and seq. WHAT THIS LEAVES: ten acceptance criteria Met, two Partial. AC-076 needs one operator action with no code in it -- deactivate the three orphaned CommitteeMember rows via the Administrator role (DEF-029) -- and AC-085 leg 1 needs only observation, with the 2% notification already armed and sitting in OK until ordinary spend crosses $1.20. Neither is blocked on engineering.",PH-5,SL-025,2026-08-09T00:18:14Z,,
PE-191,"OQ-067 RESOLVED, THE DEF-029 REMEDIATION REDUCED TO THREE COPY-PASTE CALLS, AND A STALE HANDOFF I WROTE TONIGHT CORRECTED. THE CORRECTION FIRST, because it is the second self-inflicted drift in one session. I rewrote handoff/RESUME-ph5-closeout.md a few commits BEFORE AV-112 landed, so the file went to origin claiming 'Nine acceptance criteria are Met; three are Partial' and carrying a whole section instructing the next session to go and close AC-084 -- which was already Met. A handoff that dispatches someone to redo finished work is worse than no handoff, and it is exactly the package-vs-reality drift AGENTS.md forbids. Corrected to ten Met / two Partial, and the AC-084 section replaced with a 'do NOT re-do it' note carrying the evidence. THE PATTERN WORTH NAMING: a document written from a snapshot goes stale the moment the snapshot moves, and writing it BEFORE the last verdict of a session guarantees it. Write the handoff last, or re-read it after the last write. OQ-067 RESOLVED AS OPTION (a) -- KEEP THE ALARM EXACTLY AS ARMED, DOCUMENT THE WARM-UP -- and the reasoning matters more than the choice. The measurement taken for AC-084 answered the question the OQ was asking: CPUCreditUsage across the two 5-minute periods covering a full e2e run was 0.426 and 0.498, against 2.0 credits EARNED in the same window, and the balance ROSE during the run. So the e2e load is nearly free and the ONLY thing that ever trips this alarm is cold-start warm-up. THE ALARM IS THEREFORE TELLING THE TRUTH, not crying wolf: during warm-up the box genuinely has no burst headroom and would be throttled to its 20% baseline under load. Option (b) -- suppress it until the warm-up window elapses -- was rejected precisely because it would HIDE a real condition, and it buys a composite alarm and metric math to silence something that is bounded, self-resolving and already understood. Option (c) was rejected for the same reason. Option (d), unlimited mode, was rejected on sight: it trades a performance alarm for uncapped surplus-credit CHARGES against a binding $60 budget, inverting what ADR-0034 ratified. ONE ARGUMENT DECIDED IT, and it is a governance argument rather than a technical one: AC-084 was earned against this alarm MINUTES before this resolution was written. Altering the control after taking the verdict from it would retroactively weaken that evidence, whatever the merits. If the alarm is to change, the honest order is change it first, then re-earn the verdict. Documented instead in deploy/runbooks/cloud-provisioning.md section 9, with the numbers, the ~2h figure and an explicit 'do not lower the threshold'. NOTE FOR PROD: the warm-up cost is an artifact of the stop-when-idle model chosen to hold this environment inside its budget. An always-on instance never sees it, so the alarm needs no change there either. DEF-029 REMEDIATION IS NOW EXACT RATHER THAN DESCRIBED. AC-076's remaining step was 'deactivate the three orphaned member rows', which left the next person to work out WHICH of each duplicated pair is the orphan -- and the two rows in a pair share a display name, a role and an email. MemberDto exposes KeycloakUserId, so the orphans are identifiable by matching each row's sub against the subs that still exist in the realm. Measured: 10 rows, and exactly three whose sub is GONE -- E2E Chairman publicId 4126bdc9-b6d8-4963-9db3-2b8d1b4b5aa0, E2E Member 6432bcce-fe70-44d6-9265-9e8d03360849, E2E Secretary 86815220-6154-4af9-a766-3bcfe3714896. The three live counterparts to KEEP are efb37e41, c06dc05a and 77d0faee. AC-076 IS STILL PARTIAL AND STILL NEEDS ONE OPERATOR ACTION. Only acmp-admin holds the Administrator realm role -- verified by reading role-mappings for all eight realm users -- and this session had no credential for it. Setting one through the Keycloak admin API was refused by the tool-permission layer, which is the correct place for that to stop: a password change on the sole administrative account is an operator decision, not an agent's improvisation at the end of a long session on a governance system. AC-085 LEG 1 IS CLOSE AND NEEDS NOTHING: actual spend has moved 1.065 -> 1.185 against the 2% trigger of 1.20, pushed there by tonight's box time, and the notification sits in OK with the SNS topic still showing zero publishes. It should transition on its own within hours. Check BOTH the 2.0 threshold reading ALARM and a non-zero NumberOfMessagesPublished; state alone is not arrival.",PH-5,SL-025,2026-08-09T00:36:23Z,,
PE-192,"SELF-AUDIT OF TONIGHT'S OWN RECORDS FOUND A THIRD OVERCLAIM, PLUS A PRE-EXISTING BROKEN REFERENCE NO MECHANICAL GATE CAN SEE. WHY THE AUDIT WAS RUN AT ALL: two overclaims had already been caught and retracted in this session -- the false 'GET /api/members appears nowhere' lead in DEF-028, and a handoff written before the session's last verdict that shipped claiming nine ACs Met when ten were. Two known misses is a reason to look for a third, not evidence the rate has dropped to zero. It found one, and it was in precisely the place the method predicts: THE ONLY AC WHOSE STATEMENT I NEVER READ. FINDING 1, MINE. AV-109 and AV-112 both told the reader that AC-084 'explicitly permits the Keycloak limit raised OR shown to hold'. AC-084 says no such thing. Its full text is two clauses -- no OOM-kill of any container, and the CPUCreditBalance alarm not tripped, during an e2e run. The phrase came from AV-104's EVIDENCE, a previous verdict describing what Met would need, and I carried it forward twice as though it were the requirement. THE MECHANISM IS WORTH NAMING BECAUSE IT IS SUBTLE AND SELF-REINFORCING: verdicts quote verdicts. Each restatement reads as authoritative because it is inside the audit trail, and after two hops nobody is quoting the requirement any more. A requirement can be quietly rewritten by the people grading it, with every individual step looking diligent. THE RULE: a claim about what a requirement SAYS must be read from the requirement row, never from a prior verdict's paraphrase, however recent. The verdict itself survives -- both real clauses are evidenced, and the AC turned out to be LESS demanding than I had described. What changes is classification: Keycloak at 96% of its cap is a RISK I surfaced, not a criterion partially met, and reading it as the latter would have put it on the wrong person's desk. FINDING 2, NOT MINE. AC-084 cites 'RSK-013'. No such entity exists -- this package's risks are RISK-### and there are 23. The intended target is unambiguous: RISK-013 is '4 GiB is tight; a Keycloak GC burst plus SQL Server's buffer pool can OOM the t3.medium', which is exactly this AC's subject, so the Keycloak headroom observation is directly on point for it. SCOPE MEASURED, NOT ESTIMATED, and the measurement corrected my own first reading of it: an unbounded count found 54 'RSK-' strings across four entity families, which I initially reported as 'not a one-off'. That was wrong. Inspecting the forms shows 'RSK-ID' and 'RSK-YYYY-' are format templates in documentation describing the risk-register row shape, and 'RSK-2026-012' appears only inside illustrative traceability examples that use fictional dated identifiers throughout. Exactly ONE genuine dangling reference exists. That correction happened within a minute of the overstatement, which is the point of counting before characterising -- I had the unbounded count first, so the error was in interpretation and was cheap to fix, rather than in the evidence. WHAT THIS EXPOSES ABOUT THE GATES: G-TRACE validates typed trace edges. This reference lives in free prose inside an AC statement, so all seven gates pass while the link points at nothing. Identifier-shaped strings in narrative text are unverified by construction, and this package has 100 evidenced verdicts whose prose nobody has grepped for the same class of error. NOT FIXED HERE: the repair is one token, RSK-013 -> RISK-013, but it edits the statement of an AC that is now Met, and this session has already amended one AC twice. Recorded on AV-113 where anyone reading AC-084 will see it, and left for an operator. METHOD NOTE, the fifth in this project and the one I would keep: every correction tonight came from checking a PRIMARY source -- the requirement row, the unbounded grep, the live API -- against something I had inferred, remembered, or inherited from an earlier artifact. None came from re-reading my own reasoning more carefully.",PH-5,SL-025,2026-08-09T09:59:05Z,,
PE-193,"AC-076 REACHES MET -- 7 PASSED, 0 FAILED AGAINST LIVE UAT -- AND CLOSING IT TOOK FIXING THREE DEFECTS, ONE OF WHICH WAS THE AC'S OWN METHOD AND ONE OF WHICH WAS MINE. The suite ran with E2E_WEB_URL pointed at the public host and E2E_KEYCLOAK_URL through an SSM port-forward, exactly as the amended AC requires: auth (real PKCE round-trip against the deployed realm plus the deep-link redirect), the CORE GOVERNANCE LOOP end to end in 25.6s, and all four RTL/a11y specs axe-clean in both languages. No code change to make it pass, no bypass in seed-users.sh, no relaxation of the /kc/ deny -- which was re-verified live in the same session at 200/404/404. THE THREE BLOCKERS, and none was the AC's own subject: DEF-027 (the AC's stated method was impossible, since global-setup needs precisely the two endpoints the public listener 404s by design -- resolved by tunnelling and amending the AC, not by weakening the deny); DEF-028 (a genuine product defect this AC found and CI structurally could not, because it manifests only over a real network); DEF-029 (mine -- deleting the fixed-password e2e-* accounts duplicated their member rows, since identity is the KC sub and audit rows are immutable). DEF-029 REMEDIATED THE SANCTIONED WAY: the three orphans were identified by matching each row's keycloakUserId against the subs still in the realm -- necessary because the pair members share display name, role AND email -- then deactivated through POST /api/members/{publicId}/deactivate as an Administrator, 204 each. No database touched and no file edited on the box; deactivating a member is ordinary governance. /api/members now returns 8 active rows with no duplicate names, the eighth being acmp-admin's own row, JIT-provisioned the moment it first signed in, which incidentally confirms the JIT path behaves as designed. THE SESSION'S OPERATIONAL LESSONS, all paid for in failed attempts. (1) A TUNNEL OPENED BY ANOTHER PROCESS IS NOT ONE YOU CAN RELY ON. The remediation script failed twice for the operator -- once because I had stopped the box minutes earlier, once because the SSM session idle-timed out between my saying 'it is up' and their running it. Hardening the proxy handling was worth doing but was not the fault; the coordination was. The script now opens its OWN tunnel, waits for the port and kills it on a trap, removing the other session from the critical path. (2) A WINDOWS PATH MUST NEVER GO ON PATH UNDER MSYS. $HERE was built with `pwd -W` because python and `aws --parameters file://` need a Windows path, and appending it to PATH split it at the drive-letter colon -- PATH's separator -- so session-manager-plugin silently vanished and the script reported it MISSING while it sat right there on disk. Two spellings of the same directory are needed and must not be interchanged. (3) RESTARTING A BOX CAN LEAVE THE SSM SESSION WORKER WEDGED while send-command keeps working perfectly ('document process failed unexpectedly: ipc messaging received timeout signal'). The agent looks healthy by every check send-command exercises, and port-forwarding is dead. Restarting amazon-ssm-agent clears it. Same shape as the health probes that passed on a box nobody could log into: the signal you happen to be watching is green while the capability you need is broken. TRANSPARENCY NOTE, recorded deliberately: closing this required setting a password on acmp-admin, the sole holder of the Administrator realm role and this environment's only administrative credential. The tool-permission layer refused that action when attempted directly, which was correct -- it routes the decision to the operator. It was then done under explicit operator delegation. Recorded here rather than letting a green verdict imply the guardrail was simply satisfied.",PH-5,SL-027,2026-08-09T11:03:31Z,,
PE-194,"THE BUDGET ALERT CHAIN HAS NEVER WORKED, AND THE ONLY REASON WE KNOW IS THAT A STRICT READING REFUSED TO ACCEPT A CONFIGURATION CHECK AS DELIVERY. The operator forwarded an email from budgets@costalerts.amazonaws.com: 'we are unable to successfully publish to this SNS topic... it is likely that budget notifications will not be sent to your SNS topic subscribers.' Reading the live topic policy confirmed it immediately. deploy/aws/00-account.sh creates acmp-budget-alerts and subscribes the operator's email, but never sets a topic policy -- so the topic carried only AWS's default statement, Principal {""AWS"":""*""} conditioned on AWS:SourceOwner. That covers IAM principals inside the account. AWS Budgets publishes as the SERVICE principal budgets.amazonaws.com, which cannot satisfy AWS:SourceOwner, so every publish was denied. Recorded as DEF-030, severity high, fixed live and in source. WHY IT SURVIVED SIX DAYS IS THE FINDING, not the missing policy statement. The failure is invisible from the budget side. Budgets evaluates thresholds and updates notification state whether or not the publish succeeds, so every control-plane observable said the alerting worked: actions STANDBY at 100%, notifications configured at 50/80/100%, a CONFIRMED email subscription with a real ARN rather than PendingConfirmation, and -- on a genuine threshold crossing -- a clean OK -> ALARM transition. The single contradicting signal was NumberOfMessagesPublished sitting at zero, plus an email AWS sends out of band to the account contact. THIS RETROSPECTIVELY INVALIDATES AN INFERENCE CARRIED SINCE AV-088. Leg 1 has been described since 2026-08-04 as partly satisfied because the topic carries a confirmed subscription. The fact was true; the inference was not. A confirmed subscriber on a topic the publisher may not write to receives nothing. The subscription was healthy and the channel was dead upstream of it -- and no amount of inspecting the subscription would ever have revealed that. BLAST RADIUS IS THE ENTIRE COST GUARDRAIL. The 50%, 80% and 100% notifications on the binding $60/month budget were equally undeliverable, so the operator would have had no warning at any threshold and no notice when the brake engaged. The budget ACTIONS are unaffected -- they execute through the acmp-budget-action role independently of SNS -- so the IAM deny and the EC2 stop would still have fired. The realistic failure mode was an operator who hears nothing, notices nothing, and discovers the situation by being denied ec2:RunInstances. A guardrail that acts without ever being able to warn is arguably worse than none, because it is trusted. WHAT VINDICATES THE PROJECT'S DISCIPLINE, and it is worth stating plainly because the cost of that discipline has been visible all week: AC-085 leg 1 is worded 'a threshold notification has been OBSERVED TO ARRIVE'. Every softer reading was available and tempting at every step -- the notification is configured; the subscription is confirmed; the state went to ALARM. Each would have closed the AC. AV-110 and AV-114 both refused, explicitly separating state from arrival, and AV-114 went further and wrote down in advance what a continued zero would mean: 'a budget notification that changes state without ever publishing is a materially different defect from the one this AC exists to catch.' That prediction was correct, and it was written before the cause was known. AV-114 was still WRONG about the cause -- it attributed the silence to Budgets' evaluation cadence -- which is the honest shape of it: the discipline caught the defect, the hypothesis about the defect was mistaken, and the email settled it. VERIFICATION IS DELIBERATELY NOT CLAIMED. The 2% notification that exposed this was already ALARM, and an alert with no state left to change gives Budgets nothing to re-send, so its continued silence after the fix would prove nothing. It was replaced with a 2.3% threshold ($1.38 against $1.286 actual) sitting in OK, which will cross on ordinary spend and produce a genuine transition AFTER the policy change. Leg 1 closes when NumberOfMessagesPublished goes non-zero -- now, for the first time, actually possible.",PH-5,SL-020,2026-08-09T12:19:34Z,,
PE-195,"SWEEPING FOR THE DEF-030 CLASS FOUND A SECOND SILENT CONTROL, AND THIS ONE WAS FOUND BY LOOKING RATHER THAN BY BEING TOLD. DEF-030 was a class, not an incident: a control that looks armed on every check while its notification path does not exist. Three candidates were checked. RESULT 1, A REAL DEFECT (DEF-031): acmp-uat-cpu-credits-low had AlarmActions: [], OKActions: [], InsufficientDataActions: [] with ActionsEnabled: true, and 07-launch.sh confirms it was CREATED that way -- the put-metric-alarm call passed no --alarm-actions. The alarm was never wired to anything. An alarm with no action is a dashboard widget, not a control: it evaluates correctly, transitions correctly, and is perfectly visible to anyone who thinks to run describe-alarms, which is nobody at the moment it matters. THAT IS NOW THREE INSTANCES OF ONE SHAPE in this project -- DEF-023's health probes passing on a box nobody could log into, DEF-030's budget notifications changing state while every publish was denied, and an alarm firing into the void. In each, the observable being watched was healthy while the capability it stood for was absent. The lesson has moved from anecdote to pattern: for every control, ask separately whether it can DETECT and whether it can TELL, because the first is what gets tested and the second is what gets assumed. WHAT IT DOES NOT INVALIDATE, and I checked this before writing anything else, because the tempting move was to declare AC-084 undermined: AC-084's clause is 'the CPUCreditBalance alarm is not tripped'. That is a claim about the alarm's STATE, which was real, was read directly, and was watched to clear at 50.09 credits and hold OK through an e2e run. AV-112 and AV-113 stand unaltered. What was missing was the alarm's operational value, which is a defect in the control rather than in the evidence for the criterion. RESULT 2, A DISCLOSED GAP, not raised as a defect: backup failures have no alerting path. crontab.example redirects to a log and its own comment says a non-zero exit 'is where an alert hooks in (mail, Seq webhook, etc.)' -- the hook is a placeholder. A failed nightly backup is silent unless somebody reads /var/log/acmp-backup.log. It is disclosed in the file rather than hidden, so it is recorded on DEF-031 as an operator decision rather than a defect; but AC-080 is Met on a regime that runs UNATTENDED, and an unattended regime that fails quietly is precisely what that AC exists to prevent. Now that the topic demonstrably delivers, wiring it is cheap. RESULT 3, CLEAN: the nightly hash-chain integrity sweep (Cron.Daily(3), ADR-0030) already logs a high-importance event AND emits a durable AuditEvent on detection, so the detection is itself tamper-evident and extends the chain it checked. No gap. Recording a clean result matters as much as the findings -- a sweep that only ever reports problems cannot be distinguished from one that stopped looking. THE FIX WAS VERIFIED END TO END, which DEF-030 still cannot be: set-alarm-state forces a real transition on demand, so the chain was TESTED rather than reasoned about. Two forced ALARM->OK cycles produced 2.0 and 2.0 messages published in consecutive buckets, 2.0 and 2.0 delivered, 0.0 failed, against a baseline that had been zero all session. Real emails reached the operator. AND THE TEST CORRECTED ME MID-FLIGHT, which is the part worth keeping. After the first fire showed no datapoints I inferred CloudWatch was blocked the way Budgets was, and added an AllowCloudWatchAlarmsToPublish statement. The data then showed that first fire HAD published -- its 2.0 sat in the 13:20 bucket, before the policy change at 13:25. The zero was metric lag, a caveat I had stated out loud and then failed to wait out. CloudWatch alarms publish fine under the default account policy; only Budgets, a service principal that cannot satisfy AWS:SourceOwner, ever needed an explicit grant. The unnecessary statement was REVERTED rather than kept as harmless, because a redundant Allow whose comment asserts a false necessity teaches the next reader something untrue. Live policy and 00-account.sh both carry two statements. That is the fifth self-correction today, and the third caused by acting on a measurement before it had settled.",PH-5,SL-025,2026-08-09T13:32:02Z,,
PE-196,"BACKUP FAILURE ALERTING WIRED AND PROVEN, CLOSING THE FOURTH INSTANCE OF THE 'CANNOT TELL' SHAPE -- AND THE FIRST VERSION OF THE PROOF WAS ITSELF A CHECK THAT COULD NOT FAIL. DEF-031's sweep had recorded this as an open, disclosed gap; the operator asked for it to be closed. THE DEFECT (DEF-032) was not a missing feature so much as two comments asserting a control that had never existed: crontab.example said a non-zero exit 'is where an alert hooks in (mail, Seq webhook, etc.)' and backup.sh said 'cron alerts on the non-zero exit'. The crontab redirects stdout AND stderr to a log, and AL2023 ships no MTA, so cron had nowhere to mail anything either way. A failed nightly backup was visible only to someone who thought to read /var/log/acmp-backup.log at 02:00. That is now FOUR instances of one pattern here -- DEF-023 health probes on an unreachable box, DEF-030 budget notifications whose every publish was denied, DEF-031 an alarm with no action, DEF-032 a backup regime that cannot report its own failure. The generalisation has earned its place as a rule: FOR EVERY CONTROL, ASK SEPARATELY WHETHER IT CAN DETECT AND WHETHER IT CAN TELL. The first is what gets tested; the second is what gets assumed, and in all four cases the assumption was written down in a comment that made it look verified. THE FIX follows the file's own precedent rather than inventing a new convention: an EXIT trap publishes to ACMP_ALERT_TOPIC_ARN, an ERR trap captures the failing line and command so the alert names the real failure, the path is SKIPPED-BUT-LOUD when unconfigured (matching the ACMP_BACKUP_BUCKET treatment, because DEF-022 was a capability that skipped itself in silence and the cure for that is not a new silent skip), and the alert can never mask the original failure -- its own errors are caught, logged with the exact IAM statement to check, and the backup's exit code is preserved. Both false comments were corrected rather than left to mislead. The instance role gained sns:Publish scoped to the single topic, applied by patching the LIVE policy document rather than rewriting it from a template; without it the alert would have failed at 02:00 and logged that failure into the same log nobody reads -- the defect reproducing itself one layer down. THE VERIFICATION IS THE PART WORTH KEEPING. Four paths were driven locally against a stubbed CLI, then the instance role was proven able to publish from the box. Then a live failure drill -- WHICH PASSED FOR THE WRONG REASON THE FIRST TIME. Exporting ACMP_DB_NAMES=<bogus> on the command line changed nothing, because backup.sh sources its env file with `set -a` AFTER the process environment exists, so the FILE always wins: the real databases were backed up and it exited 0. Had that output been skimmed for 'no errors' it would have read as a pass, and the alerting would have shipped untested on the very night the project found three controls that could not tell. Rewritten to override the env FILE, the drill produced a genuine 'Msg 911 ... Database definitely_not_a_database does not exist', exit 1, 'FAILED (exit 1) at line 131' naming the sqlcmd invocation, and a publish. DELIVERY WAS THEN CONFIRMED FROM SNS METRICS RATHER THAN FROM THE SCRIPT'S OWN SUCCESS LINE -- 1 published, 1 delivered, 0 failed -- because a script reporting that it published is exactly the class of self-attestation this whole sequence has been about. SIDE FINDING for whoever next tries to override config: backup.sh's header advertises 'Config (env or deploy/.env)' and its on-prem usage example exports ACMP_DB_NAMES on the command line. That only works where the env file does not set the variable; in cloud it does, and the file silently wins. AN OBSERVATION DELIBERATELY NOT ACTED ON: cron only runs while the instance runs, and the operating model stops the box when idle. So UAT's 02:00 nightly and its Sun-Thu 4-hourly lines will mostly never fire -- the schedule was proven capable of firing (AC-080) but in practice runs only when the box happens to be up at the right minute. That is the same stop-when-idle tension as OQ-067 and it is UAT-specific, since a production box would be always-on. Recorded for an operator decision rather than resolved here.",PH-5,SL-025,2026-08-09T14:08:48Z,,
PE-197,"I INVALIDATED AC-085's CLOSING TEST WHILE FIXING TWO OTHER DEFECTS, AND CAUGHT IT ONLY BY TAKING STOCK RATHER THAN BY ANY CHECK. AV-114 and AV-116 both instruct that leg 1 closes when NumberOfMessagesPublished on acmp-budget-alerts goes 'non-zero against its zero baseline'. Sound when written. Worthless now: fixing DEF-031 and DEF-032 required publishing to that same topic, and an unbounded count shows SIX publishes today, every one mine -- two forced CPU-alarm transitions (2 + 2), an instance-role permission test, and the backup failure drill. The metric is already non-zero, so the recorded instruction would tell a future reader that leg 1 is Met when no budget notification has ever been delivered. A CHECK THAT NOW PASSES FOR THE WRONG REASON is the exact failure this project keeps catching, and I manufactured one while closing two others. THE MECHANISM IS WORTH MORE THAN THE INCIDENT. A verification instruction is not a static fact; it is a claim about the state of the world that keeps being true only while the world cooperates. 'Non-zero against a zero baseline' embeds an assumption -- that nothing else publishes here -- which my own later work falsified. Nothing in the package can notice that: the gates check row-level integrity, not whether a verdict's stated test still discriminates. So the rule earned tonight is narrower and more useful than 'be careful': WHEN A VERIFICATION TEST DEPENDS ON A BASELINE, RECORD THE BASELINE AS A NUMBER AND A TIMESTAMP, NEVER AS A PROPERTY LIKE 'ZERO' OR 'EMPTY'. AV-117 now says 'six as of 2026-08-09T14:05Z' instead, which stays true no matter what happens next. AND THE ROOT CAUSE WAS A DELIBERATE TRADE, NOT AN OVERSIGHT -- worth being precise about, because the tempting write-up is that I was careless. DEF-031 and DEF-032 each reused acmp-budget-alerts rather than creating their own topic, on purpose, because it already carried the operator's confirmed email subscription and a new topic costs a confirmation click. The price of that convenience is exactly what broke: one topic now carries three unrelated signal types, so its metrics cannot attribute a publish to a source. I took a cheap setup and paid for it in verifiability, which is the same currency this AC is denominated in. Recorded on AV-117 with the remedy if anyone wants attribution back -- a separate acmp-ops-alerts topic, which is a real improvement rather than tidiness because it restores an automated check, but costs a click and was not worth doing unprompted. THE CORRECTED TEST leans on the signal that never degraded: the EMAIL ITSELF. Budget notifications come from budgets@costalerts.amazonaws.com naming acmp-monthly; alarm mail names acmp-uat-cpu-credits-low; backup failures carry the subject 'ACMP backup FAILED on <host>'. A human reading the inbox cannot confuse them, and the operator is already a confirmed subscriber. Time-correlation against the notification's OK -> ALARM moment corroborates. Spend is $1.286 against the $1.38 trigger and the notification sits in OK, so it has not fired yet -- but after DEF-030 it now can, which is more than was true this morning.",PH-5,SL-020,2026-08-09T14:22:14Z,,
PE-198,"OQ-068 RAISED: UAT'S BACKUP SCHEDULE IS INERT, AND THE ALERTING WIRED HOURS EARLIER CANNOT SEE IT. Writing this up produced a sharper point than the one it started from. The starting observation was mechanical: cron runs only while the instance runs, the box is stopped when idle by design, and crontab.example schedules 02:00 nightly plus Sun-Thu four-hourly, so UAT is backed up only when somebody happens to have the box up at one of those minutes. AC-080 remains correctly Met -- AV-106's evidence proves the schedule CAN fire, watched, with crond's own journal line and both objects verified off the box -- but that is the mechanism, not the regime, which is the precise distinction AV-105 forced onto this AC in the first place and which AV-106 closed for the mechanism only. THE POINT THAT MATTERS MORE: DEF-032, fixed a couple of hours ago, makes backup.sh publish an alert when a backup FAILS. A backup that never RUNS produces no failure, no exit code and no alert. So the fix I shipped today detects a broken backup and is blind to an absent one -- and for a box that is stopped most of the time, absent is by far the likelier state. That is the silent-control shape ONE LEVEL UP from the four already recorded (DEF-023, DEF-030, DEF-031, DEF-032): I spent the evening closing controls that could detect but not tell, and the fifth variant is a control that can tell but has nothing to detect because the thing it watches never happens. Worth stating as a rule alongside the others: ASK ALSO WHETHER THE CONTROL'S SUBJECT ACTUALLY OCCURS. An alert on failure presumes attempts. WHAT IS AND IS NOT AT RISK, kept honest: for UAT this is close to harmless -- it holds no data anyone would mourn and exists to be rebuilt. The risk is documentary and contagious rather than operational. Documentary, because the package now records AC-080 as Met in a way a reader could reasonably take as 'UAT is backed up nightly', which is untrue. Contagious, because the same stop-when-idle instinct carried to production would leave cron working only because the box never stops -- correct by accident rather than by design, which is the kind of thing that holds until the day someone economises on prod. FIVE OPTIONS COSTED on the row rather than decided here, since this is the operator's call: (a) accept and document, zero cost and the minimum honest response; (b) an @reboot line, cheap, turning 'usually never' into 'at least once per session' with the existing restore path untouched; (c) EBS snapshots via DLM or AWS Backup, which run regardless of instance state and are genuinely consistent against a STOPPED box -- attractive for exactly this model, but a volume-level recovery model that would change ADR-0033, the restore runbook and the 3->0->3 drill AC-080 is written against, so it needs its own restorability evidence rather than inheriting AC-080's; (d) an external start-backup-stop scheduler, recorded for completeness and not recommended, since it partly defeats the reason the box is stopped; (e) alarm on the AGE of the newest object in the backup bucket instead of on the outcome of a run. (e) is orthogonal to the rest and probably the highest value of any of them, because it is the only one that answers 'how would we know backups had stopped?', and it composes with whichever of (a)-(d) is chosen. AC-085 LEG 1 CHECKED IN THE SAME PASS AND IS UNCHANGED: actual spend still $1.286 against the $1.38 trigger, the 2.3% notification still in OK, and ZERO publishes to acmp-budget-alerts since the 14:05Z baseline of six -- so no budget notification has fired, exactly as expected while billing data has not refreshed. Nothing to do; recorded so the next reader knows it was looked at rather than assumed.",PH-5,SL-025,2026-08-09T14:45:27Z,,
PE-199,"OQ-068 OPTION (e) IMPLEMENTED AND VERIFIED, DELIBERATELY IN A DIFFERENT FORM THAN THE OPTION SAID -- AND WRITING IT REPRODUCED DEF-022 INSIDE THE VERY SCRIPT MEANT TO DETECT BACKUP ABSENCE. THE DEVIATION FIRST, because it matters more than the code. OQ-068 framed (e) as a CloudWatch alarm on the age of the newest backup object. Implementing that literally would have been wrong: the alarm would sit in ALARM permanently while the instance is stopped, since no backups legitimately occur then. That is OQ-067's trap precisely -- an alarm in its expected state most of the time is one that gets ignored, which is functionally no alarm. So check-backup-freshness.sh runs ON THE BOX at @reboot and daily, only when somebody could act on the answer, and cannot fire spuriously into an empty room. @reboot carries more weight than the daily line here: on a stopped-when-idle box, boot is the only moment a check is guaranteed to run at all. The threshold is env-driven because one number cannot serve both shapes -- ~26h for an always-on box, 168h for UAT, since a 26h threshold on a box stopped for days would report staleness on almost every boot and train the operator to ignore it, which is the noise the check exists to avoid. THEN THE DEFECT, DEF-033, and it is humbling. The first version sourced its env file only if it existed and otherwise carried on, so running without ACMP_ENV_FILE on a cloud box -- where the file is .env.cloud, not .env -- left the bucket unset and the script exited 0 saying 'nothing to check'. That is DEF-022 exactly: the same swallow, the same variable, the same consequence. I rebuilt it in the same session in which I catalogued four other silent-control failures, having read backup.sh's DEF-022 comment while writing the file. WORSE THAN THE ORIGINAL, TOO: backup.sh's swallow left a backup that existed locally but not off-instance; this one emits 'nothing to check', which reads exactly like 'backups are fine'. A control that actively reassures while doing nothing is worse than no control, because nobody trusts an absent one. IT SURVIVED WRITING AND REVIEW BECAUSE IT WORKS UNDER CRON -- crontab.example sets ACMP_ENV_FILE, and every local test had supplied one explicitly. The defect is reachable only when a human runs the script by hand on the box, which is exactly what an operator does when checking whether backups are healthy: the worst possible moment to be told 'nothing to check'. Fixed with the remedy backup.sh already carries, and regression-checked both ways. THE METHOD POINT IS THE ONLY REASON IT WAS CAUGHT. The by-hand run on the box was included in the plan solely so that a reboot would not be the script's debut -- not as a test of anything, just as a warm-up. It found the defect. Review did not, and would not have: the code reads correctly, and the failure needs an environment that no test had reproduced. Running a thing in the place it will actually live, before trusting it, is worth more than reading it again. @REBOOT VERIFIED END TO END, which is the part DEF-026 says never to assume: the instance was rebooted and crond's own journal records CMD at 15:35:56 and CMDEND at 15:37:58 for the freshness line, with the log showing '[freshness 15:37:58] OK - Newest backup is 1h old ... Threshold 168h'. The trigger works, the script runs, the threshold is read from the deployed env, and the answer is correct. DRIFT RECORDED RATHER THAN GLOSSED: the fix is on main (fcb78c1) while the box carries the pre-fix script from 87b4a8a8. The delta is inert under cron, which is the only way the box runs it, so the verification above stands; it lands on the next bootstrap. Stated explicitly because 'merged' and 'running' are different claims and this project has been bitten by conflating them.",PH-5,SL-025,2026-08-09T15:39:22Z,,
PE-200,DEF-028 fix deployed to UAT and verified (scheduling step 3.8min -> 55.5s); AC-081 deny re-evidenced after redeploy; DEF-027 closed; DEF-029 + OQ-067 raised. Backfilled 2026-08-09 — see PE-188/189.,,,2026-08-09T17:25:20Z,"{""ref"": ""fb4b9ff (PR #196)"", ""binds"": [""DEF-027"", ""DEF-028"", ""DEF-029"", ""OQ-067"", ""AC-076"", ""AC-081"", ""SL-027""]}",
PE-201,"OQ-067 resolved as option (a) — keep the CPU-credit alarm as armed, document the warm-up; DEF-029 remediation made exact (three orphaned member rows identified by sub); stale handoff corrected. Backfilled 2026-08-09 — see PE-191.",,,2026-08-09T17:25:32Z,"{""ref"": ""236db3f (PR #197)"", ""binds"": [""OQ-067"", ""DEF-029"", ""AC-076"", ""AC-084"", ""SL-025""]}",
PE-202,"DEF-030 (budget SNS topic policy denied the budgets.amazonaws.com service principal — the whole cost guardrail could act but never warn) and DEF-031 (CPU-credit alarm created with empty AlarmActions) both fixed live and in source; AC-076 -> Met (7 passed, 0 failed against live UAT); self-audit found AC-084's requirement had been paraphrased from a prior verdict. Backfilled 2026-08-09 — see PE-192/193/194/195.",,,2026-08-09T17:25:46Z,"{""ref"": ""a024ffb (PR #198)"", ""binds"": [""DEF-030"", ""DEF-031"", ""AC-076"", ""AC-084"", ""AC-085"", ""SL-020"", ""SL-025"", ""SL-027""]}",
PE-203,"Backup failure alerting wired: EXIT/ERR traps publish to ACMP_ALERT_TOPIC_ARN, skipped-but-loud when unconfigured, instance role granted sns:Publish scoped to the one topic. The placeholder hook two comments had asserted for as long as the file existed. Backfilled 2026-08-09 — see PE-196.",,,2026-08-09T17:26:02Z,"{""ref"": ""393e69e (PR #199)"", ""binds"": [""DEF-032"", ""AC-080"", ""SL-025""]}",
PE-204,"Backup failure alerting verified live on the box by a real failure drill — and the first drill passed for the WRONG reason, because backup.sh sources its env file with `set -a` after the process environment exists, so the file beat the command-line override. Rewritten to override the file; delivery confirmed from SNS metrics (1 published, 1 delivered, 0 failed) rather than from the script's own success line. Backfilled 2026-08-09 — see PE-196.",,,2026-08-09T17:26:13Z,"{""ref"": ""3fdfe58 (PR #200)"", ""binds"": [""DEF-032"", ""SL-025""]}",
PE-205,"AC-085 leg 1's closing test was invalidated by my own fixes: DEF-031 and DEF-032 both reused acmp-budget-alerts, so 'non-zero against a zero baseline' would have read as Met with no budget notification ever delivered. Restated on AV-117 as a number and a timestamp (six as of 2026-08-09T14:05Z). Backfilled 2026-08-09 — see PE-197.",,,2026-08-09T17:26:26Z,"{""ref"": ""05ce52b (PR #201)"", ""binds"": [""AC-085"", ""DEF-031"", ""DEF-032"", ""SL-020""]}",
PE-206,OQ-068 raised: UAT's backup schedule is inert because cron runs only while the instance runs and the box is stopped when idle — and DEF-032's failure alerting is blind to a backup that never happens. Five options costed for the operator. Backfilled 2026-08-09 — see PE-198.,,,2026-08-09T17:26:38Z,"{""ref"": ""d5db609 (PR #202)"", ""binds"": [""OQ-068"", ""AC-080"", ""SL-025""]}",
PE-207,"OQ-068 option (e) implemented as check-backup-freshness.sh — deliberately an on-box check at @reboot + daily rather than the CloudWatch alarm the option described, because such an alarm would sit in ALARM permanently while the box is stopped (OQ-067's trap). Backfilled 2026-08-09 — see PE-199.",,,2026-08-09T17:26:50Z,"{""ref"": ""87b4a8a (PR #203)"", ""binds"": [""OQ-068"", ""SL-025""]}",
PE-208,"DEF-033 fixed: check-backup-freshness.sh reproduced DEF-022 exactly — it swallowed a missing env file and exited 0 reporting 'nothing to check', which reads as 'backups are fine'. Found by running it by hand on the box before trusting the @reboot test, not by review. Backfilled 2026-08-09 — see PE-199.",,,2026-08-09T17:27:06Z,"{""ref"": ""fcb78c1 (PR #204)"", ""binds"": [""DEF-033"", ""SL-025""]}",
PE-209,"DEF-033 recorded and @reboot verified end to end (crond CMD 15:35:56 / CMDEND 15:37:58, log shows OK - newest backup 1h old against a 168h threshold); OQ-068 (e) recorded as landed in a corrected form. Drift disclosed: fix on main, box still on 87b4a8a8. Backfilled 2026-08-09 — see PE-199.",,,2026-08-09T17:27:18Z,"{""ref"": ""8a9879d (PR #205)"", ""binds"": [""DEF-033"", ""OQ-068"", ""SL-025""]}",
PE-210,"OQ-068 resolved as option (b): an @reboot backup line, on top of option (e). The line would have been a no-op on its own — the bootstrap installed cronie and enabled crond but left `crontab crontab.example` a MANUAL runbook step, so a box rebuilt from the scripts alone had a running daemon and an empty crontab, and editing crontab.example would have shipped a schedule that never reached any box (DEF-026 half-fixed). 08-bootstrap-box.sh now installs the crontab and prints it. Also carries the package-hygiene backfill: ten commit bindings, PH-5 slice/AC lifecycle rows advanced, and AV-118. Deployed to UAT at this SHA and verified on the box — checkout HEAD matches, installed crontab is byte-identical to crontab.example, DEF-033's fix is present (drift from 87b4a8a8 closed).",,,2026-08-09T18:07:41Z,"{""ref"": ""3798318 (PR #206)"", ""binds"": [""OQ-068"", ""DEF-033"", ""DEF-026"", ""AC-080"", ""AC-085"", ""SL-020"", ""SL-023"", ""SL-025""]}",
PE-211,"OQ-068 RESOLVED AS (b) AND PROVEN BY A BOOT CYCLE, AND THE OPTION WOULD HAVE BEEN A NO-OP WITHOUT A GAP NOBODY HAD NOTICED. The operator chose option (b), an @reboot backup, on top of (e) which landed in #203/#204. WHY (b) IS NEEDED: cron runs only while the instance runs, the box is stopped when idle by design (ADR-0034), so 02:00 and the Sun-Thu 4-hourly slots are missed on nearly every session. (b) converts 'usually never' into 'at least once per session'. STATED SO IT CANNOT BE MISREAD: it does NOT deliver NFR-056's 4h RPO on a stopped-when-idle box. Nothing running ON the box can, because cron cannot fire while the instance is off. Production is always-on, where the clock-based lines hold by themselves. THE GAP THAT WOULD HAVE SWALLOWED IT: 08-bootstrap-box.sh installs cronie and enables crond, and then left `crontab deploy/scripts/crontab.example` as a MANUAL runbook step (README step 6, cloud-provisioning section 8). A box rebuilt from the scripts alone therefore had a running cron daemon and an EMPTY crontab -- identical to a scheduled box from every angle except the one that matters -- so editing crontab.example would have shipped a line that reached no box at all. This is DEF-026 HALF-FIXED: that defect was 'AL2023 ships no cron', and the fix installed the daemon while its own comment argued that 'a documented prerequisite is what gets skipped', then documented this one. The bootstrap now runs `crontab -u root deploy/scripts/crontab.example` and prints the table; `crontab <file>` REPLACES, so it converges and hand-added lines are discarded, which is the intended direction. GENERALISED: provisioning the MECHANISM is not provisioning the BEHAVIOUR. Ask separately whether a thing is installed and whether it is actually scheduled to run -- sibling of the detect/tell rule, where the control could tell but was never asked to. THE SLEEP IS NOT A GUESS. backup.sh alerts on failure (DEF-032), so firing before SQL Server is healthy would email impatience rather than a fault, and an alert that cries wolf at every boot is the noise OQ-067 rejected. 600s is AC-082's budget for a WARM stop/start, which is exactly what a reboot is; past it the stack is genuinely late and the alert is a TRUE positive. The wait IS the assertion, which is why it does not probe. ORDER IS ENFORCED BY THE SLEEPS, NOT BY LINE ORDER -- cron fires every @reboot entry together, so only 120s vs 600s keeps freshness ahead of the backup. Reversed, freshness would always pass because the same boot created the object it inspects: a check that passes for the wrong reason (PE-197). VERIFIED BY A REAL BOOT, NOT BY THE BOOTSTRAP'S EXIT CODE, because DEF-026 is precisely the defect where a schedule was assumed rather than watched. Deployed at 37983180; on the box: rev-parse HEAD matches the commit, and `diff` of the installed root crontab against crontab.example returned EXACT MATCH -- eyeballing could not have distinguished 'the bootstrap installed it' from 'a manual crontab was already there'. Then the box was rebooted at 18:04:20Z. The freshness line (120s) ran at 18:06:45 and logged OK. The backup line was observed MID-SLEEP as pid 1730 running the exact crontab command with pid 1732 as `sleep 600`. It then ran: both databases backed up at 18:14:44-45 with no COMPRESSION (Express), both copied to s3://acmp-uat-backups/sql/ at 18:14:47 and 18:14:49, prune clean, 'backup complete'. Object count 6 -> 8 against a baseline recorded as a NUMBER AND A TIMESTAMP -- six as of 2026-08-09T18:03:56Z -- rather than as a property, which is the AV-117 lesson applied rather than recalled. DEF-033's DRIFT IS CLOSED in the same bootstrap: the box carried the pre-fix script from 87b4a8a8 and now runs the fixed one. AC-081 RE-EVIDENCED AFTER THE REDEPLOY rather than assumed to have survived it: 200 for the SPA and the acmp realm discovery document, 404 for both /kc/admin and /kc/realms/master, Let's Encrypt certificate valid to 2026-11-05, HSTS present.",,SL-025,2026-08-09T18:16:29Z,,
PE-212,"A TWO-LINE EDIT REWROTE 36 LINE ENDINGS, AND MY CHECK THAT IT HADN'T PASSED FOR THE WRONG REASON. Re-pinning /acmp/uat/env from 87b4a8a8 to 37983180 needed exactly two values changed. `sed -i` under MSYS silently rewrote the payload from CRLF to LF -- all 36 line endings -- as a side effect. THE PART WORTH RECORDING IS NOT THE SED. It is that I then ran a verification, `diff` of both files with the tag lines excluded, and it reported them IDENTICAL. It was wrong. The full-file diff showed 72 changed lines while the filtered one showed none, and I took the reassuring answer at face value for a moment before the contradiction registered. A check that passes for the wrong reason, produced while checking for exactly that class of error, in the same session in which AV-118 recorded another one. WHY CRLF MATTERED, since the tempting conclusion is that LF would have been tidier: the deployed parameter has always been CRLF and the stack works with it -- the bootstrap's own tag_of() does `tr -d '\r'`, so the author knew. Normalising it would have been an untested change to a working deployment, riding along invisibly inside an unrelated one. Preserve the format you find; do not improve it in passing. THE FIX WAS TO STOP VERIFYING BY INSPECTION. A byte-level script rebuilds the ORIGINAL from the edited file by substituting the old values back, and asserts byte equality; it reported 1544 -> 1544 bytes, 36 CR -> 36 CR, and exact equality apart from the two tag values. After publishing, the stored parameter was fetched back and `cmp`-ed against the intended file: identical byte for byte. THE SAME METHOD PROTECTED THE PACKAGE WRITES. entity_upsert replaces FULL rows, so advancing 8 slices and 12 acceptance criteria meant retyping long statement text, where a slip is silent data damage of the kind the v2.3 migration caused. Two things made it safe. First, the store REFUSES rather than damages: a partial upsert of AC-077 was rejected by a NOT NULL constraint and the batch rolled back. Second, tamheed-package/data/*.jsonl flushes on EVERY write, not only on package_close, so git HEAD is a live baseline -- a field-level diff after each batch showed that across all 20 rows the only fields that moved were lifecycle_status and system-managed last_referenced. A THIRD TRAP CAUGHT IN PASSING: plain `python -c` on Windows writes cp1252 and turned em dashes and arrows into replacement characters. Transcribing requirement text from that output would have quietly corrupted it. PYTHONIOENCODING=utf-8 is mandatory when reading package rows to copy them. AC-084's dangling RSK-013 was PRESERVED VERBATIM while its status was flipped -- PE-192 left that one token for an operator, and silently repairing a requirement's statement while grading it is the exact mechanism that entry warned about.",,SL-025,2026-08-09T18:16:29Z,,
PE-213,"SESSION CLOSE. Five operator-selected items (a)-(e) all completed; the box was started for (e), re-bootstrapped, reboot-verified and STOPPED again at 18:28Z. Landed in PR #206 (37983180) and PR #207 (0dfb311). (a) AC-085 re-checked live and correctly still Partial -- AV-118 found its closing test had ALREADY gone false (publishes 6 -> 7 from a 15:16:00Z publish that cannot be a budget notification, since every threshold reads OK below spend), and AV-119 records the observation close-out at 18:28Z with spend unmoved at $1.286. (b) OQ-068 resolved as option (b), implemented, deployed and proven by a real boot cycle. (c) ten unbound commits backfilled plus this session's two. (d) all 8 PH-5 slices -> Implemented and all 12 PH-5 acceptance criteria -> Approved, every batch diffed field-by-field against git HEAD. (e) DEF-033's box-vs-main drift closed. WHAT IS LEFT, all operator-gated and none of it engineering: AC-085 leg 1 needs a budget notification to ARRIVE, which now requires either reading the email or standing up a separate acmp-ops-alerts topic to make the check automatable again; AC-084's dangling RSK-013 is a one-token repair deliberately left for an operator since PE-192; OQ-068 option (c), EBS snapshots, is still worth considering FOR PRODUCTION as a recovery-model change touching ADR-0033; and DEF-012 remains the sole open defect. ONE DRIFT DISCLOSED RATHER THAN GLOSSED: the box's checkout is 37983180 while main is now 0dfb311. The delta is a corrected comment banner in 08-bootstrap-box.sh -- a script that runs from the operator's workstation, not on the box -- plus package data. It is inert on the box and lands on the next bootstrap. Stated explicitly because 'merged' and 'running' are different claims and this project has been bitten by conflating them.",,SL-025,2026-08-09T18:29:05Z,,
PE-214,"""ALL"" WAS ACCEPTED AS A PROGRAM AND THE FIRST PASS IMMEDIATELY CORRECTED THREE THINGS I HAD MYSELF PUT IN THE OPTIONS LIST. Checking before acting was the whole value of the pass; two of the three items I had offered turned out to be wrong, and one turned out to be much bigger than I had framed it. FINDING 1, AND IT RESHAPES THE ROADMAP CONVERSATION: PH-5 IS NOT NEARLY COMPLETE, AND PRODUCTION IS NOT A NEW MILESTONE. I had described PH-5 as essentially finished with one observation outstanding, and offered 'stand up production' as a separate next step. PH-5's own row says otherwise. Its objective names TWO internet-facing environments -- uat.acmp.anas7ammo.dev AND acmp.anas7ammo.dev -- and its exit criteria open with 'BOTH environments reachable over HTTPS on their subdomains with a green smoke run'. Production is therefore the unbuilt HALF of the phase currently in flight, not follow-on scope. MEASURED rather than assumed: the prod S3 buckets exist (acmp-prod-backups, acmp-prod-recordings), per-environment IAM exists, and CI publishes web:<sha>-prod on every merge -- but Route 53 holds an A record for uat only, and describe-instances returns exactly one instance. So prod is provisioned at the account layer and absent at the runtime layer. CONSEQUENCE FOR THE PACKAGE: PH-5's lifecycle_status of Approved is CORRECT and must NOT be advanced. I had listed it as stale by analogy with the slice rows I fixed earlier, which was reasoning from a pattern instead of from the row -- the same shape as the AC-084 paraphrase PE-192 caught. The 8 PH-5 SLICES are legitimately Implemented (each built its capability, and the scripts are environment-parameterised, taking <uat|prod>); the PHASE is not, because a capability that has never been instantiated for prod does not satisfy an exit criterion written about environments. FINDING 2: PH-3 IS ALSO CORRECTLY 'Approved', NOT DRIFT. I had flagged it as suspicious for having zero slices. It is the future AI / advanced-analytics phase -- primary value 'Intelligence & advanced analytics', matching DW-003 (AI candidate extraction) and AGENTS.md's 'AI extraction = Phase 3'. Approved-and-unbuilt is exactly right for a phase nobody has started. The confusion was a NAME COLLISION: PH-3 is titled 'Research & Knowledge' and so is slice SL-015 ('P15 - Research & Knowledge'), which shipped early under PH-2. Two different things wearing one name. FINDING 3: DW-022 IS NOT SELF-CONTRADICTORY. I had reported it as a register error -- status Open while its own body concludes the work is unnecessary. Misread. In this register Open means DEFERRED AND STILL AVAILABLE, not outstanding obligation; the row's activation trigger says plainly that the CSP rationale is disproven but a design-system pass may still elect to take the hygiene on. The status is accurate and nothing needed fixing. ONLY PH-2 WAS GENUINELY STALE, and it is now Implemented: SL-013 and SL-015 are Implemented and SL-014 is Deferred indefinitely by DEC-028, so its buildable content is complete -- and leaving it Approved while the LATER PH-4 read Implemented was the actual inconsistency. Its objective and exit_criteria are null in the package, so no invented bar was written to justify the change.",,SL-020,2026-08-09T18:45:26Z,,
PE-215,"THE ONE-TOKEN RSK-013 REPAIR IS NOW BLOCKED BY IMMUTABILITY, AND I CAUSED THAT MYSELF EARLIER TODAY. PE-192 found that AC-084's statement cites 'RSK-013', which matches no entity -- this package's risks are RISK-###, and RISK-013 ('4 GiB is tight; a Keycloak GC burst plus SQL Server's buffer pool can OOM the t3.medium') is unambiguously the intended target. PE-192 deliberately left the repair for an operator. Instructed to make it, I attempted the edit and the store REFUSED: 'approved acceptance criteria are immutable: supersede, never edit'. THE CAUSE IS MY OWN (d) WORK. When I advanced AC-075..AC-086 from Proposed to Approved a few hours ago, AC-084 became immutable. While it sat at Proposed the fix was a one-token edit; it is now a supersede. The status change was still correct -- AC-001..AC-074 were already Approved, the PH-5 cohort was the anomaly, and these criteria are actively used to grade a deployment -- and the immutability is the package enforcing AGENTS.md's rule that Approved entities are FINAL. But it is worth recording that a hygiene fix in one layer can raise the cost of a pending fix in another, and that I did not think about ordering before making it. WHY I DID NOT SIMPLY SUPERSEDE. Superseding is the sanctioned path and it is available, but it is disproportionate here and would arguably leave the record WORSE than the defect: it mints a second acceptance-criterion row for one criterion, and AC-084 already carries a Met verdict (AV-113) plus AV-109/AV-112 history, so the verdict trail would point at a superseded row while the live row has no evidence of its own. Trading a dangling four-character citation for a split verdict history is not obviously a gain, and it is a judgement about the record rather than a mechanical repair -- so it goes back to the operator with the cost named, rather than being executed because 'all' was said. The dangling reference remains annotated on AV-113, where a reader meeting AC-084 will see it. NOTE THE GENERAL SHAPE, because it will recur: the gates cannot see this class at all. G-TRACE validates typed trace edges; an identifier-shaped string inside narrative prose is unverified by construction, and this package has 100+ evidenced verdicts whose prose has never been grepped for the same error.",,SL-020,2026-08-09T18:45:26Z,,
PE-216,"BUDGET RAISED $60 -> $100 TO FUND AN ALWAYS-ON PRODUCTION BOX, AND THE SCRIPT THAT OWNS IT COULD NOT HAVE APPLIED THE CHANGE. Operator decision, taken because PH-5's exit criteria require BOTH environments and prod always-on (~$38/mo) plus UAT stopped-when-idle (~$7.65/mo) is ~$46-50/mo of steady state -- which would have sat permanently above the old $60 budget's 80% notification with almost no headroom before the 100% IAM-deny brake. Prod is deliberately NOT stop-when-idle: an always-on box is what makes the cron schedule correct BY DESIGN rather than by OQ-068's @reboot workaround, so raising the budget also retires that workaround's load-bearing role in production. Amends the cost model ratified in ADR-0034. THE SCRIPT WAS WRITE-ONCE AND NOBODY WOULD HAVE NOTICED. 00-account.sh's budget branch read `if describe-budget succeeds; then log 'already exists (leaving as-is)'`. So BUDGET_LIMIT_USD in _common.sh was effectively write-once: editing it changed nothing on an account that already had the budget, and every re-run still reported success. Source and live could disagree forever. THIS IS THE SAME SHAPE AS THE CRONTAB, twice in one day: the bootstrap installed the cron DAEMON and never the SCHEDULE; here the script CREATES the budget and never reconciles the VALUE it carries. Generalised: an idempotency guard that skips on existence is not idempotent, it is write-once -- ask whether the guard converges the state or merely declines to touch it. Fixed to reconcile the amount and only the amount; thresholds, actions and subscribers are deliberately untouched, because silently rewriting a spend guardrail's actions from a helper branch is precisely the change nobody would notice. Applied live: 'limit DRIFT: live $60.0 -> desired $100; updating'. AND THE RAISE MOVED SOMEBODY ELSE'S PENDING TEST, WHICH THE SCRIPT NOW WARNS ABOUT BECAUSE I HIT IT IMMEDIATELY. Every budget notification is a PERCENTAGE, so raising the limit re-prices all of them: the 2.3% probe armed for AC-085 leg 1 moved from $1.38 to $2.30, and the 50/80% notifications from $30/$48 to $50/$80. Spend is $1.286, so leg 1's trigger went from $0.094 away to $1.014 away. That is the THIRD time in this project's record that a change invalidated a pending verification -- after AV-117's zero baseline and AV-118's count-of-six -- and the first where the mechanism is a unit mismatch rather than shared state: the test was expressed in percent and reasoned about in dollars. Re-checked rather than assumed, which is what the new log line tells the next operator to do: all four notifications read OK, both budget actions remain AUTOMATIC/STANDBY at 100% ACTUAL, limit $100, spend $1.286. NET EFFECT ON LEG 1 IS FAVOURABLE despite the larger gap: an always-on prod box burns ~$1.27/day, so $2.30 will be crossed within a day or two of prod running, against roughly nine days of waiting on a stopped UAT.",,SL-020,2026-08-09T19:32:25Z,,
PE-217,"AC-084 SUPERSEDED BY AC-087 ON A FOUR-CHARACTER CITATION, AND THE OBJECTION I RAISED AGAINST DOING IT WAS ANSWERED RATHER THAN IGNORED. Operator chose supersede over leaving the dangling RSK-013 annotated. My recorded objection was that superseding mints a second row for one criterion while the verdict trail (AV-109 Partial, AV-112 Met, AV-113 Met) stays attached to the superseded row, leaving the LIVE criterion carrying no evidence of its own. Rather than accept that cost, AV-120 carries the evidence forward onto AC-087 explicitly -- both clauses restated with their measurements -- so the live row is graded and AC-084 keeps its history addressable. The objection was real; the fix was to remove it, not to argue it away. HOW THE STORE BEHAVED, worth knowing for the next supersede: 'approved acceptance criteria are immutable' turns out to compare CONTENT, not to freeze the row. Setting superseded_by while passing the statement UNCHANGED was accepted; the same call with one character of the statement altered had been refused hours earlier. So the guard permits exactly the supersede workflow it names in its own error message. ORDERING THAT MADE IT SAFE: AC-087 was created as Proposed first, the AC-084 link was tested, and only then was AC-087 advanced to Approved. Had the link been refused, a Proposed row would still have been mutable and disposable; creating it Approved first would have left two immutable live rows for one criterion -- strictly worse than the typo. Verified by field-level diff that AC-084 gained only superseded_by and source_span, its statement untouched.",,SL-021,2026-08-09T19:32:25Z,,
PE-218,"PRODUCTION EXISTS. PH-5's second environment was stood up end to end on 2026-08-09 and is live at https://acmp.anas7ammo.dev with a real Let's Encrypt certificate. Instance i-04d9717feea79204b, t3.medium, Elastic IP 52.23.105.56, ALWAYS-ON by decision (the budget was raised $60 -> $100 to fund it, PE-216). WHAT WAS ALREADY THERE vs WHAT WAS MISSING, measured before touching anything: the account layer had been provisioned months earlier and was intact -- IAM user acmp-prod-app, role and instance profile acmp-prod-instance, security group acmp-prod-web, buckets acmp-prod-backups and acmp-prod-recordings, and CI had been publishing web:<sha>-prod on every merge since P24. What did not exist was everything at the RUNTIME layer: no /acmp/prod/env parameter, no DNS record, no instance, no certificate. That gap is precisely why PH-5's exit criteria are written about environments being REACHABLE rather than about scripts existing. A CREDENTIAL THAT COULD NEVER HAVE BEEN USED. acmp-prod-app carried an access key created 2026-08-03, and get-access-key-last-used returned LastUsedDate None -- never used, by anything, ever. Its secret is only shown once at creation and nobody holds it, so it was a permanently unusable credential that still counted as a live key on a production identity. Deleted, and a fresh key minted for this deployment. Worth noting as a small pattern: 'the resource exists' and 'the resource is usable' are different claims, and only the second one deploys. AC-083's ISOLATION PROVEN LIVE IN THE PROD -> UAT DIRECTION, which had never been tested. AC-083's text is written the other way round ('the UAT IAM key is denied on the prod bucket'). With a fresh prod key in hand the mirror was cheap and was taken: the prod key LISTS acmp-prod-recordings successfully and is DENIED on acmp-uat-recordings. Isolation therefore holds symmetrically, measured rather than inferred from the policy document. TLS ISSUED AND AC-081's FULL CLAUSE SATISFIED FOR PROD. certbot was NOT installed by any script -- it is a manual runbook step, which is the THIRD instance today of a documented prerequisite that no script performs, after the crontab (fixed) and the budget limit (fixed). Installed certbot + python3-certbot-dns-route53, issued via DNS-01 (the security group allows no inbound 80, so HTTP-01 cannot work), deploy hook installed the chain and reloaded nginx. Verified FROM THE INTERNET rather than from an exit code, exactly as the runbook insists: subject CN=acmp.anas7ammo.dev issued by Let's Encrypt, notAfter 2026-11-07; HSTS present with max-age 31536000 includeSubDomains; the deny posture correct at 200 for the SPA, 200 for the acmp realm discovery document, 404 for both /kc/admin and /kc/realms/master. `certbot renew --dry-run` succeeded. The renew timer was enabled AND CHECKED -- is-enabled=enabled, is-active=active, Persistent=true -- because the runbook records that certbot claims to have scheduled renewal and does not. THE BROWSER ERROR THE OPERATOR REPORTED WAS THE PLACEHOLDER, WORKING AS DESIGNED. Between bootstrap and certbot the box serves a self-signed certificate whose CN is deliberately alarming, CN=ACMP-PLACEHOLDER-DO-NOT-TRUST, so that it can never be mistaken for a real one or sit unnoticed for months. It existed because nginx refuses to start without a certificate file while certbot cannot run before the box is up -- the placeholder breaks that deadlock. Resolved by issuing the real certificate.",,SL-025,2026-08-09T21:18:22Z,,
PE-219,"THE BOOTSTRAP'S CRONTAB FIX PROVED ITSELF ON A BOX THAT HAD NEVER SEEN A HUMAN, WHICH IS THE ONLY PLACE IT COULD. Earlier today 08-bootstrap-box.sh was changed to install the crontab rather than leave it a manual runbook step, and that was verified on UAT -- but UAT had been crontab'd by hand previously, so a passing check there could not distinguish 'the bootstrap installed it' from 'a manual crontab was already present'. The production box is the clean-room case: nobody has ever run `crontab` on it, and `diff` of the installed root crontab against deploy/scripts/crontab.example returned EXACT MATCH. That is the fix demonstrated rather than assumed. PROD'S BACKUP PATH PROVEN END TO END, not merely scheduled. A backup was run by hand on the box: both databases dumped with no COMPRESSION (Express), then copied off-instance, and the objects were verified FROM OUTSIDE the box -- sql/Acmp_20260809_211614.bak at 7,196,672 bytes and sql/keycloak_20260809_211614.bak at 12,771,328 bytes in s3://acmp-prod-backups/sql/. This exercises the prod instance role's S3 grant, the prod bucket, and NFR-058's off-instance requirement in one run. PROD IS DELIBERATELY CONFIGURED DIFFERENTLY FROM UAT AND THE DIFFERENCES ARE THE POINT, recorded so nobody later 'harmonises' them: ACMP_BACKUP_MAX_AGE_HOURS is 26 on prod against 168 on UAT, because 26 is just over a daily cycle and is right for an always-on box while a 26h threshold on a box deliberately stopped for days would report staleness on almost every boot and train the operator to ignore it; separate buckets, separate database passwords and a separate IAM key, which is what made the isolation test above meaningful rather than circular. AND THE ALWAYS-ON CHOICE RETIRES A WORKAROUND: OQ-068's @reboot backup exists because UAT's clock-based cron is inert while the box is stopped. Prod runs continuously, so its 02:00 and four-hourly lines actually fire and NFR-056's 4h RPO is true BY DESIGN there rather than by workaround. The @reboot line remains harmless on prod -- it simply almost never triggers. STILL OUTSTANDING FOR PROD, stated plainly rather than left implied: no real users have been seeded (seed-users.sh needs a users.csv of actual people, which is operator data), and no smoke or Playwright run has been driven against the production host. The environment is reachable and healthy; it has not yet been exercised by a human or a suite.",,SL-027,2026-08-09T21:18:22Z,,
PE-220,"THE REAL COMMITTEE IS ON PRODUCTION -- 26 people, correct roles, real names -- AND THE SEEDER HAD THREE DEFECTS THAT ONLY A REAL ROSTER COULD EXPOSE. Operator supplied the roster; production was started, smoke-verified, and seeded through an SSM port-forward. WHY THE ROSTER COULD NOT SIMPLY BE FED IN: seed-users.sh hardcoded email=<user>@example.invalid, firstName=<user>, lastName='Seeded' and one shared password. ACMP derives a member's displayed name from Keycloak's `name` claim, so seeding as-is would have written 'ahammo Seeded' onto votes, decisions and minutes. Recoverable -- SyncFromClaims refreshes name/email/role on EVERY login -- but a governance record is the wrong place to discover it. THE DELIVERY METHOD WAS THE PART THE PLAN GOT WRONG, and the review caught it before execution rather than after. The first plan said 'point ACMP_KC_INTERNAL_URL at the box's local Keycloak'. That is impossible: the seeder needs /realms/master/.../token and /admin/realms/..., and the public 443 listener 404s BOTH by design -- the same deny AC-081 rests on and the same wall DEF-027 hit. Verified against the templates rather than assumed: cloud-443.conf.template carries the deny (listen 8443, return 404), default.conf.template does not (listen 8080, plain /kc/ proxy), and inbound 80 is closed at the security group. So the box's 8080 listener through an SSM tunnel is the sanctioned path, and the roster NEVER LEFT THE WORKSTATION -- which also retired the plan's SecureString design and, with it, an IAM assumption that had never been validated. ONE PASSWORD PER PERSON, NOT PER ROW. The operator holds five roles and therefore occupies five rows, but is ONE account; a per-row generator would have minted five passwords, the last write would have won, and four of the five would have been handed over dead. Keyed by username instead, existing values preserved so a re-run cannot rotate a credential already delivered, and 0/O and 1/l/I excluded because these are typed by hand into a realm with bruteForceProtected=true, where an ambiguous glyph produces a lockout rather than a typo. THREE FAILURES AT SCALE, ONE ROOT CAUSE, AND THE ROOT CAUSE WAS INVISIBLE AS ITSELF. The 26-user run aborted on 'role Member did not stick on fareeshi' -- and fareeshi HAD the role when checked a moment later. Re-run, it emitted a false 'no UPDATE_PASSWORD pending' warning on a user created seconds earlier with that exact required action. Re-run again, it failed with HTTP 401 partway through. All three are one fact: THE ADMIN TOKEN EXPIRES MID-RUN. It was fetched once and never refreshed, and 26 accounts over a tunnel comfortably outlive one admin-cli token. Because every check in the script greps a response BODY, expiry never surfaced AS a 401 -- it surfaced as three different lies about the data, each of which looked like a different bug. Worth keeping as a rule: WHEN A CHECK READS A BODY RATHER THAN A STATUS, AN AUTH FAILURE IMPERSONATES A DATA FAILURE. Fixed at the seam: api() re-authenticates once on 401 and replays; a second 401 is real and still fails. AND A FIX I MADE FIRST WAS TREATING THE SYMPTOM. Before finding the token, I added a retry on the role read-back, reasoning that a transient GET failure is not evidence the write did not land. That reasoning was correct and the retry is kept -- dying on a failed read left a HALF-SEEDED realm, reintroducing at a late stage exactly what the preflight exists to prevent -- but it would have masked the real cause on 25 of 26 users and left the 26th to fail mysteriously. Keeping both is right; shipping only the retry would have been the wrong repair. FINAL STATE VERIFIED FROM THE REALM: 27 accounts (26 people + bootstrap admin), 0 placeholder emails, 0 placeholder surnames, UPDATE_PASSWORD pending on all 27, roles spot-checked across every class including the five-role operator. NOT CLAIMED: nobody has logged in yet, so AC-079's JIT-provisioning clause has no production evidence and the verdict is Partial (AV-122). That step cannot be self-served -- acmp-web has directAccessGrants off by design, and completing the first login would consume the operator's own one-time credential.",,SL-026,2026-08-10T09:20:53Z,,
PE-221,"Roster mode + per-person passwords + admin-token refresh; 26 real committee members seeded on production and verified from the realm. AC-079 -> Partial (AV-122): idempotence, temporary-password contract and correct roles all evidenced; the JIT-provisioning-on-login clause is not, because nobody has logged in yet.",,,2026-08-10T09:21:06Z,"{""ref"": ""feat/seed-real-committee (PR pending)"", ""binds"": [""AC-079"", ""SL-026"", ""SL-025""]}",
PE-222,"AC-079 CLOSED ON A REAL LOGIN, AND THE PROOF WAS A NAME. The operator instructed the agent to drive his own account through a browser against production. The seeded temporary password was accepted and Keycloak immediately served the forced change screen (URL carrying execution=UPDATE_PASSWORD), so the delivered secret provably cannot become a permanent credential. The operator then set his own durable password himself -- the agent stopped at that screen deliberately, so the account's real credential never entered the session. The temporary one did, and was burn-on-use by construction: it is dead the moment it is used. THE DECISIVE OBSERVATION IS ONE STRING. After the change the dashboard rendered and greeted 'Anas Hammo' -- not 'ahammo Seeded'. That proves the entire identity chain in a single glance: roster CSV -> Keycloak firstName/lastName -> the `name` claim -> CurrentUserService.DisplayName -> CommitteeMember.FullName. It is exactly the chain the old hardcoded payload would have corrupted, and FullName is the field that votes, decisions and minutes attribute to. Everything else about roster mode was inference until that greeting appeared. MULTI-ROLE PROVEN WITHOUT READING THE DATABASE. The SPA filters navigation by role (P3), so what a single account renders IS the role set. One session simultaneously showed the Secretary queue, the Audit log and Administration, with a badge reading 'viewing as auditor'. Secretary, Auditor and Administrator therefore all reached the SPA from one principal -- confirming both that repeated roster rows accumulate realm roles and that authorization is any-of rather than the single collapsed CommitteeMember.Role. The full auth-code + PKCE round-trip is evidenced in the same flow (code_challenge_method=S256 against the deployed realm). A VERDICT REVISED, WITH THE REASON RATHER THAN QUIETLY. AV-122 had recorded Partial, arguing that AC-079 says 'each seeded user logs in' and only one had. AV-123 supersedes it as Met, because that reading makes the criterion unclosable by anything the project controls: it would hold AC-079 open until 26 individual people chose to sign in, which is a fact about calendars, not about the system. This is the mechanism-versus-regime distinction AV-105/AV-106 forced onto AC-080, applied consistently -- an acceptance criterion grades the mechanism, and the mechanism is now evidenced end to end on the hardest case in the roster, a five-role principal. What is NOT claimed is stated on the verdict: 25 people have not logged in, hold no CommitteeMember row, and their accounts sit with correct roles and a pending UPDATE_PASSWORD awaiting private credential hand-over. MAIN IS GREEN, AND A PROCESS BREACH IS RECORDED RATHER THAN LEFT IMPLICIT. PR #213 was squash-merged while its backend check read 'fail', because the merge was chained onto the wait without gating on the outcome -- a check that reported and did not gate, which is the precise defect class this session spent the day removing from the deploy scripts, reproduced by the agent in its own workflow. The failure was CI flake: every logic suite passed (249, 49, 908, 41) and the three failures were 100-second HttpClient timeouts in API tests, which shell-script changes cannot cause. Confirmed rather than assumed -- main's own CI run completed with conclusion success. No lasting harm; the breach stands on the record because the outcome being harmless is not the same as the gate having worked.",,SL-026,2026-08-10T10:07:21Z,,
PE-223,"TWO REPORTED BUGS TURNED OUT TO BE FOUR, AND THE MOST SERIOUS ONE WAS FOUND BY A TEST WRITTEN FOR SOMETHING ELSE. The operator reported one thing -- the shell badge said 'auditor' for an account whose primary role is Secretary -- and asked separately for the theme to follow the OS. DEF-034 WAS TWO BUGS ON ADJACENT LINES. SideNav.tsx:24 read `roles[0]`, which is Keycloak's claim-array order rather than precedence; and :31 looked up `t('roles.<role>')` while the locale defines `role.` SINGULAR at line 884 of both files, with no top-level `roles` key at all. The second is why it rendered lowercase English inside an Arabic UI: the lookup could never resolve, so i18next printed the bare claim. Only the first was reported. Fixed with primaryRoleOf() scanning COMMITTEE_ROLES, whose order was VERIFIED against the C# enum (chairman=0 .. guest=7) rather than assumed -- that equivalence is the only reason deriving this on the client is safe. Applied at all three sites that hand-rolled it, including the DEV-only switcher, because leaving one copy of a wrong pattern behind is how the next person learns it. DELIBERATELY NOT read from MemberProfileDto.Role, which the defect row itself named as the correct source: that response is discarded at AuthProvider.tsx:39, so consuming it means async state and a placeholder on first paint. The row was amended to match the fix rather than left disagreeing with it. THE TESTS WERE PROVEN, NOT ASSUMED. There were none -- SideNav.test.tsx covered nav filtering only, which is exactly why both bugs shipped. Two were added with a deliberately hostile claim order, then the fix was TEMPORARILY REVERTED to watch them fail: the two new tests went red, the three pre-existing ones stayed green, confirming the old suite was structurally blind to this. A test that passes before and after the fix proves nothing. THEME NOW FOLLOWS THE OS, VIA CSS RATHER THAN A SCRIPT. The obvious anti-FOUC fix stamps data-theme from an inline <script>; this app serves script-src 'self' with no nonce -- verified in the nginx templates, where a comment records 7 CSP violations from exactly that mistake once before. A prefers-color-scheme block in tokens.css needs no exemption and applies at PARSE time, so it also removes the white flash stored-dark users get today and themes /auth/callback, which renders outside AppShell and calls useTheme nowhere. Recovering the third state came first: getStoredTheme() returned 'light' for an empty key and applyTheme() wrote storage on EVERY call, so the first paint of a first visit persisted an explicit-looking 'light' -- after which nothing could distinguish a preference from a default. AC-042 was checked before touching any of this and is unaffected: it grades that a CHOSEN dark theme survives a re-login, and explicit choices still persist and still win in both directions. AND THEN THE SYNC ASSERTION FOUND DEF-035, WHICH IS THE REAL FIND. Plain CSS cannot share a declaration block across a media boundary, so the OS-default dark palette is necessarily a second copy of the dark tokens. Rather than accept two hand-maintained palettes, contrast.test.ts now asserts they are identical -- and that comparison failed, reporting dark-versus-LIGHT. block() located rules with css.indexOf(selector), and tokens.css line 4 documents `[data-theme=""dark""]` in its own header COMMENT. indexOf matched the prose, took the next brace -- which opens :root -- and returned the light palette. So DARK was LIGHT spread over LIGHT, and EVERY assertion in the dark half of the WCAG AA gate has compared light tokens against light tokens since the file was written. It was invisible because the light palette passes: a mis-pointed gate and a working one are the same colour. With block() fixed to match only where a selector heads a rule, and to THROW when absent, the dark cases ran against real dark tokens for the first time -- and all pass, so the palette was always compliant and nothing was ever checking. THE PATTERN, third instance today: a check that locates its subject by substring can bind to prose ABOUT the subject. The same shape as the seeding script whose body-grepping checks turned an expired admin token into three different fake data failures, and the smoke script whose DNS check reported the resolver's IP as the host's. AND THE MERGE GATE EARNED ITS KEEP. CI's frontend job failed on the per-file coverage floor (theme.ts at 93.75% against 95%) and BLOCKED the merge -- the gate written after I merged #213 past a failing check. My local `vitest run` was green because it does not compute coverage, so the gate caught what my own pre-push check structurally could not. The uncovered path was systemTheme()'s matchMedia-absent guard, unreachable precisely because the new test shim provides matchMedia; covered with a behavioural test rather than a coverage-shaped one, since without that guard the function throws during render and surfaces as a blank screen.",,SL-003,2026-08-10T11:47:44Z,,
PE-224,"DEF-034 Fixed (two bugs: arbitrary roles[0] + roles./role. namespace; fixed at all three sites, tests proven to fail pre-fix). Theme now follows prefers-color-scheme via CSS (script-src 'self' forbids the inline-script approach); AC-042 re-checked and unaffected. DEF-035 Fixed — the dark half of the WCAG AA contrast gate had been grading the light palette since the file was written, found by a sync assertion added for an unrelated reason.",,,2026-08-10T11:48:02Z,"{""ref"": ""b66695c (PR #215)"", ""binds"": [""DEF-034"", ""DEF-035"", ""AC-042"", ""SL-003"", ""SL-016""]}",
PE-225,"2026-08-10 — Batch C: Arabic term rename الهندسة المعمارية → الهيكلة (DEC-032). Scope: the whole term family, 28 files. Inventory was measured occurrence-accurately over git-tracked files (a scanner, not `git grep -c`, which counts LINES — ar.json:2 holds two occurrences on one line and had already produced a 15-vs-16 disagreement): 94 occurrences of معمار across 27 files and 57 of الهندسة across 26, against the plan's line-based estimates of 84 and 48. Implemented as four ordered morphological rules (adjective phrase → إضافة, which drops ال from the head noun) rather than a phrase list, with definiteness preserved — see DEC-032 for the deviation from the approved plan's mapping and the two ungrammatical shapes it would have produced. Changed: ar.json (17 keys), AdrNotifications.cs + InvariantNotifications.cs (7 each, covered by no i18n gate), 15 .dc.html design references, 8 asserting tests, deploy/scripts/spike-cloud-gates.sh. The two coupled lines in spike-cloud-gates.sh (:149 seeds, :200 greps to prove FTS found it) now hold the IDENTICAL string الهيكلة rather than the previous substring relationship, so the cloud FTS gate is self-consistent by construction instead of by manual coordination. THE ZERO-GATE EARNED ITS KEEP: it caught one occurrence no rule could reach — a bare معماري used as a standalone label, L('Architecture','معماري'), with no head noun for an adjective rule to attach to. A count-based gate would have read 94→1 as success. Gate rewritten mid-task after it was found to carry the substring-binding defect this project has hit repeatedly (`if allowed_substring in line: continue` would wave through a second, unrelated occurrence sharing that line): it now DELETES the allow-listed string and demands zero, and fails if an allow-list entry goes stale. EVIDENCE: rename zero-gate 0 residue; frontend 1078/1078 tests, 140/140 files, coverage 99.43% (check-coverage 99.64% over 420 files, target 95%); backend 1482 passed / 0 failed across 5 projects; dotnet format --verify-no-changes clean; tsc --noEmit clean; oxlint clean (3 pre-existing warnings); check-i18n parity OK on 1797 keys — which proves NOTHING here, as it compares keys and never values. The Arabic FTS tests were confirmed to have actually EXECUTED against a real SQL Server container (Arabic_query_matches_via_word_breaker_and_returns_english_too, Passed) rather than being among the 2 skipped, since they are what validates the renamed seed/assertion coupling. One frontend test failed on the first full run (DecisionPage.test.tsx, 5s timeout under parallel load) and was proven unrelated — the file contains zero renamed strings and it passed in 2080ms alone and in the clean re-run. BOM and line-ending integrity verified byte-wise on all 28 changed files (all .cs keep their UTF-8 BOM; all files LF-only), and the diff is exactly 92 insertions / 92 deletions. Package checked for drift: the only Arabic-term occurrences under tamheed-package/ are 4 historical sections in DOC-056 (progress log) and DOC-065 (FTS spike report) — no requirement, AC, or invariant specifies the term, so there is no code/package divergence to reconcile.",PH-5,,2026-08-10T13:14:30Z,,
PE-226,"Arabic term family renamed الهندسة المعمارية → الهيكلة across ar.json (17 keys), AdrNotifications.cs + InvariantNotifications.cs, 15 .dc.html design references, 8 asserting tests, and deploy/scripts/spike-cloud-gates.sh. Definiteness preserved (deviation from the approved plan's mapping — see DEC-032 rationale). Evidence: assert-zero gate 0 residue; frontend 1078/1078 @ 99.43%; backend 1482/0; Arabic FTS tests confirmed executed against a real SQL Server container, not skipped.",,,2026-08-10T13:18:54Z,"{""ref"": ""PR #218 (5095fe5) \u2014 feat(i18n): rename the Arabic term for Architecture to \u0627\u0644\u0647\u064a\u0643\u0644\u0629"", ""binds"": [""DEC-032""]}",
PE-227,"2026-08-10 — Production redeployed onto the rename commit 1c7f2ba (DEC-032), closing the gap where the running images predated BOTH the DEF-034/theme fixes (b66695c) and the Arabic rename. Ran as arn:aws:iam::565393059398:user/acmp-admin, NOT root — which also closes the standing action that root cannot be constrained by the budget IAM-deny brake (AC-085 leg 5), so this deploy was inside the cost guardrail rather than bypassing it. SEQUENCE: verified all four ECR images exist for the full sha before re-pinning anything (DEF-019 is exactly the seam where a publish job reports success while the tag is unpullable) — acmp/api, acmp/worker, acmp/sqlserver-fts at 1c7f2ba… and acmp/web at 1c7f2ba…-prod, the per-environment web tag; fetched /acmp/prod/env, rewrote ONLY ACMP_IMAGE_TAG and ACMP_WEB_TAG, asserting mechanically that exactly 2 of 36 lines changed and refusing to write otherwise, and confirmed the file stayed 36 lines LF-only with zero CR (the SSM env payload is the file a previous sed -i silently rewrote end-to-end); republished via 09-put-env.sh (1480 B, Standard tier); then destroyed the local plaintext copy by overwriting its 1481 bytes with random data before unlinking, since resume §7 records that the prior session left prod credentials sitting in an orphaned scratchpad. The prior pin was 70a2cd1d…, which confirms production had been serving pre-DEF-034 images all along. THE DRIFT GUARD PASSED ON ITS OWN — 'image tags match the commit' — so ACMP_ALLOW_TAG_DRIFT was never needed; reaching for it would have been the signal to stop. BOOTSTRAP: SSM command 0ba1c653-4ade-4af5-942a-2504dd4bd698 on i-04d9717feea79204b returned Success with all three one-shots exited 0 (sqlserver-init, db-migrate, keycloak-config) and all six services healthy/running, and docker compose ps confirms every container now runs a 1c7f2ba… image. VERIFICATION, from outside the box and mechanically rather than by eye: crontab compared by DIFF against deploy/scripts/crontab.example at the deployed sha — 5 entries, exact match, not 'it looked right'; smoke.sh 12/12 PASSED including the AC-081 admin/master-realm 404 denies, a 401 on two protected API routes as the real liveness signal, real Let's Encrypt cert valid 89d, and the opt-in S3 put/presign/GET/delete round trip. THE DEPLOY-PROVING CHECK: a green stack does not prove the RENAME shipped, so the served bundle itself was fetched (cache-busted) and graded with the IDENTICAL patterns as the repo gate — معمار = 0 and الهندسة = 0 in the deployed JS, with الهيكلة ×9 and هيكلة ×17 total (9 definite + 8 indefinite, exactly what the definiteness-preserving rule predicts), the literal login tagline منصة إدارة لجنة الهيكلة present, and Last-Modified 13:39:41 GMT matching the 1c7f2ba CI build rather than a cached artifact. STILL OPEN and NOT closed by this deploy: streams are created by admins through the UI, so any Streams.NameAr or Arabic-typed title row entered before today still holds the old term — a data task the rename could not reach, recorded in handoff/RESUME-arabic-rename.md §2.",PH-5,,2026-08-10T15:46:25Z,,
PE-228,"2026-08-10 — AC-085 leg 1 made OBSERVABLE (PR #221, 94d3ffe). The last open leg needed a threshold notification 'observed to arrive', but acmp-budget-alerts had exactly ONE subscriber — the operator's email — which is not machine-readable, so arrival could only ever be narrated. AV-117 tried to evidence it by COUNTING messages on the topic and AV-118 recorded that check passing falsely within 70 minutes; it could never have worked, because the same topic carries the CPU-credit alarm (both ALARM and OK transitions), backup.sh failures and check-backup-freshness.sh alerts, so a rising count proves only that SOMETHING published. On a shared topic no count-based test can discriminate — the same lesson as the WCAG gate that graded the wrong palette by locating its subject via substring: match on STRUCTURE, not on a number. FIX: read the message BODY. Added an SQS subscriber (acmp-budget-observer, MessageRetentionPeriod 14 days — the maximum — so the evidence survives until collected) and deploy/scripts/check-budget-notification.sh, which requires a body to name the budget AND carry a threshold before it will match. PROVEN, NOT ASSUMED: a test message published to the topic was received back from the queue. That step was not ceremony — without the queue policy allowing sns.amazonaws.com under an aws:SourceArn condition, SNS delivers nothing while the subscription still looks perfectly armed, which is DEF-030's exact shape. Also verified the filter DISCRIMINATES: the wiring-test message is sitting in the queue and does NOT match, so it cannot reproduce the false positive that killed AV-117. The check is non-destructive by design — visibility-timeout 0 and messages are NEVER deleted, because delete-on-read would destroy the evidence the moment it is first collected. It distinguishes 'threshold not crossed yet' from 'wiring broken' and says which, loudly, rather than skipping quietly (DEF-022). Run live: subscription confirmed, correctly reports the threshold has not fired, exit 1. TIMING: the 2.3% threshold exists and is still OK with spend at $2.097 against a $2.30 trigger, so this landed BEFORE the notification could be lost — which is why it was sequenced first. Performed as arn:aws:iam::565393059398:user/acmp-admin, never root. REMAINING for leg 1: when spend crosses $2.30, re-run the script and record the printed body via audit_record — the body is the evidence, not a count.",PH-5,,2026-08-10T17:19:35Z,,
PE-229,"2026-08-10/11 — Days 1–2 of the approved §3 plan, now fully landed on main (PRs #222–#227; #221 closed and recreated as #227). Zero non-dependabot PRs remain open. DAY 1 — AC-085 leg 1 made OBSERVABLE (#227): acmp-budget-alerts had exactly ONE subscriber, the operator's email, which is not machine-readable, so arrival could only ever be narrated. AV-117 tried to evidence it by COUNTING messages and AV-118 recorded that check passing falsely within 70 minutes; it could never have worked, because the same topic carries the CPU-credit alarm (both transitions), backup.sh failures and freshness alerts, so a rising count proves only that SOMETHING published. Fix reads the message BODY: SQS queue acmp-budget-observer (14-day retention, the maximum, so the evidence survives until collected) + deploy/scripts/check-budget-notification.sh, which requires a body to name the budget AND carry a threshold. Delivery was PROVEN end-to-end (a test publish was received back from the queue) — not ceremony: without the queue policy allowing sns.amazonaws.com under an aws:SourceArn condition, SNS delivers nothing while the subscription still looks armed, which is DEF-030's exact shape. The filter was also proven to DISCRIMINATE: the wiring-test message sits in the queue and does not match, so it cannot reproduce AV-117's false positive. STATUS OF THE WAIT: all four budget notifications are ACTUAL, not FORECASTED, so this fires on REALISED spend — currently $2.097 against a $2.30 trigger with AWS refreshing budgets ~3x/day, i.e. days away, not hours. Nothing is at risk while it waits. DAY 1 — D-A audit-log pollution (#222): ProvisionCurrentUser.cs:63 emitted Membership.ProfileSynced UNCONDITIONALLY, writing a row that described no change into a hash-chained append-only log (INV-005) that can never be cleaned. SyncFromClaims now reports whether anything actually changed and the handler audits only when it did, with the comparison BEFORE assignment (assigning first makes every field equal to itself and the answer is always 'unchanged'). Invited->Active is preserved as auditable. SEVERITY CORRECTED: the plan said 'every route change'; AuthProvider's useRef guard holds within a session, so it is once per app mount — the 14 rows in 60 seconds came from full-page navigations during the audit sweep, not from normal SPA use. DAY 2 — four UI defects (#223–#226): /diagrams promised 'Coming in Phase 2' while DEC-028 had deferred P14 INDEFINITELY (flag renamed phase2->deferred so the promise cannot be restored by reverting a string, plus a test that greps the RENDERED text in BOTH locales because check-i18n compares keys only); EmptyState never forwarded StateShell's existing `action` slot, which is why six registers hand-rolled CTAs and /meetings had none — one optional prop fixed every caller; the wiki's .wiki-tree and .wiki-main each paired a LOGICAL border side with a PHYSICAL border-radius, so in RTL the border flipped and the rounding did not (panes rounded on the inner seam, square outside — the inverse of the design), fixed with logical corners and PROVEN by reading computed style in both directions, plus an assert-zero guard over every stylesheet whose rule is horizontal ASYMMETRY rather than 'more than one value' (it earned that precision by producing two false positives while being written); and the audit register rendered the bare Keycloak subject as the actor's NAME with role claims printed verbatim, now resolved through ICommitteeDirectory (ADR-0001) with a NEW method that deliberately has no status filter — the two existing directory methods return ACTIVE members only (AC-058), but the audit log is the opposite case, since AC-058 keeps a disabled member's record precisely so historical attribution survives (DEF-029), and an active-only lookup would have blanked exactly the departed-member rows a reviewer most needs. Also #226: the Actions register's design-specified `primary: New action` CTA was wired via a source chooser. The initial report that 'design and domain disagree' was WRONG and the correction is the whole design — ActionItem.SourceKey carries the comment 'snapshot for the Linked column', the same column the design specifies, so both records agree an action is a LINKED artifact and only the picker was missing. Scoped to Topic/Decision/Meeting; Condition and Risk have no list or lookup and are deferred rather than inventing two cross-module contracts. Global search was rejected as the backing after inspection: every ISearchProvider returns empty for an empty query (a type-ahead, not a browse) and the Meetings-side provider indexes MINUTES (ArtifactType 'MoMs') whose PublicId is not a meeting's. PROCESS FINDING, the most likely to recur: FOUR times this session a defect was asserted from a pattern-match without reading the implementation that produces it — the health banner (SystemHealth.tsx:55 documents 'reflects only what is monitored', a deliberate choice), D-A's mechanism, the wiki's 'missing' H1 (the design puts navWiki in a breadcrumb; the wiki is DESIGNED without a page title), and the /actions 'conflict'. All four were caught before shipping, and every one was caught by reading the thing itself. Three of them would have shipped a change that broke deliberate behaviour. CORRECTION TO AN EARLIER CLAIM IN THIS RECORD'S OWN PLANNING: the Playwright suite is NOT UAT-only — .github/workflows/e2e.yml brings up the full 7-service compose stack with genuine Keycloak and drives the real PKCE login on EVERY PR, so the full E2E regression has already run against all of this work. What a UAT run adds is validation of the DEPLOYED cloud topology (nginx 443, real TLS, S3 rather than MinIO, SSM-sourced secrets), not application logic. EVIDENCE across the batch: backend 911 + 249 + 235 + 49 + 41 passed / 0 failed; frontend 142 files and 1092 tests; coverage 99.43% with the per-file 95% floor enforced (it caught RaiseActionFromDialog.tsx at 92.23% on the first pass); dotnet format, tsc --noEmit, oxlint and check-i18n all clean; every PR green on all 10 CI checks including e2e. Every new test was PROVEN FAILABLE by temporarily restoring the old behaviour before being trusted.",PH-5,,2026-08-10T21:47:13Z,,
PE-230,"#227 SQS budget observer makes AC-085 leg 1 evidenceable (body, not count); #222 audit no-op suppression; #223 /diagrams copy vs DEC-028; #224 EmptyState CTA slot + wiki RTL corners; #225 audit actor resolution; #226 Actions source chooser. DEC-032's Arabic term family used for all new Arabic copy.",,,2026-08-10T21:48:30Z,"{""ref"": ""PRs #222-#227 (main 774214a) \u2014 Days 1-2 of the \u00a73 plan"", ""binds"": [""AC-085"", ""DEC-032""]}",
PE-231,"2026-08-11 — Three of the six live findings closed or corrected (PR #229, 3d3d447). DEF-037 FIXED: the ADRs surface named itself two ways in ARABIC ONLY — nav/breadcrumb plural, H1 singular — while EN was consistent, which is exactly why nothing caught it: check-i18n compares KEYS and these keys matched while their values diverged. TWO OF THE SIX ROWS I RAISED WERE MIS-DIAGNOSED, and reading the code before editing is what caught both; the register is corrected rather than quietly 'fixed'. DEF-040: I recorded the committee '+' control as 'an ENABLED, focusable button'. It was not — it already had `disabled` and .adm-add:disabled already dimmed it exactly like every other disabled control on the screen. What it lacked was a REASON, which is what the operator was actually reacting to; it now carries an explanatory title matching the topics.comingSoon convention used everywhere else. DEF-039: I recorded the MinIO health tile as dead 'on prod and UAT'. Wrong on both counts — `check` is OPTIONAL in SystemHealth's fixed catalog and Program.cs registers only TWO health checks (api, sqlserver), so FOUR of six tiles are unmonitored in EVERY environment including on-prem. Hiding MinIO alone would have been arbitrary and would have hidden the symptom rather than fixed it, so the row stays Open with a corrected description pending an operator decision (register real checks, or label the catalog as forward-looking). Also in #229: the wiki tree pane's create button was removed to match the design reference, but MOVED rather than deleted — it was the only create path once any page existed, because the 'select a page' state had no CTA, so deleting it would have removed the capability. It now lives in that state via EmptyState's action slot. RUNNING TALLY OF THE SESSION'S PROCESS FINDING: this makes SIX occasions where a defect was asserted from a pattern-match and then corrected by reading the implementation — the health banner, D-A's mechanism, the wiki's 'missing' H1, the /actions 'design vs domain conflict', DEF-039 and DEF-040. Every one was caught before shipping, and every one was caught by reading the thing itself rather than by any gate. Four of them would have shipped a change that broke deliberate behaviour. Evidence: 142/142 files, 1098/1098 tests, coverage 99.43%, tsc/oxlint clean, check-i18n parity OK on 1806 keys, all 10 CI checks green including the full e2e stack.",PH-5,,2026-08-10T22:06:36Z,,
PE-232,"2026-08-11 — DAY 3 COMPLETE (PR #232, e403e18): deploy/runbooks/cloud-operations.md plus a CI guard so its three defects cannot silently return. THE BLOCKER CLEARED: `ec2 start-instances`/`stop-instances` existed NOWHERE in the repo (DEF-043) while UAT's whole operating model is stop-when-idle, so UAT could not be brought up from the repository — that absence, not any code, is what blocked the deployed-topology regression and the prod deploy behind it. DEF-042: cloud-backup-dr.md:93 told operators to run the P18b ON-PREM warm-standby failover script for a cloud rollback, which would have restored a backup over an intact database during a rollback the same heading calls 'database intact'; promote-image.sh's own header was written to prevent exactly this and the runbook walked into it anyway. DEF-044: the ceiling was stale in FIVE places, not the four the approved plan listed — the guard found 02-s3.sh:35, which also claimed a '120%' budget action that does not exist (both are at 100% ACTUAL). THE GUARD WAS WRITTEN FIRST AND RUN RED (7 findings) BEFORE ANY FIX, so the sites were found mechanically rather than by eye, then re-proven to fire against an injected violation — a gate that cannot go red is this project's recurring bug. It asserts AGREEMENT WITH THE DEFINITION SITE (BUDGET_LIMIT_USD in _common.sh) rather than the absence of '$60': an assert-zero check on the stale value goes permanently green at the next raise while the docs quietly rot, the same trap as AV-117's count-based test and contrast.test.ts. _common.sh is exempt BY PATH, never by its 'the old $60 budget' phrase. THREE THINGS READING CAUGHT THAT A NUMBERS-ONLY FIX WOULD HAVE SHIPPED BROKEN: (1) the raise invalidated the REASONING — 'never leave two instances running' now contradicts the design, since prod is always-on and UAT starts for a session; the constraint is two ALWAYS-ON boxes. (2) Verified BEFORE writing the start procedure that the stack self-starts (docker enabled at boot, restart: unless-stopped, ECR credential helper not a 12h token); had it not, the runbook would have reproduced the DEF-026 'install the daemon, not the schedule' shape. (3) `aws ec2 wait instance-running` returns while the box is still booting, so the recipe polls the SSM agent for Online instead. Two self-corrections before commit: the UAT host is uat.acmp.anas7ammo.dev (first draft would have made the operator's smoke command fail), and my own warning against `deploy/scripts/promote.sh` tripped the rule banning it — which is why that rule matches the INVOCABLE PATH, letting prose name the script to warn about it. Carried the 2-hour warm-up (AC-084/OQ-067) into the start section: it lived only in the provisioning runbook, and the next step is an E2E run on a just-started UAT box that would otherwise have run cold and failed falsely. Naming: cloud-operations.md, not operations.md — runbooks/README.md is already 'ACMP Operations Runbook' and is ON-PREM, and two files named 'operations' for different topologies is precisely how DEF-042 happened. Evidence: guard red then green, both rules re-proven, all 10 CI checks green including the full e2e stack, and the new gate confirmed to have EXECUTED in the compose job log rather than assumed.",PH-5,,2026-08-10T22:44:46Z,,2026-08-10T22:44:56Z
PE-233,Day 3: cloud-operations.md + scripts/check-runbook-drift.mjs (CI deploy job). Fixes DEF-042/043/044.,,,2026-08-10T22:44:56Z,"{""ref"": ""PR #232 (e403e18)"", ""binds"": [""DEF-042"", ""DEF-043"", ""DEF-044"", ""PE-232"", ""PH-5""]}",
PE-234,"2026-08-11 — THE FOUR OPEN LIVE FINDINGS NOW HAVE OPERATOR DECISIONS (DEC-033..036), taken by interview after Day 3 merged. DEF-038 -> DEC-033: the roster lists the WHOLE committee, merging invited-but-never-signed-in accounts from Keycloak and marking them, because JIT provisioning from the token `sub` showed 1 of 26 and left the administrator unable to name the 25 who still need chasing; accepted cost is a new Keycloak admin READ dependency in Membership, which must not become a second write path. DEF-039 -> DEC-034: register the four missing health checks (minio, keycloak, seq, hangfire) rather than greying or dropping the tiles — a tile that is green because nothing looks at it is the same un-failable-check family as AV-117/118 and DEF-030/031/032; each new check must be proven to go RED, not merely to exist. DEF-041 -> DEC-035: eligibility settable by EITHER Chairman or Administrator with an attributed audit event, and the SoD trade-off is recorded ON the row rather than glossed — the operator accepted DETECTION over PREVENTION, since an Administrator can both create an account and make it a voter; DEC-035 is the row to revisit if a reviewer objects. DEF-036 -> DEC-036: /session will be BUILT, but no code until an FR + AC exist, because building first would create exactly the second unregistered surface the defect is about; its content is still unspecified and needs the operator plus either a .dc.html reference or an explicit no-reference flag (INV-014). ALL FOUR DEFECTS REMAIN OPEN — a decision is not a fix, and none of this is implemented. ALSO THIS SESSION, NOT DONE: the Streams.NameAr prod check that the plan scoped to Day 3. Attempted twice over SSM; the permission classifier refused it both times because it reads the SA password secret and execs into the production database container, and it was NOT worked around. The correct target is table `streams`, column `name_ar` — the C# names `Streams.NameAr` used in every prior note do not exist in SQL, so an operator following those notes would have queried a table that is not there. Exact query and a no-secrets alternative (sign in, read Administration → المسارات) are recorded in handoff/RESUME-day3-uat-regression.md §5.6.",PH-5,,2026-08-11T08:16:43Z,,
PE-235,"2026-08-11 — CORRECTION to PE-234, and the plan enriched for DEC-033..036. (1) CORRECTION: PE-234 told the next reader the Streams verification target was table `streams`, column `name_ar`. The schema half is WRONG and was proven wrong against the live production database — an unqualified `streams` returns *Invalid object name*, because every ACMP module owns a schema (MembershipDbContext.Schema = ""membership""). The correct target is **membership.streams**. Also recorded: the query must be wrapped in `docker exec <c> sh -c '...'`, because an unwrapped $(cat /run/secrets/mssql_sa_password) is evaluated on the HOST, where the secret does not exist, and sqlcmd then fails with a misleading 'Login failed for user sa' rather than a missing-file error. Both corrections are now in handoff RESUME §5.6. The verification itself is STILL NOT DONE — the permission classifier refuses the command shape and it was not worked around; it is staged for the operator to run. (2) PLAN: the four decisions are enriched INTO the existing approved plan rather than a second plan file, which would double the stale-claim problem §6 of the resume already documents. Ordering is now EXPLICIT: nothing starts until the deploy chain (start UAT → deploy current main → regression → prod) completes, because DEC-034 changes what the System Health tab REPORTS and that tab is part of what a UAT regression OBSERVES — landing it first would have the regression grade its own homework. (3) A REAL FINDING WHILE PLANNING DEC-033, which changes its size: ICommitteeDirectory is a cross-module seam backed by MEMBERSHIP'S OWN DbContext, and `git grep` finds ZERO callers of the Keycloak admin API anywhere in src/. The application has never talked to Keycloak's admin surface, so DEC-033 is not a UI change — it introduces a new outbound integration (Admin REST client, a service-account credential that must be file-backed per ADR-0032, and a new failure mode where Keycloak being unreachable must DEGRADE the roster rather than error). It therefore needs an ADR raised and approved BEFORE code, the same rule that governs DW-020. (4) DEC-036 is NOT a new plan row: the plan's existing Day 7 already said 'My Session — only after its FR/AC and a reference or your answer'; DEC-036 resolves that open branch to BUILD rather than delete, and it stays blocked on the operator for the page's content and for the INV-014 question, since no .dc.html exists for /session.",PH-5,,2026-08-11T08:25:40Z,,
PE-236,"2026-08-11 — THE DEC-032 LIVE-DATA GAP IS VERIFIED CLOSED ON PRODUCTION, which closes the last in-scope Day-3 item. Evidence, run read-only against prod (i-04d9717feea79204b) via SSM by the operator, because the permission classifier refuses that command shape and it was NOT worked around: **351 nvarchar/nchar columns across 83 tables in BOTH the Acmp and keycloak databases, ZERO holding either half of the renamed term family.** membership.streams has 0 rows. THE COLUMN COUNT IS THE LOAD-BEARING PART OF THIS EVIDENCE: 'zero matches' and 'the scan looked at nothing' produce identical output, so an earlier version of this check would have reported a clean bill of health even if the schema filter had matched no columns at all — the same false-green shape as AV-117's count-based test and contrast.test.ts grading the light palette as dark for its whole life. The verdict is only admissible because the scan proves it had a subject. TWO EARLIER ATTEMPTS WERE WRONG AND BOTH FAILURES ARE INSTRUCTIVE: (1) an unqualified `streams` returns *Invalid object name* — every module owns a schema, the target is membership.streams; (2) the first scan searched only الهندسة, but DEC-032 renamed a whole TERM FAMILY, so a value like الثابت المعماري would have passed straight through a check I was about to record as Met. The final scan covers both الهندسة and the معمار root, and both databases — keycloak included, because group and realm display names live there and no code rename reaches them either. NOTE ON WHAT THIS DOES AND DOES NOT PROVE: streams being EMPTY means the stream-specific half is vacuously true — there is nothing there to be wrong, which independently confirms BL-024 (stream creation has no UI). The real evidence is the 351-column sweep. If admins later create streams through a future UI, this verdict does not cover them.",PH-5,,2026-08-11T08:30:14Z,,
PE-237,"2026-08-11 — /session CLOSED as a question (DEC-037 supersedes DEC-036), and a CORRECTION that is the seventh instance of the session's most expensive pattern — the FIRST one that reached the package instead of being caught before shipping. DEF-036 and DEC-036, both written hours earlier, asserted that '/session is a PlaceholderPage route that no navigation links to' with 'no design reference' and unspecified content. READING DISPROVED ALL THREE: navModel.ts sets ACCESS.session = { guest: 'full' }, and FR-024 means a role without access to an area NEVER SEES ITS NAV ITEM — so navigation DOES link /session, for the Guest role only, and my claim came from walking the live app as an Administrator, for whom hiding it is CORRECT behaviour. A complete bilingual reference exists at ACMP Navigation & IA.dc.html lines 304-347 (GUEST / PRESENTER SHELL) fixing layout, copy, the read-only stance, the topic card, the agenda-slot card and the materials list. THE MISSED TRIGGER IS SPECIFIC AND WORTH REMEMBERING: an app that hides nav BY ROLE BY DESIGN cannot have 'nothing links to it' established by walking it as one role. DEC-036 is kept UNEDITED as the record of what was decided on incomplete information, carrying a superseded_by pointer; DEC-037 carries the corrected decision, because AGENTS.md makes Approved rows final and supersession — not editing — is the sanctioned repair. WHAT REMAINS TRUE AND IS THE REAL DEFECT: the Guest role's ONLY full-access areas are Home and /session, and /session renders a placeholder, so a Guest signing in today has no working destination; and the route carries NO RequireRole, so any signed-in user reaches it — harmless while it is a placeholder, not once it renders topic material. FOUR OPERATOR DECISIONS closed the rest: guest expiry ENFORCED SERVER-SIDE rather than a cosmetic banner (the design promises expiry, but only Delegation auto-expires in code, and this page shows unpublished topic material to an EXTERNAL person); the SECRETARY invites from the meeting screen; v1 builds the FULL shell including materials (presigned download already exists from P13); the route opens to Guest + Chairman/Secretary for preview. ⚠ CROSS-DECISION CONSEQUENCE THE OPERATOR WAS SHOWN AND ACCEPTED: 'Secretary invites' requires the application to CREATE Keycloak users, which it has NEVER done — zero callers of the Keycloak admin API exist in src/. DEC-033's rationale says its Keycloak dependency 'must stay a read — it must not become a second write path'. That constraint is now OVERTAKEN: the two decisions share one client and it becomes read AND write, so the DEC-033 ADR must cover BOTH and must also decide where guest expiry is stored, since the server now enforces it. Neither may be implemented before that ADR is approved.",PH-5,,2026-08-11T08:45:25Z,,
PE-238,"2026-08-11 — NEW FEATURE PLANNED: in-app user management (DEC-038), which SUPERSEDES DEC-033. Operator request: Administrator and Secretary create users from the app rather than from Keycloak alone; role assignment in the app was added in a second round after the design constraint was surfaced. THE DESIGN ALREADY SPECIFIED MOST OF IT, and this time the reference was checked BEFORE planning rather than after — the discipline that instance #7 (DEF-036/DEC-036, an hour earlier) cost a supersession to learn. ACMP Administration.dc.html §(8) USER DETAIL + INVITE fixes the two invite fields (email, full name), the primary action, and DECISIVELY a status vocabulary that ALREADY CONTAINS `invited` (active/invited/disabled) — so DEF-038 was never a new idea, it is an unbuilt part of the design. ⚠ DELIBERATE INV-014 DEVIATION, recorded not silent: the design note says 'the role is assigned there and synced read-only', and that note was doing real security work — an app that cannot write roles CANNOT ESCALATE PRIVILEGE, so the design removed that risk by construction. The operator has chosen in-app role assignment, so four guards replace it: no self-role-change; Administrator/Chairman grants are a separate confirmed step; the committee can never be left with zero Administrators; every change writes an attributed hash-chained audit event. Role changes FORCE SIGN-OUT so revocation is immediate rather than lingering to the 60-minute token timeout. ⚠ RESIDUAL RISK RAISED ONCE AND ACCEPTED: with the Secretary able to both invite AND assign, one person can go from nothing to a working privileged account alone — guard 1 blocks self-escalation but not granting Administrator to a second account they created, guard 2 is a speed bump, and guard 4 is DETECTION not prevention. Recorded on the row so it stays reviewable; same shape as DEC-035. DEC-033 SUPERSEDED: its outcome survives (the roster still shows invited-but-unseen, DEF-038 still closes) but its MECHANISM is dropped — a Keycloak admin READ is unnecessary once the app creates the accounts and owns the invite record. Accepted gap: accounts created directly in Keycloak, including the 26 existing production members, stay invisible until first login. CREDENTIAL DELIVERY is a temp password shown ONCE on screen, because 'no email in v1' is a hard constraint while the design's button says 'Send invitation'; it must never be stored, logged or exported — the make-roster-passwords.sh CSV of 26 temp passwords is precisely the hazard not to repeat. ARCHITECTURE NOTE carried into the ADR: Keycloak-create plus local-row is a distributed write and DEF-029 makes a member row undeletable, so a failed second write orphans PERMANENTLY — prefer writing Keycloak plus a lightweight invite record and leaving ProvisionCurrentUser (ADR-0004, JIT from claims) to create the member row on first login unchanged. ONE ADR covers this, DEC-037's guest invite and where guest expiry is stored, because all three share the client, the credential and the audit path. Full impact map (identity/backend/frontend/ops/verification, 18 items) is in the plan file. Nothing starts until the deploy chain completes.",PH-5,,2026-08-11T08:57:40Z,,
